operationKey,operationName,operationVerb,operationPath,operationKind,operationDefinition,resourceKey,resourceType,resourceInstancePath,resourceName
put|/subscriptions/{}/resourcegroups/{}/providers/microsoft.network/applicationsecuritygroups/{}/addressprefixsets/{},createOrUpdate,put,/subscriptions/{subscriptionId}/resourceGroups/{resourceGroupName}/providers/Microsoft.Network/applicationSecurityGroups/{applicationSecurityGroupName}/addressPrefixSets/{addressPrefixSetName},createOrUpdate,https://github.com/Azure/azure-rest-api-specs/blob/bf9983dd77d8691739ffac9160ff8bb93bd74288/specification/network/resource-manager/Microsoft.Network/Network/Network/AddressPrefixSet.tsp#L72,microsoft.network/applicationsecuritygroups/addressprefixsets|/subscriptions/{}/resourcegroups/{}/providers/microsoft.network/applicationsecuritygroups/{}/addressprefixsets/{},Microsoft.Network/applicationSecurityGroups/addressPrefixSets,/subscriptions/{subscriptionId}/resourceGroups/{resourceGroupName}/providers/Microsoft.Network/applicationSecurityGroups/{applicationSecurityGroupName}/addressPrefixSets/{addressPrefixSetName},AddressPrefixSet
delete|/subscriptions/{}/resourcegroups/{}/providers/microsoft.network/applicationsecuritygroups/{}/addressprefixsets/{},delete,delete,/subscriptions/{subscriptionId}/resourceGroups/{resourceGroupName}/providers/Microsoft.Network/applicationSecurityGroups/{applicationSecurityGroupName}/addressPrefixSets/{addressPrefixSetName},delete,https://github.com/Azure/azure-rest-api-specs/blob/bf9983dd77d8691739ffac9160ff8bb93bd74288/specification/network/resource-manager/Microsoft.Network/Network/Network/AddressPrefixSet.tsp#L82,microsoft.network/applicationsecuritygroups/addressprefixsets|/subscriptions/{}/resourcegroups/{}/providers/microsoft.network/applicationsecuritygroups/{}/addressprefixsets/{},Microsoft.Network/applicationSecurityGroups/addressPrefixSets,/subscriptions/{subscriptionId}/resourceGroups/{resourceGroupName}/providers/Microsoft.Network/applicationSecurityGroups/{applicationSecurityGroupName}/addressPrefixSets/{addressPrefixSetName},AddressPrefixSet
get|/subscriptions/{}/resourcegroups/{}/providers/microsoft.network/applicationsecuritygroups/{}/addressprefixsets/{},get,get,/subscriptions/{subscriptionId}/resourceGroups/{resourceGroupName}/providers/Microsoft.Network/applicationSecurityGroups/{applicationSecurityGroupName}/addressPrefixSets/{addressPrefixSetName},read,https://github.com/Azure/azure-rest-api-specs/blob/bf9983dd77d8691739ffac9160ff8bb93bd74288/specification/network/resource-manager/Microsoft.Network/Network/Network/AddressPrefixSet.tsp#L66,microsoft.network/applicationsecuritygroups/addressprefixsets|/subscriptions/{}/resourcegroups/{}/providers/microsoft.network/applicationsecuritygroups/{}/addressprefixsets/{},Microsoft.Network/applicationSecurityGroups/addressPrefixSets,/subscriptions/{subscriptionId}/resourceGroups/{resourceGroupName}/providers/Microsoft.Network/applicationSecurityGroups/{applicationSecurityGroupName}/addressPrefixSets/{addressPrefixSetName},AddressPrefixSet
get|/subscriptions/{}/resourcegroups/{}/providers/microsoft.network/applicationsecuritygroups/{}/addressprefixsets,list,get,/subscriptions/{subscriptionId}/resourceGroups/{resourceGroupName}/providers/Microsoft.Network/applicationSecurityGroups/{applicationSecurityGroupName}/addressPrefixSets,list,https://github.com/Azure/azure-rest-api-specs/blob/bf9983dd77d8691739ffac9160ff8bb93bd74288/specification/network/resource-manager/Microsoft.Network/Network/Network/AddressPrefixSet.tsp#L92,microsoft.network/applicationsecuritygroups/addressprefixsets|/subscriptions/{}/resourcegroups/{}/providers/microsoft.network/applicationsecuritygroups/{}/addressprefixsets/{},Microsoft.Network/applicationSecurityGroups/addressPrefixSets,/subscriptions/{subscriptionId}/resourceGroups/{resourceGroupName}/providers/Microsoft.Network/applicationSecurityGroups/{applicationSecurityGroupName}/addressPrefixSets/{addressPrefixSetName},AddressPrefixSet
put|/subscriptions/{}/resourcegroups/{}/providers/microsoft.network/networkmanagers/{}/securityadminconfigurations/{}/rulecollections/{},createOrUpdate,put,/subscriptions/{subscriptionId}/resourceGroups/{resourceGroupName}/providers/Microsoft.Network/networkManagers/{networkManagerName}/securityAdminConfigurations/{configurationName}/ruleCollections/{ruleCollectionName},createOrUpdate,https://github.com/Azure/azure-rest-api-specs/blob/bf9983dd77d8691739ffac9160ff8bb93bd74288/specification/network/resource-manager/Microsoft.Network/Network/Network/AdminRuleCollection.tsp#L54,microsoft.network/networkmanagers/securityadminconfigurations/rulecollections|/subscriptions/{}/resourcegroups/{}/providers/microsoft.network/networkmanagers/{}/securityadminconfigurations/{}/rulecollections/{},Microsoft.Network/networkManagers/securityAdminConfigurations/ruleCollections,/subscriptions/{subscriptionId}/resourceGroups/{resourceGroupName}/providers/Microsoft.Network/networkManagers/{networkManagerName}/securityAdminConfigurations/{configurationName}/ruleCollections/{ruleCollectionName},AdminRuleCollection
delete|/subscriptions/{}/resourcegroups/{}/providers/microsoft.network/networkmanagers/{}/securityadminconfigurations/{}/rulecollections/{},delete,delete,/subscriptions/{subscriptionId}/resourceGroups/{resourceGroupName}/providers/Microsoft.Network/networkManagers/{networkManagerName}/securityAdminConfigurations/{configurationName}/ruleCollections/{ruleCollectionName},delete,https://github.com/Azure/azure-rest-api-specs/blob/bf9983dd77d8691739ffac9160ff8bb93bd74288/specification/network/resource-manager/Microsoft.Network/Network/Network/AdminRuleCollection.tsp#L63,microsoft.network/networkmanagers/securityadminconfigurations/rulecollections|/subscriptions/{}/resourcegroups/{}/providers/microsoft.network/networkmanagers/{}/securityadminconfigurations/{}/rulecollections/{},Microsoft.Network/networkManagers/securityAdminConfigurations/ruleCollections,/subscriptions/{subscriptionId}/resourceGroups/{resourceGroupName}/providers/Microsoft.Network/networkManagers/{networkManagerName}/securityAdminConfigurations/{configurationName}/ruleCollections/{ruleCollectionName},AdminRuleCollection
get|/subscriptions/{}/resourcegroups/{}/providers/microsoft.network/networkmanagers/{}/securityadminconfigurations/{}/rulecollections/{},get,get,/subscriptions/{subscriptionId}/resourceGroups/{resourceGroupName}/providers/Microsoft.Network/networkManagers/{networkManagerName}/securityAdminConfigurations/{configurationName}/ruleCollections/{ruleCollectionName},read,https://github.com/Azure/azure-rest-api-specs/blob/bf9983dd77d8691739ffac9160ff8bb93bd74288/specification/network/resource-manager/Microsoft.Network/Network/Network/AdminRuleCollection.tsp#L49,microsoft.network/networkmanagers/securityadminconfigurations/rulecollections|/subscriptions/{}/resourcegroups/{}/providers/microsoft.network/networkmanagers/{}/securityadminconfigurations/{}/rulecollections/{},Microsoft.Network/networkManagers/securityAdminConfigurations/ruleCollections,/subscriptions/{subscriptionId}/resourceGroups/{resourceGroupName}/providers/Microsoft.Network/networkManagers/{networkManagerName}/securityAdminConfigurations/{configurationName}/ruleCollections/{ruleCollectionName},AdminRuleCollection
get|/subscriptions/{}/resourcegroups/{}/providers/microsoft.network/networkmanagers/{}/securityadminconfigurations/{}/rulecollections,list,get,/subscriptions/{subscriptionId}/resourceGroups/{resourceGroupName}/providers/Microsoft.Network/networkManagers/{networkManagerName}/securityAdminConfigurations/{configurationName}/ruleCollections,list,https://github.com/Azure/azure-rest-api-specs/blob/bf9983dd77d8691739ffac9160ff8bb93bd74288/specification/network/resource-manager/Microsoft.Network/Network/Network/AdminRuleCollection.tsp#L82,microsoft.network/networkmanagers/securityadminconfigurations/rulecollections|/subscriptions/{}/resourcegroups/{}/providers/microsoft.network/networkmanagers/{}/securityadminconfigurations/{}/rulecollections/{},Microsoft.Network/networkManagers/securityAdminConfigurations/ruleCollections,/subscriptions/{subscriptionId}/resourceGroups/{resourceGroupName}/providers/Microsoft.Network/networkManagers/{networkManagerName}/securityAdminConfigurations/{configurationName}/ruleCollections/{ruleCollectionName},AdminRuleCollection
get|/subscriptions/{}/resourcegroups/{}/providers/microsoft.network/applicationgateways/{}/privatelinkresources,applicationGatewayPrivateLinkResourcesList,get,/subscriptions/{subscriptionId}/resourceGroups/{resourceGroupName}/providers/Microsoft.Network/applicationGateways/{applicationGatewayName}/privateLinkResources,action,https://github.com/Azure/azure-rest-api-specs/blob/bf9983dd77d8691739ffac9160ff8bb93bd74288/specification/network/resource-manager/Microsoft.Network/Network/Network/ApplicationGateway.tsp#L181,microsoft.network/applicationgateways|/subscriptions/{}/resourcegroups/{}/providers/microsoft.network/applicationgateways/{},Microsoft.Network/applicationGateways,/subscriptions/{subscriptionId}/resourceGroups/{resourceGroupName}/providers/Microsoft.Network/applicationGateways/{applicationGatewayName},ApplicationGateway
post|/subscriptions/{}/resourcegroups/{}/providers/microsoft.network/applicationgateways/{}/backendhealth,backendHealth,post,/subscriptions/{subscriptionId}/resourceGroups/{resourceGroupName}/providers/Microsoft.Network/applicationGateways/{applicationGatewayName}/backendhealth,action,https://github.com/Azure/azure-rest-api-specs/blob/bf9983dd77d8691739ffac9160ff8bb93bd74288/specification/network/resource-manager/Microsoft.Network/Network/Network/ApplicationGateway.tsp#L141,microsoft.network/applicationgateways|/subscriptions/{}/resourcegroups/{}/providers/microsoft.network/applicationgateways/{},Microsoft.Network/applicationGateways,/subscriptions/{subscriptionId}/resourceGroups/{resourceGroupName}/providers/Microsoft.Network/applicationGateways/{applicationGatewayName},ApplicationGateway
post|/subscriptions/{}/resourcegroups/{}/providers/microsoft.network/applicationgateways/{}/getbackendhealthondemand,backendHealthOnDemand,post,/subscriptions/{subscriptionId}/resourceGroups/{resourceGroupName}/providers/Microsoft.Network/applicationGateways/{applicationGatewayName}/getBackendHealthOnDemand,action,https://github.com/Azure/azure-rest-api-specs/blob/bf9983dd77d8691739ffac9160ff8bb93bd74288/specification/network/resource-manager/Microsoft.Network/Network/Network/ApplicationGateway.tsp#L160,microsoft.network/applicationgateways|/subscriptions/{}/resourcegroups/{}/providers/microsoft.network/applicationgateways/{},Microsoft.Network/applicationGateways,/subscriptions/{subscriptionId}/resourceGroups/{resourceGroupName}/providers/Microsoft.Network/applicationGateways/{applicationGatewayName},ApplicationGateway
put|/subscriptions/{}/resourcegroups/{}/providers/microsoft.network/applicationgateways/{},createOrUpdate,put,/subscriptions/{subscriptionId}/resourceGroups/{resourceGroupName}/providers/Microsoft.Network/applicationGateways/{applicationGatewayName},createOrUpdate,https://github.com/Azure/azure-rest-api-specs/blob/bf9983dd77d8691739ffac9160ff8bb93bd74288/specification/network/resource-manager/Microsoft.Network/Network/Network/ApplicationGateway.tsp#L64,microsoft.network/applicationgateways|/subscriptions/{}/resourcegroups/{}/providers/microsoft.network/applicationgateways/{},Microsoft.Network/applicationGateways,/subscriptions/{subscriptionId}/resourceGroups/{resourceGroupName}/providers/Microsoft.Network/applicationGateways/{applicationGatewayName},ApplicationGateway
delete|/subscriptions/{}/resourcegroups/{}/providers/microsoft.network/applicationgateways/{},delete,delete,/subscriptions/{subscriptionId}/resourceGroups/{resourceGroupName}/providers/Microsoft.Network/applicationGateways/{applicationGatewayName},delete,https://github.com/Azure/azure-rest-api-specs/blob/bf9983dd77d8691739ffac9160ff8bb93bd74288/specification/network/resource-manager/Microsoft.Network/Network/Network/ApplicationGateway.tsp#L85,microsoft.network/applicationgateways|/subscriptions/{}/resourcegroups/{}/providers/microsoft.network/applicationgateways/{},Microsoft.Network/applicationGateways,/subscriptions/{subscriptionId}/resourceGroups/{resourceGroupName}/providers/Microsoft.Network/applicationGateways/{applicationGatewayName},ApplicationGateway
get|/subscriptions/{}/resourcegroups/{}/providers/microsoft.network/applicationgateways/{},get,get,/subscriptions/{subscriptionId}/resourceGroups/{resourceGroupName}/providers/Microsoft.Network/applicationGateways/{applicationGatewayName},read,https://github.com/Azure/azure-rest-api-specs/blob/bf9983dd77d8691739ffac9160ff8bb93bd74288/specification/network/resource-manager/Microsoft.Network/Network/Network/ApplicationGateway.tsp#L58,microsoft.network/applicationgateways|/subscriptions/{}/resourcegroups/{}/providers/microsoft.network/applicationgateways/{},Microsoft.Network/applicationGateways,/subscriptions/{subscriptionId}/resourceGroups/{resourceGroupName}/providers/Microsoft.Network/applicationGateways/{applicationGatewayName},ApplicationGateway
get|/subscriptions/{}/resourcegroups/{}/providers/microsoft.network/applicationgateways,list,get,/subscriptions/{subscriptionId}/resourceGroups/{resourceGroupName}/providers/Microsoft.Network/applicationGateways,list,https://github.com/Azure/azure-rest-api-specs/blob/bf9983dd77d8691739ffac9160ff8bb93bd74288/specification/network/resource-manager/Microsoft.Network/Network/Network/ApplicationGateway.tsp#L98,microsoft.network/applicationgateways|/subscriptions/{}/resourcegroups/{}/providers/microsoft.network/applicationgateways/{},Microsoft.Network/applicationGateways,/subscriptions/{subscriptionId}/resourceGroups/{resourceGroupName}/providers/Microsoft.Network/applicationGateways/{applicationGatewayName},ApplicationGateway
get|/subscriptions/{}/providers/microsoft.network/applicationgateways,listAll,get,/subscriptions/{subscriptionId}/providers/Microsoft.Network/applicationGateways,list,https://github.com/Azure/azure-rest-api-specs/blob/bf9983dd77d8691739ffac9160ff8bb93bd74288/specification/network/resource-manager/Microsoft.Network/Network/Network/ApplicationGateway.tsp#L104,microsoft.network/applicationgateways|/subscriptions/{}/resourcegroups/{}/providers/microsoft.network/applicationgateways/{},Microsoft.Network/applicationGateways,/subscriptions/{subscriptionId}/resourceGroups/{resourceGroupName}/providers/Microsoft.Network/applicationGateways/{applicationGatewayName},ApplicationGateway
post|/subscriptions/{}/resourcegroups/{}/providers/microsoft.network/applicationgateways/{}/start,start,post,/subscriptions/{subscriptionId}/resourceGroups/{resourceGroupName}/providers/Microsoft.Network/applicationGateways/{applicationGatewayName}/start,action,https://github.com/Azure/azure-rest-api-specs/blob/bf9983dd77d8691739ffac9160ff8bb93bd74288/specification/network/resource-manager/Microsoft.Network/Network/Network/ApplicationGateway.tsp#L110,microsoft.network/applicationgateways|/subscriptions/{}/resourcegroups/{}/providers/microsoft.network/applicationgateways/{},Microsoft.Network/applicationGateways,/subscriptions/{subscriptionId}/resourceGroups/{resourceGroupName}/providers/Microsoft.Network/applicationGateways/{applicationGatewayName},ApplicationGateway
post|/subscriptions/{}/resourcegroups/{}/providers/microsoft.network/applicationgateways/{}/stop,stop,post,/subscriptions/{subscriptionId}/resourceGroups/{resourceGroupName}/providers/Microsoft.Network/applicationGateways/{applicationGatewayName}/stop,action,https://github.com/Azure/azure-rest-api-specs/blob/bf9983dd77d8691739ffac9160ff8bb93bd74288/specification/network/resource-manager/Microsoft.Network/Network/Network/ApplicationGateway.tsp#L125,microsoft.network/applicationgateways|/subscriptions/{}/resourcegroups/{}/providers/microsoft.network/applicationgateways/{},Microsoft.Network/applicationGateways,/subscriptions/{subscriptionId}/resourceGroups/{resourceGroupName}/providers/Microsoft.Network/applicationGateways/{applicationGatewayName},ApplicationGateway
patch|/subscriptions/{}/resourcegroups/{}/providers/microsoft.network/applicationgateways/{},updateTags,patch,/subscriptions/{subscriptionId}/resourceGroups/{resourceGroupName}/providers/Microsoft.Network/applicationGateways/{applicationGatewayName},update,https://github.com/Azure/azure-rest-api-specs/blob/bf9983dd77d8691739ffac9160ff8bb93bd74288/specification/network/resource-manager/Microsoft.Network/Network/Network/ApplicationGateway.tsp#L74,microsoft.network/applicationgateways|/subscriptions/{}/resourcegroups/{}/providers/microsoft.network/applicationgateways/{},Microsoft.Network/applicationGateways,/subscriptions/{subscriptionId}/resourceGroups/{resourceGroupName}/providers/Microsoft.Network/applicationGateways/{applicationGatewayName},ApplicationGateway
get|/subscriptions/{}/providers/microsoft.network/applicationgatewayavailablessloptions/default/predefinedpolicies/{},getSslPredefinedPolicy,get,/subscriptions/{subscriptionId}/providers/Microsoft.Network/applicationGatewayAvailableSslOptions/default/predefinedPolicies/{predefinedPolicyName},action,https://github.com/Azure/azure-rest-api-specs/blob/bf9983dd77d8691739ffac9160ff8bb93bd74288/specification/network/resource-manager/Microsoft.Network/Network/Network/ApplicationGatewayAvailableSslOptions.tsp#L91,microsoft.network/applicationgatewayavailablessloptions|/subscriptions/{}/providers/microsoft.network/applicationgatewayavailablessloptions/default,Microsoft.Network/applicationGatewayAvailableSslOptions,/subscriptions/{subscriptionId}/providers/Microsoft.Network/applicationGatewayAvailableSslOptions/default,ApplicationGatewayAvailableSslOptions
get|/subscriptions/{}/providers/microsoft.network/applicationgatewayavailablessloptions/default,listAvailableSslOptions,get,/subscriptions/{subscriptionId}/providers/Microsoft.Network/applicationGatewayAvailableSslOptions/default,read,https://github.com/Azure/azure-rest-api-specs/blob/bf9983dd77d8691739ffac9160ff8bb93bd74288/specification/network/resource-manager/Microsoft.Network/Network/Network/ApplicationGatewayAvailableSslOptions.tsp#L63,microsoft.network/applicationgatewayavailablessloptions|/subscriptions/{}/providers/microsoft.network/applicationgatewayavailablessloptions/default,Microsoft.Network/applicationGatewayAvailableSslOptions,/subscriptions/{subscriptionId}/providers/Microsoft.Network/applicationGatewayAvailableSslOptions/default,ApplicationGatewayAvailableSslOptions
get|/subscriptions/{}/providers/microsoft.network/applicationgatewayavailablessloptions/default/predefinedpolicies,listAvailableSslPredefinedPolicies,get,/subscriptions/{subscriptionId}/providers/Microsoft.Network/applicationGatewayAvailableSslOptions/default/predefinedPolicies,action,https://github.com/Azure/azure-rest-api-specs/blob/bf9983dd77d8691739ffac9160ff8bb93bd74288/specification/network/resource-manager/Microsoft.Network/Network/Network/ApplicationGatewayAvailableSslOptions.tsp#L77,microsoft.network/applicationgatewayavailablessloptions|/subscriptions/{}/providers/microsoft.network/applicationgatewayavailablessloptions/default,Microsoft.Network/applicationGatewayAvailableSslOptions,/subscriptions/{subscriptionId}/providers/Microsoft.Network/applicationGatewayAvailableSslOptions/default,ApplicationGatewayAvailableSslOptions
delete|/subscriptions/{}/resourcegroups/{}/providers/microsoft.network/applicationgateways/{}/privateendpointconnections/{},delete,delete,/subscriptions/{subscriptionId}/resourceGroups/{resourceGroupName}/providers/Microsoft.Network/applicationGateways/{applicationGatewayName}/privateEndpointConnections/{connectionName},delete,https://github.com/Azure/azure-rest-api-specs/blob/bf9983dd77d8691739ffac9160ff8bb93bd74288/specification/network/resource-manager/Microsoft.Network/Network/Network/ApplicationGatewayPrivateEndpointConnection.tsp#L71,microsoft.network/applicationgateways/privateendpointconnections|/subscriptions/{}/resourcegroups/{}/providers/microsoft.network/applicationgateways/{}/privateendpointconnections/{},Microsoft.Network/applicationGateways/privateEndpointConnections,/subscriptions/{subscriptionId}/resourceGroups/{resourceGroupName}/providers/Microsoft.Network/applicationGateways/{applicationGatewayName}/privateEndpointConnections/{connectionName},ApplicationGatewayPrivateEndpointConnection
get|/subscriptions/{}/resourcegroups/{}/providers/microsoft.network/applicationgateways/{}/privateendpointconnections/{},get,get,/subscriptions/{subscriptionId}/resourceGroups/{resourceGroupName}/providers/Microsoft.Network/applicationGateways/{applicationGatewayName}/privateEndpointConnections/{connectionName},read,https://github.com/Azure/azure-rest-api-specs/blob/bf9983dd77d8691739ffac9160ff8bb93bd74288/specification/network/resource-manager/Microsoft.Network/Network/Network/ApplicationGatewayPrivateEndpointConnection.tsp#L48,microsoft.network/applicationgateways/privateendpointconnections|/subscriptions/{}/resourcegroups/{}/providers/microsoft.network/applicationgateways/{}/privateendpointconnections/{},Microsoft.Network/applicationGateways/privateEndpointConnections,/subscriptions/{subscriptionId}/resourceGroups/{resourceGroupName}/providers/Microsoft.Network/applicationGateways/{applicationGatewayName}/privateEndpointConnections/{connectionName},ApplicationGatewayPrivateEndpointConnection
get|/subscriptions/{}/resourcegroups/{}/providers/microsoft.network/applicationgateways/{}/privateendpointconnections,list,get,/subscriptions/{subscriptionId}/resourceGroups/{resourceGroupName}/providers/Microsoft.Network/applicationGateways/{applicationGatewayName}/privateEndpointConnections,list,https://github.com/Azure/azure-rest-api-specs/blob/bf9983dd77d8691739ffac9160ff8bb93bd74288/specification/network/resource-manager/Microsoft.Network/Network/Network/ApplicationGatewayPrivateEndpointConnection.tsp#L83,microsoft.network/applicationgateways/privateendpointconnections|/subscriptions/{}/resourcegroups/{}/providers/microsoft.network/applicationgateways/{}/privateendpointconnections/{},Microsoft.Network/applicationGateways/privateEndpointConnections,/subscriptions/{subscriptionId}/resourceGroups/{resourceGroupName}/providers/Microsoft.Network/applicationGateways/{applicationGatewayName}/privateEndpointConnections/{connectionName},ApplicationGatewayPrivateEndpointConnection
put|/subscriptions/{}/resourcegroups/{}/providers/microsoft.network/applicationgateways/{}/privateendpointconnections/{},update,put,/subscriptions/{subscriptionId}/resourceGroups/{resourceGroupName}/providers/Microsoft.Network/applicationGateways/{applicationGatewayName}/privateEndpointConnections/{connectionName},createOrUpdate,https://github.com/Azure/azure-rest-api-specs/blob/bf9983dd77d8691739ffac9160ff8bb93bd74288/specification/network/resource-manager/Microsoft.Network/Network/Network/ApplicationGatewayPrivateEndpointConnection.tsp#L58,microsoft.network/applicationgateways/privateendpointconnections|/subscriptions/{}/resourcegroups/{}/providers/microsoft.network/applicationgateways/{}/privateendpointconnections/{},Microsoft.Network/applicationGateways/privateEndpointConnections,/subscriptions/{subscriptionId}/resourceGroups/{resourceGroupName}/providers/Microsoft.Network/applicationGateways/{applicationGatewayName}/privateEndpointConnections/{connectionName},ApplicationGatewayPrivateEndpointConnection
put|/subscriptions/{}/resourcegroups/{}/providers/microsoft.network/authenticationpolicies/{},createOrUpdate,put,/subscriptions/{subscriptionId}/resourceGroups/{resourceGroupName}/providers/Microsoft.Network/authenticationPolicies/{authenticationPolicyName},createOrUpdate,https://github.com/Azure/azure-rest-api-specs/blob/bf9983dd77d8691739ffac9160ff8bb93bd74288/specification/network/resource-manager/Microsoft.Network/Network/Network/AuthenticationPolicy.tsp#L195,microsoft.network/authenticationpolicies|/subscriptions/{}/resourcegroups/{}/providers/microsoft.network/authenticationpolicies/{},Microsoft.Network/authenticationPolicies,/subscriptions/{subscriptionId}/resourceGroups/{resourceGroupName}/providers/Microsoft.Network/authenticationPolicies/{authenticationPolicyName},AuthenticationPolicy
delete|/subscriptions/{}/resourcegroups/{}/providers/microsoft.network/authenticationpolicies/{},delete,delete,/subscriptions/{subscriptionId}/resourceGroups/{resourceGroupName}/providers/Microsoft.Network/authenticationPolicies/{authenticationPolicyName},delete,https://github.com/Azure/azure-rest-api-specs/blob/bf9983dd77d8691739ffac9160ff8bb93bd74288/specification/network/resource-manager/Microsoft.Network/Network/Network/AuthenticationPolicy.tsp#L215,microsoft.network/authenticationpolicies|/subscriptions/{}/resourcegroups/{}/providers/microsoft.network/authenticationpolicies/{},Microsoft.Network/authenticationPolicies,/subscriptions/{subscriptionId}/resourceGroups/{resourceGroupName}/providers/Microsoft.Network/authenticationPolicies/{authenticationPolicyName},AuthenticationPolicy
get|/subscriptions/{}/resourcegroups/{}/providers/microsoft.network/authenticationpolicies/{},get,get,/subscriptions/{subscriptionId}/resourceGroups/{resourceGroupName}/providers/Microsoft.Network/authenticationPolicies/{authenticationPolicyName},read,https://github.com/Azure/azure-rest-api-specs/blob/bf9983dd77d8691739ffac9160ff8bb93bd74288/specification/network/resource-manager/Microsoft.Network/Network/Network/AuthenticationPolicy.tsp#L189,microsoft.network/authenticationpolicies|/subscriptions/{}/resourcegroups/{}/providers/microsoft.network/authenticationpolicies/{},Microsoft.Network/authenticationPolicies,/subscriptions/{subscriptionId}/resourceGroups/{resourceGroupName}/providers/Microsoft.Network/authenticationPolicies/{authenticationPolicyName},AuthenticationPolicy
get|/subscriptions/{}/resourcegroups/{}/providers/microsoft.network/authenticationpolicies,list,get,/subscriptions/{subscriptionId}/resourceGroups/{resourceGroupName}/providers/Microsoft.Network/authenticationPolicies,list,https://github.com/Azure/azure-rest-api-specs/blob/bf9983dd77d8691739ffac9160ff8bb93bd74288/specification/network/resource-manager/Microsoft.Network/Network/Network/AuthenticationPolicy.tsp#L221,microsoft.network/authenticationpolicies|/subscriptions/{}/resourcegroups/{}/providers/microsoft.network/authenticationpolicies/{},Microsoft.Network/authenticationPolicies,/subscriptions/{subscriptionId}/resourceGroups/{resourceGroupName}/providers/Microsoft.Network/authenticationPolicies/{authenticationPolicyName},AuthenticationPolicy
get|/subscriptions/{}/providers/microsoft.network/authenticationpolicies,listAll,get,/subscriptions/{subscriptionId}/providers/Microsoft.Network/authenticationPolicies,list,https://github.com/Azure/azure-rest-api-specs/blob/bf9983dd77d8691739ffac9160ff8bb93bd74288/specification/network/resource-manager/Microsoft.Network/Network/Network/AuthenticationPolicy.tsp#L227,microsoft.network/authenticationpolicies|/subscriptions/{}/resourcegroups/{}/providers/microsoft.network/authenticationpolicies/{},Microsoft.Network/authenticationPolicies,/subscriptions/{subscriptionId}/resourceGroups/{resourceGroupName}/providers/Microsoft.Network/authenticationPolicies/{authenticationPolicyName},AuthenticationPolicy
patch|/subscriptions/{}/resourcegroups/{}/providers/microsoft.network/authenticationpolicies/{},update,patch,/subscriptions/{subscriptionId}/resourceGroups/{resourceGroupName}/providers/Microsoft.Network/authenticationPolicies/{authenticationPolicyName},update,https://github.com/Azure/azure-rest-api-specs/blob/bf9983dd77d8691739ffac9160ff8bb93bd74288/specification/network/resource-manager/Microsoft.Network/Network/Network/AuthenticationPolicy.tsp#L205,microsoft.network/authenticationpolicies|/subscriptions/{}/resourcegroups/{}/providers/microsoft.network/authenticationpolicies/{},Microsoft.Network/authenticationPolicies,/subscriptions/{subscriptionId}/resourceGroups/{resourceGroupName}/providers/Microsoft.Network/authenticationPolicies/{authenticationPolicyName},AuthenticationPolicy
put|/subscriptions/{}/resourcegroups/{}/providers/microsoft.network/azurefirewalls/{},createOrUpdate,put,/subscriptions/{subscriptionId}/resourceGroups/{resourceGroupName}/providers/Microsoft.Network/azureFirewalls/{azureFirewallName},createOrUpdate,https://github.com/Azure/azure-rest-api-specs/blob/bf9983dd77d8691739ffac9160ff8bb93bd74288/specification/network/resource-manager/Microsoft.Network/Network/Network/AzureFirewall.tsp#L65,microsoft.network/azurefirewalls|/subscriptions/{}/resourcegroups/{}/providers/microsoft.network/azurefirewalls/{},Microsoft.Network/azureFirewalls,/subscriptions/{subscriptionId}/resourceGroups/{resourceGroupName}/providers/Microsoft.Network/azureFirewalls/{azureFirewallName},AzureFirewall
delete|/subscriptions/{}/resourcegroups/{}/providers/microsoft.network/azurefirewalls/{},delete,delete,/subscriptions/{subscriptionId}/resourceGroups/{resourceGroupName}/providers/Microsoft.Network/azureFirewalls/{azureFirewallName},delete,https://github.com/Azure/azure-rest-api-specs/blob/bf9983dd77d8691739ffac9160ff8bb93bd74288/specification/network/resource-manager/Microsoft.Network/Network/Network/AzureFirewall.tsp#L97,microsoft.network/azurefirewalls|/subscriptions/{}/resourcegroups/{}/providers/microsoft.network/azurefirewalls/{},Microsoft.Network/azureFirewalls,/subscriptions/{subscriptionId}/resourceGroups/{resourceGroupName}/providers/Microsoft.Network/azureFirewalls/{azureFirewallName},AzureFirewall
get|/subscriptions/{}/resourcegroups/{}/providers/microsoft.network/azurefirewalls/{},get,get,/subscriptions/{subscriptionId}/resourceGroups/{resourceGroupName}/providers/Microsoft.Network/azureFirewalls/{azureFirewallName},read,https://github.com/Azure/azure-rest-api-specs/blob/bf9983dd77d8691739ffac9160ff8bb93bd74288/specification/network/resource-manager/Microsoft.Network/Network/Network/AzureFirewall.tsp#L59,microsoft.network/azurefirewalls|/subscriptions/{}/resourcegroups/{}/providers/microsoft.network/azurefirewalls/{},Microsoft.Network/azureFirewalls,/subscriptions/{subscriptionId}/resourceGroups/{resourceGroupName}/providers/Microsoft.Network/azureFirewalls/{azureFirewallName},AzureFirewall
get|/subscriptions/{}/resourcegroups/{}/providers/microsoft.network/azurefirewalls,list,get,/subscriptions/{subscriptionId}/resourceGroups/{resourceGroupName}/providers/Microsoft.Network/azureFirewalls,list,https://github.com/Azure/azure-rest-api-specs/blob/bf9983dd77d8691739ffac9160ff8bb93bd74288/specification/network/resource-manager/Microsoft.Network/Network/Network/AzureFirewall.tsp#L110,microsoft.network/azurefirewalls|/subscriptions/{}/resourcegroups/{}/providers/microsoft.network/azurefirewalls/{},Microsoft.Network/azureFirewalls,/subscriptions/{subscriptionId}/resourceGroups/{resourceGroupName}/providers/Microsoft.Network/azureFirewalls/{azureFirewallName},AzureFirewall
get|/subscriptions/{}/providers/microsoft.network/azurefirewalls,listAll,get,/subscriptions/{subscriptionId}/providers/Microsoft.Network/azureFirewalls,list,https://github.com/Azure/azure-rest-api-specs/blob/bf9983dd77d8691739ffac9160ff8bb93bd74288/specification/network/resource-manager/Microsoft.Network/Network/Network/AzureFirewall.tsp#L116,microsoft.network/azurefirewalls|/subscriptions/{}/resourcegroups/{}/providers/microsoft.network/azurefirewalls/{},Microsoft.Network/azureFirewalls,/subscriptions/{subscriptionId}/resourceGroups/{resourceGroupName}/providers/Microsoft.Network/azureFirewalls/{azureFirewallName},AzureFirewall
post|/subscriptions/{}/resourcegroups/{}/providers/microsoft.network/azurefirewalls/{}/learnedipprefixes,listLearnedPrefixes,post,/subscriptions/{subscriptionId}/resourceGroups/{resourceGroupName}/providers/Microsoft.Network/azureFirewalls/{azureFirewallName}/learnedIPPrefixes,action,https://github.com/Azure/azure-rest-api-specs/blob/bf9983dd77d8691739ffac9160ff8bb93bd74288/specification/network/resource-manager/Microsoft.Network/Network/Network/AzureFirewall.tsp#L122,microsoft.network/azurefirewalls|/subscriptions/{}/resourcegroups/{}/providers/microsoft.network/azurefirewalls/{},Microsoft.Network/azureFirewalls,/subscriptions/{subscriptionId}/resourceGroups/{resourceGroupName}/providers/Microsoft.Network/azureFirewalls/{azureFirewallName},AzureFirewall
post|/subscriptions/{}/resourcegroups/{}/providers/microsoft.network/azurefirewalls/{}/packetcapture,packetCapture,post,/subscriptions/{subscriptionId}/resourceGroups/{resourceGroupName}/providers/Microsoft.Network/azureFirewalls/{azureFirewallName}/packetCapture,action,https://github.com/Azure/azure-rest-api-specs/blob/bf9983dd77d8691739ffac9160ff8bb93bd74288/specification/network/resource-manager/Microsoft.Network/Network/Network/AzureFirewall.tsp#L133,microsoft.network/azurefirewalls|/subscriptions/{}/resourcegroups/{}/providers/microsoft.network/azurefirewalls/{},Microsoft.Network/azureFirewalls,/subscriptions/{subscriptionId}/resourceGroups/{resourceGroupName}/providers/Microsoft.Network/azureFirewalls/{azureFirewallName},AzureFirewall
post|/subscriptions/{}/resourcegroups/{}/providers/microsoft.network/azurefirewalls/{}/packetcaptureoperation,packetCaptureOperation,post,/subscriptions/{subscriptionId}/resourceGroups/{resourceGroupName}/providers/Microsoft.Network/azureFirewalls/{azureFirewallName}/packetCaptureOperation,action,https://github.com/Azure/azure-rest-api-specs/blob/bf9983dd77d8691739ffac9160ff8bb93bd74288/specification/network/resource-manager/Microsoft.Network/Network/Network/AzureFirewall.tsp#L145,microsoft.network/azurefirewalls|/subscriptions/{}/resourcegroups/{}/providers/microsoft.network/azurefirewalls/{},Microsoft.Network/azureFirewalls,/subscriptions/{subscriptionId}/resourceGroups/{resourceGroupName}/providers/Microsoft.Network/azureFirewalls/{azureFirewallName},AzureFirewall
patch|/subscriptions/{}/resourcegroups/{}/providers/microsoft.network/azurefirewalls/{},updateTags,patch,/subscriptions/{subscriptionId}/resourceGroups/{resourceGroupName}/providers/Microsoft.Network/azureFirewalls/{azureFirewallName},update,https://github.com/Azure/azure-rest-api-specs/blob/bf9983dd77d8691739ffac9160ff8bb93bd74288/specification/network/resource-manager/Microsoft.Network/Network/Network/AzureFirewall.tsp#L84,microsoft.network/azurefirewalls|/subscriptions/{}/resourcegroups/{}/providers/microsoft.network/azurefirewalls/{},Microsoft.Network/azureFirewalls,/subscriptions/{subscriptionId}/resourceGroups/{resourceGroupName}/providers/Microsoft.Network/azureFirewalls/{azureFirewallName},AzureFirewall
get|/subscriptions/{}/providers/microsoft.network/azurewebcategories/{},get,get,/subscriptions/{subscriptionId}/providers/Microsoft.Network/azureWebCategories/{name},read,https://github.com/Azure/azure-rest-api-specs/blob/bf9983dd77d8691739ffac9160ff8bb93bd74288/specification/network/resource-manager/Microsoft.Network/Network/Network/AzureWebCategory.tsp#L49,microsoft.network/azurewebcategories|/subscriptions/{}/providers/microsoft.network/azurewebcategories/{},Microsoft.Network/azureWebCategories,/subscriptions/{subscriptionId}/providers/Microsoft.Network/azureWebCategories/{name},AzureWebCategory
get|/subscriptions/{}/providers/microsoft.network/azurewebcategories,listBySubscription,get,/subscriptions/{subscriptionId}/providers/Microsoft.Network/azureWebCategories,list,https://github.com/Azure/azure-rest-api-specs/blob/bf9983dd77d8691739ffac9160ff8bb93bd74288/specification/network/resource-manager/Microsoft.Network/Network/Network/AzureWebCategory.tsp#L66,microsoft.network/azurewebcategories|/subscriptions/{}/providers/microsoft.network/azurewebcategories/{},Microsoft.Network/azureWebCategories,/subscriptions/{subscriptionId}/providers/Microsoft.Network/azureWebCategories/{name},AzureWebCategory
put|/subscriptions/{}/resourcegroups/{}/providers/microsoft.network/networkmanagers/{}/securityadminconfigurations/{}/rulecollections/{}/rules/{},createOrUpdate,put,/subscriptions/{subscriptionId}/resourceGroups/{resourceGroupName}/providers/Microsoft.Network/networkManagers/{networkManagerName}/securityAdminConfigurations/{configurationName}/ruleCollections/{ruleCollectionName}/rules/{ruleName},createOrUpdate,https://github.com/Azure/azure-rest-api-specs/blob/bf9983dd77d8691739ffac9160ff8bb93bd74288/specification/network/resource-manager/Microsoft.Network/Network/Network/BaseAdminRule.tsp#L63,microsoft.network/networkmanagers/securityadminconfigurations/rulecollections/rules|/subscriptions/{}/resourcegroups/{}/providers/microsoft.network/networkmanagers/{}/securityadminconfigurations/{}/rulecollections/{}/rules/{},Microsoft.Network/networkManagers/securityAdminConfigurations/ruleCollections/rules,/subscriptions/{subscriptionId}/resourceGroups/{resourceGroupName}/providers/Microsoft.Network/networkManagers/{networkManagerName}/securityAdminConfigurations/{configurationName}/ruleCollections/{ruleCollectionName}/rules/{ruleName},BaseAdminRule
delete|/subscriptions/{}/resourcegroups/{}/providers/microsoft.network/networkmanagers/{}/securityadminconfigurations/{}/rulecollections/{}/rules/{},delete,delete,/subscriptions/{subscriptionId}/resourceGroups/{resourceGroupName}/providers/Microsoft.Network/networkManagers/{networkManagerName}/securityAdminConfigurations/{configurationName}/ruleCollections/{ruleCollectionName}/rules/{ruleName},delete,https://github.com/Azure/azure-rest-api-specs/blob/bf9983dd77d8691739ffac9160ff8bb93bd74288/specification/network/resource-manager/Microsoft.Network/Network/Network/BaseAdminRule.tsp#L73,microsoft.network/networkmanagers/securityadminconfigurations/rulecollections/rules|/subscriptions/{}/resourcegroups/{}/providers/microsoft.network/networkmanagers/{}/securityadminconfigurations/{}/rulecollections/{}/rules/{},Microsoft.Network/networkManagers/securityAdminConfigurations/ruleCollections/rules,/subscriptions/{subscriptionId}/resourceGroups/{resourceGroupName}/providers/Microsoft.Network/networkManagers/{networkManagerName}/securityAdminConfigurations/{configurationName}/ruleCollections/{ruleCollectionName}/rules/{ruleName},BaseAdminRule
get|/subscriptions/{}/resourcegroups/{}/providers/microsoft.network/networkmanagers/{}/securityadminconfigurations/{}/rulecollections/{}/rules/{},get,get,/subscriptions/{subscriptionId}/resourceGroups/{resourceGroupName}/providers/Microsoft.Network/networkManagers/{networkManagerName}/securityAdminConfigurations/{configurationName}/ruleCollections/{ruleCollectionName}/rules/{ruleName},read,https://github.com/Azure/azure-rest-api-specs/blob/bf9983dd77d8691739ffac9160ff8bb93bd74288/specification/network/resource-manager/Microsoft.Network/Network/Network/BaseAdminRule.tsp#L57,microsoft.network/networkmanagers/securityadminconfigurations/rulecollections/rules|/subscriptions/{}/resourcegroups/{}/providers/microsoft.network/networkmanagers/{}/securityadminconfigurations/{}/rulecollections/{}/rules/{},Microsoft.Network/networkManagers/securityAdminConfigurations/ruleCollections/rules,/subscriptions/{subscriptionId}/resourceGroups/{resourceGroupName}/providers/Microsoft.Network/networkManagers/{networkManagerName}/securityAdminConfigurations/{configurationName}/ruleCollections/{ruleCollectionName}/rules/{ruleName},BaseAdminRule
get|/subscriptions/{}/resourcegroups/{}/providers/microsoft.network/networkmanagers/{}/securityadminconfigurations/{}/rulecollections/{}/rules,list,get,/subscriptions/{subscriptionId}/resourceGroups/{resourceGroupName}/providers/Microsoft.Network/networkManagers/{networkManagerName}/securityAdminConfigurations/{configurationName}/ruleCollections/{ruleCollectionName}/rules,list,https://github.com/Azure/azure-rest-api-specs/blob/bf9983dd77d8691739ffac9160ff8bb93bd74288/specification/network/resource-manager/Microsoft.Network/Network/Network/BaseAdminRule.tsp#L93,microsoft.network/networkmanagers/securityadminconfigurations/rulecollections/rules|/subscriptions/{}/resourcegroups/{}/providers/microsoft.network/networkmanagers/{}/securityadminconfigurations/{}/rulecollections/{}/rules/{},Microsoft.Network/networkManagers/securityAdminConfigurations/ruleCollections/rules,/subscriptions/{subscriptionId}/resourceGroups/{resourceGroupName}/providers/Microsoft.Network/networkManagers/{networkManagerName}/securityAdminConfigurations/{configurationName}/ruleCollections/{ruleCollectionName}/rules/{ruleName},BaseAdminRule
put|/subscriptions/{}/resourcegroups/{}/providers/microsoft.network/bastionhosts/{},createOrUpdate,put,/subscriptions/{subscriptionId}/resourceGroups/{resourceGroupName}/providers/Microsoft.Network/bastionHosts/{bastionHostName},createOrUpdate,https://github.com/Azure/azure-rest-api-specs/blob/bf9983dd77d8691739ffac9160ff8bb93bd74288/specification/network/resource-manager/Microsoft.Network/Network/Network/BastionHost.tsp#L69,microsoft.network/bastionhosts|/subscriptions/{}/resourcegroups/{}/providers/microsoft.network/bastionhosts/{},Microsoft.Network/bastionHosts,/subscriptions/{subscriptionId}/resourceGroups/{resourceGroupName}/providers/Microsoft.Network/bastionHosts/{bastionHostName},BastionHost
delete|/subscriptions/{}/resourcegroups/{}/providers/microsoft.network/bastionhosts/{},delete,delete,/subscriptions/{subscriptionId}/resourceGroups/{resourceGroupName}/providers/Microsoft.Network/bastionHosts/{bastionHostName},delete,https://github.com/Azure/azure-rest-api-specs/blob/bf9983dd77d8691739ffac9160ff8bb93bd74288/specification/network/resource-manager/Microsoft.Network/Network/Network/BastionHost.tsp#L109,microsoft.network/bastionhosts|/subscriptions/{}/resourcegroups/{}/providers/microsoft.network/bastionhosts/{},Microsoft.Network/bastionHosts,/subscriptions/{subscriptionId}/resourceGroups/{resourceGroupName}/providers/Microsoft.Network/bastionHosts/{bastionHostName},BastionHost
post|/subscriptions/{}/resourcegroups/{}/providers/microsoft.network/bastionhosts/{}/deleteshareablelinks,deleteBastionShareableLink,post,/subscriptions/{subscriptionId}/resourceGroups/{resourceGroupName}/providers/Microsoft.Network/bastionHosts/{bastionHostName}/deleteShareableLinks,action,https://github.com/Azure/azure-rest-api-specs/blob/bf9983dd77d8691739ffac9160ff8bb93bd74288/specification/network/resource-manager/Microsoft.Network/Network/Network/BastionHost.tsp#L155,microsoft.network/bastionhosts|/subscriptions/{}/resourcegroups/{}/providers/microsoft.network/bastionhosts/{},Microsoft.Network/bastionHosts,/subscriptions/{subscriptionId}/resourceGroups/{resourceGroupName}/providers/Microsoft.Network/bastionHosts/{bastionHostName},BastionHost
post|/subscriptions/{}/resourcegroups/{}/providers/microsoft.network/bastionhosts/{}/deleteshareablelinksbytoken,deleteBastionShareableLinkByToken,post,/subscriptions/{subscriptionId}/resourceGroups/{resourceGroupName}/providers/Microsoft.Network/bastionHosts/{bastionHostName}/deleteShareableLinksByToken,action,https://github.com/Azure/azure-rest-api-specs/blob/bf9983dd77d8691739ffac9160ff8bb93bd74288/specification/network/resource-manager/Microsoft.Network/Network/Network/BastionHost.tsp#L174,microsoft.network/bastionhosts|/subscriptions/{}/resourcegroups/{}/providers/microsoft.network/bastionhosts/{},Microsoft.Network/bastionHosts,/subscriptions/{subscriptionId}/resourceGroups/{resourceGroupName}/providers/Microsoft.Network/bastionHosts/{bastionHostName},BastionHost
post|/subscriptions/{}/resourcegroups/{}/providers/microsoft.network/bastionhosts/{}/disconnectactivesessions,disconnectActiveSessions,post,/subscriptions/{subscriptionId}/resourceGroups/{resourceGroupName}/providers/Microsoft.Network/bastionHosts/{bastionHostName}/disconnectActiveSessions,action,https://github.com/Azure/azure-rest-api-specs/blob/bf9983dd77d8691739ffac9160ff8bb93bd74288/specification/network/resource-manager/Microsoft.Network/Network/Network/BastionHost.tsp#L217,microsoft.network/bastionhosts|/subscriptions/{}/resourcegroups/{}/providers/microsoft.network/bastionhosts/{},Microsoft.Network/bastionHosts,/subscriptions/{subscriptionId}/resourceGroups/{resourceGroupName}/providers/Microsoft.Network/bastionHosts/{bastionHostName},BastionHost
get|/subscriptions/{}/resourcegroups/{}/providers/microsoft.network/bastionhosts/{},get,get,/subscriptions/{subscriptionId}/resourceGroups/{resourceGroupName}/providers/Microsoft.Network/bastionHosts/{bastionHostName},read,https://github.com/Azure/azure-rest-api-specs/blob/bf9983dd77d8691739ffac9160ff8bb93bd74288/specification/network/resource-manager/Microsoft.Network/Network/Network/BastionHost.tsp#L64,microsoft.network/bastionhosts|/subscriptions/{}/resourcegroups/{}/providers/microsoft.network/bastionhosts/{},Microsoft.Network/bastionHosts,/subscriptions/{subscriptionId}/resourceGroups/{resourceGroupName}/providers/Microsoft.Network/bastionHosts/{bastionHostName},BastionHost
post|/subscriptions/{}/resourcegroups/{}/providers/microsoft.network/bastionhosts/{}/getactivesessions,getActiveSessions,post,/subscriptions/{subscriptionId}/resourceGroups/{resourceGroupName}/providers/Microsoft.Network/bastionHosts/{bastionHostName}/getActiveSessions,action,https://github.com/Azure/azure-rest-api-specs/blob/bf9983dd77d8691739ffac9160ff8bb93bd74288/specification/network/resource-manager/Microsoft.Network/Network/Network/BastionHost.tsp#L204,microsoft.network/bastionhosts|/subscriptions/{}/resourcegroups/{}/providers/microsoft.network/bastionhosts/{},Microsoft.Network/bastionHosts,/subscriptions/{subscriptionId}/resourceGroups/{resourceGroupName}/providers/Microsoft.Network/bastionHosts/{bastionHostName},BastionHost
post|/subscriptions/{}/resourcegroups/{}/providers/microsoft.network/bastionhosts/{}/getshareablelinks,getBastionShareableLink,post,/subscriptions/{subscriptionId}/resourceGroups/{resourceGroupName}/providers/Microsoft.Network/bastionHosts/{bastionHostName}/getShareableLinks,action,https://github.com/Azure/azure-rest-api-specs/blob/bf9983dd77d8691739ffac9160ff8bb93bd74288/specification/network/resource-manager/Microsoft.Network/Network/Network/BastionHost.tsp#L191,microsoft.network/bastionhosts|/subscriptions/{}/resourcegroups/{}/providers/microsoft.network/bastionhosts/{},Microsoft.Network/bastionHosts,/subscriptions/{subscriptionId}/resourceGroups/{resourceGroupName}/providers/Microsoft.Network/bastionHosts/{bastionHostName},BastionHost
get|/subscriptions/{}/providers/microsoft.network/bastionhosts,list,get,/subscriptions/{subscriptionId}/providers/Microsoft.Network/bastionHosts,list,https://github.com/Azure/azure-rest-api-specs/blob/bf9983dd77d8691739ffac9160ff8bb93bd74288/specification/network/resource-manager/Microsoft.Network/Network/Network/BastionHost.tsp#L129,microsoft.network/bastionhosts|/subscriptions/{}/resourcegroups/{}/providers/microsoft.network/bastionhosts/{},Microsoft.Network/bastionHosts,/subscriptions/{subscriptionId}/resourceGroups/{resourceGroupName}/providers/Microsoft.Network/bastionHosts/{bastionHostName},BastionHost
get|/subscriptions/{}/resourcegroups/{}/providers/microsoft.network/bastionhosts,listByResourceGroup,get,/subscriptions/{subscriptionId}/resourceGroups/{resourceGroupName}/providers/Microsoft.Network/bastionHosts,list,https://github.com/Azure/azure-rest-api-specs/blob/bf9983dd77d8691739ffac9160ff8bb93bd74288/specification/network/resource-manager/Microsoft.Network/Network/Network/BastionHost.tsp#L121,microsoft.network/bastionhosts|/subscriptions/{}/resourcegroups/{}/providers/microsoft.network/bastionhosts/{},Microsoft.Network/bastionHosts,/subscriptions/{subscriptionId}/resourceGroups/{resourceGroupName}/providers/Microsoft.Network/bastionHosts/{bastionHostName},BastionHost
post|/subscriptions/{}/resourcegroups/{}/providers/microsoft.network/bastionhosts/{}/createshareablelinks,putBastionShareableLink,post,/subscriptions/{subscriptionId}/resourceGroups/{resourceGroupName}/providers/Microsoft.Network/bastionHosts/{bastionHostName}/createShareableLinks,action,https://github.com/Azure/azure-rest-api-specs/blob/bf9983dd77d8691739ffac9160ff8bb93bd74288/specification/network/resource-manager/Microsoft.Network/Network/Network/BastionHost.tsp#L140,microsoft.network/bastionhosts|/subscriptions/{}/resourcegroups/{}/providers/microsoft.network/bastionhosts/{},Microsoft.Network/bastionHosts,/subscriptions/{subscriptionId}/resourceGroups/{resourceGroupName}/providers/Microsoft.Network/bastionHosts/{bastionHostName},BastionHost
patch|/subscriptions/{}/resourcegroups/{}/providers/microsoft.network/bastionhosts/{},update,patch,/subscriptions/{subscriptionId}/resourceGroups/{resourceGroupName}/providers/Microsoft.Network/bastionHosts/{bastionHostName},update,https://github.com/Azure/azure-rest-api-specs/blob/bf9983dd77d8691739ffac9160ff8bb93bd74288/specification/network/resource-manager/Microsoft.Network/Network/Network/BastionHost.tsp#L82,microsoft.network/bastionhosts|/subscriptions/{}/resourcegroups/{}/providers/microsoft.network/bastionhosts/{},Microsoft.Network/bastionHosts,/subscriptions/{subscriptionId}/resourceGroups/{resourceGroupName}/providers/Microsoft.Network/bastionHosts/{bastionHostName},BastionHost
patch|/subscriptions/{}/resourcegroups/{}/providers/microsoft.network/bastionhosts/{},updateTags,patch,/subscriptions/{subscriptionId}/resourceGroups/{resourceGroupName}/providers/Microsoft.Network/bastionHosts/{bastionHostName},update,https://github.com/Azure/azure-rest-api-specs/blob/bf9983dd77d8691739ffac9160ff8bb93bd74288/specification/network/resource-manager/Microsoft.Network/Network/Network/BastionHost.tsp#L97,microsoft.network/bastionhosts|/subscriptions/{}/resourcegroups/{}/providers/microsoft.network/bastionhosts/{},Microsoft.Network/bastionHosts,/subscriptions/{subscriptionId}/resourceGroups/{resourceGroupName}/providers/Microsoft.Network/bastionHosts/{bastionHostName},BastionHost
put|/subscriptions/{}/resourcegroups/{}/providers/microsoft.network/virtualhubs/{}/bgpconnections/{},createOrUpdate,put,/subscriptions/{subscriptionId}/resourceGroups/{resourceGroupName}/providers/Microsoft.Network/virtualHubs/{virtualHubName}/bgpConnections/{connectionName},createOrUpdate,https://github.com/Azure/azure-rest-api-specs/blob/bf9983dd77d8691739ffac9160ff8bb93bd74288/specification/network/resource-manager/Microsoft.Network/Network/Network/BgpConnection.tsp#L77,microsoft.network/virtualhubs/bgpconnections|/subscriptions/{}/resourcegroups/{}/providers/microsoft.network/virtualhubs/{}/bgpconnections/{},Microsoft.Network/virtualHubs/bgpConnections,/subscriptions/{subscriptionId}/resourceGroups/{resourceGroupName}/providers/Microsoft.Network/virtualHubs/{virtualHubName}/bgpConnections/{connectionName},BgpConnection
delete|/subscriptions/{}/resourcegroups/{}/providers/microsoft.network/virtualhubs/{}/bgpconnections/{},delete,delete,/subscriptions/{subscriptionId}/resourceGroups/{resourceGroupName}/providers/Microsoft.Network/virtualHubs/{virtualHubName}/bgpConnections/{connectionName},delete,https://github.com/Azure/azure-rest-api-specs/blob/bf9983dd77d8691739ffac9160ff8bb93bd74288/specification/network/resource-manager/Microsoft.Network/Network/Network/BgpConnection.tsp#L86,microsoft.network/virtualhubs/bgpconnections|/subscriptions/{}/resourcegroups/{}/providers/microsoft.network/virtualhubs/{}/bgpconnections/{},Microsoft.Network/virtualHubs/bgpConnections,/subscriptions/{subscriptionId}/resourceGroups/{resourceGroupName}/providers/Microsoft.Network/virtualHubs/{virtualHubName}/bgpConnections/{connectionName},BgpConnection
get|/subscriptions/{}/resourcegroups/{}/providers/microsoft.network/virtualhubs/{}/bgpconnections/{},get,get,/subscriptions/{subscriptionId}/resourceGroups/{resourceGroupName}/providers/Microsoft.Network/virtualHubs/{virtualHubName}/bgpConnections/{connectionName},read,https://github.com/Azure/azure-rest-api-specs/blob/bf9983dd77d8691739ffac9160ff8bb93bd74288/specification/network/resource-manager/Microsoft.Network/Network/Network/BgpConnection.tsp#L72,microsoft.network/virtualhubs/bgpconnections|/subscriptions/{}/resourcegroups/{}/providers/microsoft.network/virtualhubs/{}/bgpconnections/{},Microsoft.Network/virtualHubs/bgpConnections,/subscriptions/{subscriptionId}/resourceGroups/{resourceGroupName}/providers/Microsoft.Network/virtualHubs/{virtualHubName}/bgpConnections/{connectionName},BgpConnection
get|/subscriptions/{}/resourcegroups/{}/providers/microsoft.network/virtualhubs/{}/bgpconnections,list,get,/subscriptions/{subscriptionId}/resourceGroups/{resourceGroupName}/providers/Microsoft.Network/virtualHubs/{virtualHubName}/bgpConnections,list,https://github.com/Azure/azure-rest-api-specs/blob/bf9983dd77d8691739ffac9160ff8bb93bd74288/specification/network/resource-manager/Microsoft.Network/Network/Network/BgpConnection.tsp#L98,microsoft.network/virtualhubs/bgpconnections|/subscriptions/{}/resourcegroups/{}/providers/microsoft.network/virtualhubs/{}/bgpconnections/{},Microsoft.Network/virtualHubs/bgpConnections,/subscriptions/{subscriptionId}/resourceGroups/{resourceGroupName}/providers/Microsoft.Network/virtualHubs/{virtualHubName}/bgpConnections/{connectionName},BgpConnection
post|/subscriptions/{}/resourcegroups/{}/providers/microsoft.network/virtualhubs/{}/bgpconnections/{}/advertisedroutes,listAdvertisedRoutes,post,/subscriptions/{subscriptionId}/resourceGroups/{resourceGroupName}/providers/Microsoft.Network/virtualHubs/{hubName}/bgpConnections/{connectionName}/advertisedRoutes,action,https://github.com/Azure/azure-rest-api-specs/blob/bf9983dd77d8691739ffac9160ff8bb93bd74288/specification/network/resource-manager/Microsoft.Network/Network/Network/BgpConnection.tsp#L123,microsoft.network/virtualhubs/bgpconnections|/subscriptions/{}/resourcegroups/{}/providers/microsoft.network/virtualhubs/{}/bgpconnections/{},Microsoft.Network/virtualHubs/bgpConnections,/subscriptions/{subscriptionId}/resourceGroups/{resourceGroupName}/providers/Microsoft.Network/virtualHubs/{virtualHubName}/bgpConnections/{connectionName},BgpConnection
post|/subscriptions/{}/resourcegroups/{}/providers/microsoft.network/virtualhubs/{}/bgpconnections/{}/learnedroutes,listLearnedRoutes,post,/subscriptions/{subscriptionId}/resourceGroups/{resourceGroupName}/providers/Microsoft.Network/virtualHubs/{hubName}/bgpConnections/{connectionName}/learnedRoutes,action,https://github.com/Azure/azure-rest-api-specs/blob/bf9983dd77d8691739ffac9160ff8bb93bd74288/specification/network/resource-manager/Microsoft.Network/Network/Network/BgpConnection.tsp#L108,microsoft.network/virtualhubs/bgpconnections|/subscriptions/{}/resourcegroups/{}/providers/microsoft.network/virtualhubs/{}/bgpconnections/{},Microsoft.Network/virtualHubs/bgpConnections,/subscriptions/{subscriptionId}/resourceGroups/{resourceGroupName}/providers/Microsoft.Network/virtualHubs/{virtualHubName}/bgpConnections/{connectionName},BgpConnection
put|/subscriptions/{}/resourcegroups/{}/providers/microsoft.compute/cloudservices/{}/providers/microsoft.network/cloudserviceslots/{},create,put,/subscriptions/{subscriptionId}/resourceGroups/{groupName}/providers/microsoft.Compute/cloudServices/{resourceName}/providers/Microsoft.Network/cloudServiceSlots/{singletonResource},createOrUpdate,https://github.com/Azure/azure-rest-api-specs/blob/bf9983dd77d8691739ffac9160ff8bb93bd74288/specification/network/resource-manager/Microsoft.Network/Network/Network/SwapResource.tsp#L129,microsoft.network/cloudserviceslots|/subscriptions/{}/resourcegroups/{}/providers/microsoft.compute/cloudservices/{}/providers/microsoft.network/cloudserviceslots/{},Microsoft.Network/cloudServiceSlots,/subscriptions/{subscriptionId}/resourceGroups/{groupName}/providers/microsoft.Compute/cloudServices/{resourceName}/providers/Microsoft.Network/cloudServiceSlots/{singletonResource},CloudServicesCloudServiceSlots
get|/subscriptions/{}/resourcegroups/{}/providers/microsoft.compute/cloudservices/{}/providers/microsoft.network/cloudserviceslots/{},get,get,/subscriptions/{subscriptionId}/resourceGroups/{groupName}/providers/microsoft.Compute/cloudServices/{resourceName}/providers/Microsoft.Network/cloudServiceSlots/{singletonResource},read,https://github.com/Azure/azure-rest-api-specs/blob/bf9983dd77d8691739ffac9160ff8bb93bd74288/specification/network/resource-manager/Microsoft.Network/Network/Network/SwapResource.tsp#L121,microsoft.network/cloudserviceslots|/subscriptions/{}/resourcegroups/{}/providers/microsoft.compute/cloudservices/{}/providers/microsoft.network/cloudserviceslots/{},Microsoft.Network/cloudServiceSlots,/subscriptions/{subscriptionId}/resourceGroups/{groupName}/providers/microsoft.Compute/cloudServices/{resourceName}/providers/Microsoft.Network/cloudServiceSlots/{singletonResource},CloudServicesCloudServiceSlots
put|/subscriptions/{}/resourcegroups/{}/providers/microsoft.network/networkmanagers/{}/commits/{},createOrUpdate,put,/subscriptions/{subscriptionId}/resourceGroups/{resourceGroupName}/providers/Microsoft.Network/networkManagers/{networkManagerName}/commits/{commitName},createOrUpdate,https://github.com/Azure/azure-rest-api-specs/blob/bf9983dd77d8691739ffac9160ff8bb93bd74288/specification/network/resource-manager/Microsoft.Network/Network/Network/Commit.tsp#L116,microsoft.network/networkmanagers/commits|/subscriptions/{}/resourcegroups/{}/providers/microsoft.network/networkmanagers/{}/commits/{},Microsoft.Network/networkManagers/commits,/subscriptions/{subscriptionId}/resourceGroups/{resourceGroupName}/providers/Microsoft.Network/networkManagers/{networkManagerName}/commits/{commitName},Commit
delete|/subscriptions/{}/resourcegroups/{}/providers/microsoft.network/networkmanagers/{}/commits/{},delete,delete,/subscriptions/{subscriptionId}/resourceGroups/{resourceGroupName}/providers/Microsoft.Network/networkManagers/{networkManagerName}/commits/{commitName},delete,https://github.com/Azure/azure-rest-api-specs/blob/bf9983dd77d8691739ffac9160ff8bb93bd74288/specification/network/resource-manager/Microsoft.Network/Network/Network/Commit.tsp#L122,microsoft.network/networkmanagers/commits|/subscriptions/{}/resourcegroups/{}/providers/microsoft.network/networkmanagers/{}/commits/{},Microsoft.Network/networkManagers/commits,/subscriptions/{subscriptionId}/resourceGroups/{resourceGroupName}/providers/Microsoft.Network/networkManagers/{networkManagerName}/commits/{commitName},Commit
get|/subscriptions/{}/resourcegroups/{}/providers/microsoft.network/networkmanagers/{}/commits/{},get,get,/subscriptions/{subscriptionId}/resourceGroups/{resourceGroupName}/providers/Microsoft.Network/networkManagers/{networkManagerName}/commits/{commitName},read,https://github.com/Azure/azure-rest-api-specs/blob/bf9983dd77d8691739ffac9160ff8bb93bd74288/specification/network/resource-manager/Microsoft.Network/Network/Network/Commit.tsp#L111,microsoft.network/networkmanagers/commits|/subscriptions/{}/resourcegroups/{}/providers/microsoft.network/networkmanagers/{}/commits/{},Microsoft.Network/networkManagers/commits,/subscriptions/{subscriptionId}/resourceGroups/{resourceGroupName}/providers/Microsoft.Network/networkManagers/{networkManagerName}/commits/{commitName},Commit
get|/subscriptions/{}/resourcegroups/{}/providers/microsoft.network/networkmanagers/{}/commits,list,get,/subscriptions/{subscriptionId}/resourceGroups/{resourceGroupName}/providers/Microsoft.Network/networkManagers/{networkManagerName}/commits,list,https://github.com/Azure/azure-rest-api-specs/blob/bf9983dd77d8691739ffac9160ff8bb93bd74288/specification/network/resource-manager/Microsoft.Network/Network/Network/Commit.tsp#L131,microsoft.network/networkmanagers/commits|/subscriptions/{}/resourcegroups/{}/providers/microsoft.network/networkmanagers/{}/commits/{},Microsoft.Network/networkManagers/commits,/subscriptions/{subscriptionId}/resourceGroups/{resourceGroupName}/providers/Microsoft.Network/networkManagers/{networkManagerName}/commits/{commitName},Commit
put|/subscriptions/{}/resourcegroups/{}/providers/microsoft.network/networkwatchers/{}/connectionmonitors/{},createOrUpdate,put,/subscriptions/{subscriptionId}/resourceGroups/{resourceGroupName}/providers/Microsoft.Network/networkWatchers/{networkWatcherName}/connectionMonitors/{connectionMonitorName},createOrUpdate,https://github.com/Azure/azure-rest-api-specs/blob/bf9983dd77d8691739ffac9160ff8bb93bd74288/specification/network/resource-manager/Microsoft.Network/Network/Network/ConnectionMonitorResult.tsp#L56,microsoft.network/networkwatchers/connectionmonitors|/subscriptions/{}/resourcegroups/{}/providers/microsoft.network/networkwatchers/{}/connectionmonitors/{},Microsoft.Network/networkWatchers/connectionMonitors,/subscriptions/{subscriptionId}/resourceGroups/{resourceGroupName}/providers/Microsoft.Network/networkWatchers/{networkWatcherName}/connectionMonitors/{connectionMonitorName},ConnectionMonitorResult
delete|/subscriptions/{}/resourcegroups/{}/providers/microsoft.network/networkwatchers/{}/connectionmonitors/{},delete,delete,/subscriptions/{subscriptionId}/resourceGroups/{resourceGroupName}/providers/Microsoft.Network/networkWatchers/{networkWatcherName}/connectionMonitors/{connectionMonitorName},delete,https://github.com/Azure/azure-rest-api-specs/blob/bf9983dd77d8691739ffac9160ff8bb93bd74288/specification/network/resource-manager/Microsoft.Network/Network/Network/ConnectionMonitorResult.tsp#L84,microsoft.network/networkwatchers/connectionmonitors|/subscriptions/{}/resourcegroups/{}/providers/microsoft.network/networkwatchers/{}/connectionmonitors/{},Microsoft.Network/networkWatchers/connectionMonitors,/subscriptions/{subscriptionId}/resourceGroups/{resourceGroupName}/providers/Microsoft.Network/networkWatchers/{networkWatcherName}/connectionMonitors/{connectionMonitorName},ConnectionMonitorResult
get|/subscriptions/{}/resourcegroups/{}/providers/microsoft.network/networkwatchers/{}/connectionmonitors/{},get,get,/subscriptions/{subscriptionId}/resourceGroups/{resourceGroupName}/providers/Microsoft.Network/networkWatchers/{networkWatcherName}/connectionMonitors/{connectionMonitorName},read,https://github.com/Azure/azure-rest-api-specs/blob/bf9983dd77d8691739ffac9160ff8bb93bd74288/specification/network/resource-manager/Microsoft.Network/Network/Network/ConnectionMonitorResult.tsp#L50,microsoft.network/networkwatchers/connectionmonitors|/subscriptions/{}/resourcegroups/{}/providers/microsoft.network/networkwatchers/{}/connectionmonitors/{},Microsoft.Network/networkWatchers/connectionMonitors,/subscriptions/{subscriptionId}/resourceGroups/{resourceGroupName}/providers/Microsoft.Network/networkWatchers/{networkWatcherName}/connectionMonitors/{connectionMonitorName},ConnectionMonitorResult
get|/subscriptions/{}/resourcegroups/{}/providers/microsoft.network/networkwatchers/{}/connectionmonitors,list,get,/subscriptions/{subscriptionId}/resourceGroups/{resourceGroupName}/providers/Microsoft.Network/networkWatchers/{networkWatcherName}/connectionMonitors,list,https://github.com/Azure/azure-rest-api-specs/blob/bf9983dd77d8691739ffac9160ff8bb93bd74288/specification/network/resource-manager/Microsoft.Network/Network/Network/ConnectionMonitorResult.tsp#L93,microsoft.network/networkwatchers/connectionmonitors|/subscriptions/{}/resourcegroups/{}/providers/microsoft.network/networkwatchers/{}/connectionmonitors/{},Microsoft.Network/networkWatchers/connectionMonitors,/subscriptions/{subscriptionId}/resourceGroups/{resourceGroupName}/providers/Microsoft.Network/networkWatchers/{networkWatcherName}/connectionMonitors/{connectionMonitorName},ConnectionMonitorResult
post|/subscriptions/{}/resourcegroups/{}/providers/microsoft.network/networkwatchers/{}/connectionmonitors/{}/stop,stop,post,/subscriptions/{subscriptionId}/resourceGroups/{resourceGroupName}/providers/Microsoft.Network/networkWatchers/{networkWatcherName}/connectionMonitors/{connectionMonitorName}/stop,action,https://github.com/Azure/azure-rest-api-specs/blob/bf9983dd77d8691739ffac9160ff8bb93bd74288/specification/network/resource-manager/Microsoft.Network/Network/Network/ConnectionMonitorResult.tsp#L103,microsoft.network/networkwatchers/connectionmonitors|/subscriptions/{}/resourcegroups/{}/providers/microsoft.network/networkwatchers/{}/connectionmonitors/{},Microsoft.Network/networkWatchers/connectionMonitors,/subscriptions/{subscriptionId}/resourceGroups/{resourceGroupName}/providers/Microsoft.Network/networkWatchers/{networkWatcherName}/connectionMonitors/{connectionMonitorName},ConnectionMonitorResult
patch|/subscriptions/{}/resourcegroups/{}/providers/microsoft.network/networkwatchers/{}/connectionmonitors/{},updateTags,patch,/subscriptions/{subscriptionId}/resourceGroups/{resourceGroupName}/providers/Microsoft.Network/networkWatchers/{networkWatcherName}/connectionMonitors/{connectionMonitorName},update,https://github.com/Azure/azure-rest-api-specs/blob/bf9983dd77d8691739ffac9160ff8bb93bd74288/specification/network/resource-manager/Microsoft.Network/Network/Network/ConnectionMonitorResult.tsp#L74,microsoft.network/networkwatchers/connectionmonitors|/subscriptions/{}/resourcegroups/{}/providers/microsoft.network/networkwatchers/{}/connectionmonitors/{},Microsoft.Network/networkWatchers/connectionMonitors,/subscriptions/{subscriptionId}/resourceGroups/{resourceGroupName}/providers/Microsoft.Network/networkWatchers/{networkWatcherName}/connectionMonitors/{connectionMonitorName},ConnectionMonitorResult
put|/subscriptions/{}/resourcegroups/{}/providers/microsoft.network/virtualhubs/{}/connectionpolicies/{},createOrUpdate,put,/subscriptions/{subscriptionId}/resourceGroups/{resourceGroupName}/providers/Microsoft.Network/virtualHubs/{virtualHubName}/connectionPolicies/{connectionPolicyName},createOrUpdate,https://github.com/Azure/azure-rest-api-specs/blob/bf9983dd77d8691739ffac9160ff8bb93bd74288/specification/network/resource-manager/Microsoft.Network/Network/Network/ConnectionPolicy.tsp#L59,microsoft.network/virtualhubs/connectionpolicies|/subscriptions/{}/resourcegroups/{}/providers/microsoft.network/virtualhubs/{}/connectionpolicies/{},Microsoft.Network/virtualHubs/connectionPolicies,/subscriptions/{subscriptionId}/resourceGroups/{resourceGroupName}/providers/Microsoft.Network/virtualHubs/{virtualHubName}/connectionPolicies/{connectionPolicyName},ConnectionPolicy
delete|/subscriptions/{}/resourcegroups/{}/providers/microsoft.network/virtualhubs/{}/connectionpolicies/{},delete,delete,/subscriptions/{subscriptionId}/resourceGroups/{resourceGroupName}/providers/Microsoft.Network/virtualHubs/{virtualHubName}/connectionPolicies/{connectionPolicyName},delete,https://github.com/Azure/azure-rest-api-specs/blob/bf9983dd77d8691739ffac9160ff8bb93bd74288/specification/network/resource-manager/Microsoft.Network/Network/Network/ConnectionPolicy.tsp#L67,microsoft.network/virtualhubs/connectionpolicies|/subscriptions/{}/resourcegroups/{}/providers/microsoft.network/virtualhubs/{}/connectionpolicies/{},Microsoft.Network/virtualHubs/connectionPolicies,/subscriptions/{subscriptionId}/resourceGroups/{resourceGroupName}/providers/Microsoft.Network/virtualHubs/{virtualHubName}/connectionPolicies/{connectionPolicyName},ConnectionPolicy
get|/subscriptions/{}/resourcegroups/{}/providers/microsoft.network/virtualhubs/{}/connectionpolicies/{},get,get,/subscriptions/{subscriptionId}/resourceGroups/{resourceGroupName}/providers/Microsoft.Network/virtualHubs/{virtualHubName}/connectionPolicies/{connectionPolicyName},read,https://github.com/Azure/azure-rest-api-specs/blob/bf9983dd77d8691739ffac9160ff8bb93bd74288/specification/network/resource-manager/Microsoft.Network/Network/Network/ConnectionPolicy.tsp#L54,microsoft.network/virtualhubs/connectionpolicies|/subscriptions/{}/resourcegroups/{}/providers/microsoft.network/virtualhubs/{}/connectionpolicies/{},Microsoft.Network/virtualHubs/connectionPolicies,/subscriptions/{subscriptionId}/resourceGroups/{resourceGroupName}/providers/Microsoft.Network/virtualHubs/{virtualHubName}/connectionPolicies/{connectionPolicyName},ConnectionPolicy
get|/subscriptions/{}/resourcegroups/{}/providers/microsoft.network/virtualhubs/{}/connectionpolicies,list,get,/subscriptions/{subscriptionId}/resourceGroups/{resourceGroupName}/providers/Microsoft.Network/virtualHubs/{virtualHubName}/connectionPolicies,list,https://github.com/Azure/azure-rest-api-specs/blob/bf9983dd77d8691739ffac9160ff8bb93bd74288/specification/network/resource-manager/Microsoft.Network/Network/Network/ConnectionPolicy.tsp#L75,microsoft.network/virtualhubs/connectionpolicies|/subscriptions/{}/resourcegroups/{}/providers/microsoft.network/virtualhubs/{}/connectionpolicies/{},Microsoft.Network/virtualHubs/connectionPolicies,/subscriptions/{subscriptionId}/resourceGroups/{resourceGroupName}/providers/Microsoft.Network/virtualHubs/{virtualHubName}/connectionPolicies/{connectionPolicyName},ConnectionPolicy
put|/subscriptions/{}/resourcegroups/{}/providers/microsoft.network/networkmanagers/{}/connectivityconfigurations/{},createOrUpdate,put,/subscriptions/{subscriptionId}/resourceGroups/{resourceGroupName}/providers/Microsoft.Network/networkManagers/{networkManagerName}/connectivityConfigurations/{configurationName},createOrUpdate,https://github.com/Azure/azure-rest-api-specs/blob/bf9983dd77d8691739ffac9160ff8bb93bd74288/specification/network/resource-manager/Microsoft.Network/Network/Network/ConnectivityConfiguration.tsp#L54,microsoft.network/networkmanagers/connectivityconfigurations|/subscriptions/{}/resourcegroups/{}/providers/microsoft.network/networkmanagers/{}/connectivityconfigurations/{},Microsoft.Network/networkManagers/connectivityConfigurations,/subscriptions/{subscriptionId}/resourceGroups/{resourceGroupName}/providers/Microsoft.Network/networkManagers/{networkManagerName}/connectivityConfigurations/{configurationName},ConnectivityConfiguration
delete|/subscriptions/{}/resourcegroups/{}/providers/microsoft.network/networkmanagers/{}/connectivityconfigurations/{},delete,delete,/subscriptions/{subscriptionId}/resourceGroups/{resourceGroupName}/providers/Microsoft.Network/networkManagers/{networkManagerName}/connectivityConfigurations/{configurationName},delete,https://github.com/Azure/azure-rest-api-specs/blob/bf9983dd77d8691739ffac9160ff8bb93bd74288/specification/network/resource-manager/Microsoft.Network/Network/Network/ConnectivityConfiguration.tsp#L63,microsoft.network/networkmanagers/connectivityconfigurations|/subscriptions/{}/resourcegroups/{}/providers/microsoft.network/networkmanagers/{}/connectivityconfigurations/{},Microsoft.Network/networkManagers/connectivityConfigurations,/subscriptions/{subscriptionId}/resourceGroups/{resourceGroupName}/providers/Microsoft.Network/networkManagers/{networkManagerName}/connectivityConfigurations/{configurationName},ConnectivityConfiguration
get|/subscriptions/{}/resourcegroups/{}/providers/microsoft.network/networkmanagers/{}/connectivityconfigurations/{},get,get,/subscriptions/{subscriptionId}/resourceGroups/{resourceGroupName}/providers/Microsoft.Network/networkManagers/{networkManagerName}/connectivityConfigurations/{configurationName},read,https://github.com/Azure/azure-rest-api-specs/blob/bf9983dd77d8691739ffac9160ff8bb93bd74288/specification/network/resource-manager/Microsoft.Network/Network/Network/ConnectivityConfiguration.tsp#L49,microsoft.network/networkmanagers/connectivityconfigurations|/subscriptions/{}/resourcegroups/{}/providers/microsoft.network/networkmanagers/{}/connectivityconfigurations/{},Microsoft.Network/networkManagers/connectivityConfigurations,/subscriptions/{subscriptionId}/resourceGroups/{resourceGroupName}/providers/Microsoft.Network/networkManagers/{networkManagerName}/connectivityConfigurations/{configurationName},ConnectivityConfiguration
get|/subscriptions/{}/resourcegroups/{}/providers/microsoft.network/networkmanagers/{}/connectivityconfigurations,list,get,/subscriptions/{subscriptionId}/resourceGroups/{resourceGroupName}/providers/Microsoft.Network/networkManagers/{networkManagerName}/connectivityConfigurations,list,https://github.com/Azure/azure-rest-api-specs/blob/bf9983dd77d8691739ffac9160ff8bb93bd74288/specification/network/resource-manager/Microsoft.Network/Network/Network/ConnectivityConfiguration.tsp#L82,microsoft.network/networkmanagers/connectivityconfigurations|/subscriptions/{}/resourcegroups/{}/providers/microsoft.network/networkmanagers/{}/connectivityconfigurations/{},Microsoft.Network/networkManagers/connectivityConfigurations,/subscriptions/{subscriptionId}/resourceGroups/{resourceGroupName}/providers/Microsoft.Network/networkManagers/{networkManagerName}/connectivityConfigurations/{configurationName},ConnectivityConfiguration
put|/subscriptions/{}/resourcegroups/{}/providers/microsoft.network/customipprefixes/{},createOrUpdate,put,/subscriptions/{subscriptionId}/resourceGroups/{resourceGroupName}/providers/Microsoft.Network/customIpPrefixes/{customIpPrefixName},createOrUpdate,https://github.com/Azure/azure-rest-api-specs/blob/bf9983dd77d8691739ffac9160ff8bb93bd74288/specification/network/resource-manager/Microsoft.Network/Network/Network/CustomIpPrefix.tsp#L72,microsoft.network/customipprefixes|/subscriptions/{}/resourcegroups/{}/providers/microsoft.network/customipprefixes/{},Microsoft.Network/customIpPrefixes,/subscriptions/{subscriptionId}/resourceGroups/{resourceGroupName}/providers/Microsoft.Network/customIpPrefixes/{customIpPrefixName},CustomIpPrefix
delete|/subscriptions/{}/resourcegroups/{}/providers/microsoft.network/customipprefixes/{},delete,delete,/subscriptions/{subscriptionId}/resourceGroups/{resourceGroupName}/providers/Microsoft.Network/customIpPrefixes/{customIpPrefixName},delete,https://github.com/Azure/azure-rest-api-specs/blob/bf9983dd77d8691739ffac9160ff8bb93bd74288/specification/network/resource-manager/Microsoft.Network/Network/Network/CustomIpPrefix.tsp#L93,microsoft.network/customipprefixes|/subscriptions/{}/resourcegroups/{}/providers/microsoft.network/customipprefixes/{},Microsoft.Network/customIpPrefixes,/subscriptions/{subscriptionId}/resourceGroups/{resourceGroupName}/providers/Microsoft.Network/customIpPrefixes/{customIpPrefixName},CustomIpPrefix
get|/subscriptions/{}/resourcegroups/{}/providers/microsoft.network/customipprefixes/{},get,get,/subscriptions/{subscriptionId}/resourceGroups/{resourceGroupName}/providers/Microsoft.Network/customIpPrefixes/{customIpPrefixName},read,https://github.com/Azure/azure-rest-api-specs/blob/bf9983dd77d8691739ffac9160ff8bb93bd74288/specification/network/resource-manager/Microsoft.Network/Network/Network/CustomIpPrefix.tsp#L57,microsoft.network/customipprefixes|/subscriptions/{}/resourcegroups/{}/providers/microsoft.network/customipprefixes/{},Microsoft.Network/customIpPrefixes,/subscriptions/{subscriptionId}/resourceGroups/{resourceGroupName}/providers/Microsoft.Network/customIpPrefixes/{customIpPrefixName},CustomIpPrefix
get|/subscriptions/{}/resourcegroups/{}/providers/microsoft.network/customipprefixes,list,get,/subscriptions/{subscriptionId}/resourceGroups/{resourceGroupName}/providers/Microsoft.Network/customIpPrefixes,list,https://github.com/Azure/azure-rest-api-specs/blob/bf9983dd77d8691739ffac9160ff8bb93bd74288/specification/network/resource-manager/Microsoft.Network/Network/Network/CustomIpPrefix.tsp#L105,microsoft.network/customipprefixes|/subscriptions/{}/resourcegroups/{}/providers/microsoft.network/customipprefixes/{},Microsoft.Network/customIpPrefixes,/subscriptions/{subscriptionId}/resourceGroups/{resourceGroupName}/providers/Microsoft.Network/customIpPrefixes/{customIpPrefixName},CustomIpPrefix
get|/subscriptions/{}/providers/microsoft.network/customipprefixes,listAll,get,/subscriptions/{subscriptionId}/providers/Microsoft.Network/customIpPrefixes,list,https://github.com/Azure/azure-rest-api-specs/blob/bf9983dd77d8691739ffac9160ff8bb93bd74288/specification/network/resource-manager/Microsoft.Network/Network/Network/CustomIpPrefix.tsp#L110,microsoft.network/customipprefixes|/subscriptions/{}/resourcegroups/{}/providers/microsoft.network/customipprefixes/{},Microsoft.Network/customIpPrefixes,/subscriptions/{subscriptionId}/resourceGroups/{resourceGroupName}/providers/Microsoft.Network/customIpPrefixes/{customIpPrefixName},CustomIpPrefix
patch|/subscriptions/{}/resourcegroups/{}/providers/microsoft.network/customipprefixes/{},updateTags,patch,/subscriptions/{subscriptionId}/resourceGroups/{resourceGroupName}/providers/Microsoft.Network/customIpPrefixes/{customIpPrefixName},update,https://github.com/Azure/azure-rest-api-specs/blob/bf9983dd77d8691739ffac9160ff8bb93bd74288/specification/network/resource-manager/Microsoft.Network/Network/Network/CustomIpPrefix.tsp#L83,microsoft.network/customipprefixes|/subscriptions/{}/resourcegroups/{}/providers/microsoft.network/customipprefixes/{},Microsoft.Network/customIpPrefixes,/subscriptions/{subscriptionId}/resourceGroups/{resourceGroupName}/providers/Microsoft.Network/customIpPrefixes/{customIpPrefixName},CustomIpPrefix
put|/subscriptions/{}/resourcegroups/{}/providers/microsoft.network/ddoscustompolicies/{},createOrUpdate,put,/subscriptions/{subscriptionId}/resourceGroups/{resourceGroupName}/providers/Microsoft.Network/ddosCustomPolicies/{ddosCustomPolicyName},createOrUpdate,https://github.com/Azure/azure-rest-api-specs/blob/bf9983dd77d8691739ffac9160ff8bb93bd74288/specification/network/resource-manager/Microsoft.Network/Network/Network/DdosCustomPolicy.tsp#L55,microsoft.network/ddoscustompolicies|/subscriptions/{}/resourcegroups/{}/providers/microsoft.network/ddoscustompolicies/{},Microsoft.Network/ddosCustomPolicies,/subscriptions/{subscriptionId}/resourceGroups/{resourceGroupName}/providers/Microsoft.Network/ddosCustomPolicies/{ddosCustomPolicyName},DdosCustomPolicy
delete|/subscriptions/{}/resourcegroups/{}/providers/microsoft.network/ddoscustompolicies/{},delete,delete,/subscriptions/{subscriptionId}/resourceGroups/{resourceGroupName}/providers/Microsoft.Network/ddosCustomPolicies/{ddosCustomPolicyName},delete,https://github.com/Azure/azure-rest-api-specs/blob/bf9983dd77d8691739ffac9160ff8bb93bd74288/specification/network/resource-manager/Microsoft.Network/Network/Network/DdosCustomPolicy.tsp#L76,microsoft.network/ddoscustompolicies|/subscriptions/{}/resourcegroups/{}/providers/microsoft.network/ddoscustompolicies/{},Microsoft.Network/ddosCustomPolicies,/subscriptions/{subscriptionId}/resourceGroups/{resourceGroupName}/providers/Microsoft.Network/ddosCustomPolicies/{ddosCustomPolicyName},DdosCustomPolicy
get|/subscriptions/{}/resourcegroups/{}/providers/microsoft.network/ddoscustompolicies/{},get,get,/subscriptions/{subscriptionId}/resourceGroups/{resourceGroupName}/providers/Microsoft.Network/ddosCustomPolicies/{ddosCustomPolicyName},read,https://github.com/Azure/azure-rest-api-specs/blob/bf9983dd77d8691739ffac9160ff8bb93bd74288/specification/network/resource-manager/Microsoft.Network/Network/Network/DdosCustomPolicy.tsp#L49,microsoft.network/ddoscustompolicies|/subscriptions/{}/resourcegroups/{}/providers/microsoft.network/ddoscustompolicies/{},Microsoft.Network/ddosCustomPolicies,/subscriptions/{subscriptionId}/resourceGroups/{resourceGroupName}/providers/Microsoft.Network/ddosCustomPolicies/{ddosCustomPolicyName},DdosCustomPolicy
get|/subscriptions/{}/resourcegroups/{}/providers/microsoft.network/ddoscustompolicies,list,get,/subscriptions/{subscriptionId}/resourceGroups/{resourceGroupName}/providers/Microsoft.Network/ddosCustomPolicies,list,https://github.com/Azure/azure-rest-api-specs/blob/bf9983dd77d8691739ffac9160ff8bb93bd74288/specification/network/resource-manager/Microsoft.Network/Network/Network/DdosCustomPolicy.tsp#L90,microsoft.network/ddoscustompolicies|/subscriptions/{}/resourcegroups/{}/providers/microsoft.network/ddoscustompolicies/{},Microsoft.Network/ddosCustomPolicies,/subscriptions/{subscriptionId}/resourceGroups/{resourceGroupName}/providers/Microsoft.Network/ddosCustomPolicies/{ddosCustomPolicyName},DdosCustomPolicy
get|/subscriptions/{}/providers/microsoft.network/ddoscustompolicies,listAll,get,/subscriptions/{subscriptionId}/providers/Microsoft.Network/ddosCustomPolicies,list,https://github.com/Azure/azure-rest-api-specs/blob/bf9983dd77d8691739ffac9160ff8bb93bd74288/specification/network/resource-manager/Microsoft.Network/Network/Network/DdosCustomPolicy.tsp#L97,microsoft.network/ddoscustompolicies|/subscriptions/{}/resourcegroups/{}/providers/microsoft.network/ddoscustompolicies/{},Microsoft.Network/ddosCustomPolicies,/subscriptions/{subscriptionId}/resourceGroups/{resourceGroupName}/providers/Microsoft.Network/ddosCustomPolicies/{ddosCustomPolicyName},DdosCustomPolicy
patch|/subscriptions/{}/resourcegroups/{}/providers/microsoft.network/ddoscustompolicies/{},updateTags,patch,/subscriptions/{subscriptionId}/resourceGroups/{resourceGroupName}/providers/Microsoft.Network/ddosCustomPolicies/{ddosCustomPolicyName},update,https://github.com/Azure/azure-rest-api-specs/blob/bf9983dd77d8691739ffac9160ff8bb93bd74288/specification/network/resource-manager/Microsoft.Network/Network/Network/DdosCustomPolicy.tsp#L65,microsoft.network/ddoscustompolicies|/subscriptions/{}/resourcegroups/{}/providers/microsoft.network/ddoscustompolicies/{},Microsoft.Network/ddosCustomPolicies,/subscriptions/{subscriptionId}/resourceGroups/{resourceGroupName}/providers/Microsoft.Network/ddosCustomPolicies/{ddosCustomPolicyName},DdosCustomPolicy
put|/subscriptions/{}/resourcegroups/{}/providers/microsoft.network/ddosprotectionplans/{},createOrUpdate,put,/subscriptions/{subscriptionId}/resourceGroups/{resourceGroupName}/providers/Microsoft.Network/ddosProtectionPlans/{ddosProtectionPlanName},createOrUpdate,https://github.com/Azure/azure-rest-api-specs/blob/bf9983dd77d8691739ffac9160ff8bb93bd74288/specification/network/resource-manager/Microsoft.Network/Network/Network/DdosProtectionPlan.tsp#L53,microsoft.network/ddosprotectionplans|/subscriptions/{}/resourcegroups/{}/providers/microsoft.network/ddosprotectionplans/{},Microsoft.Network/ddosProtectionPlans,/subscriptions/{subscriptionId}/resourceGroups/{resourceGroupName}/providers/Microsoft.Network/ddosProtectionPlans/{ddosProtectionPlanName},DdosProtectionPlan
delete|/subscriptions/{}/resourcegroups/{}/providers/microsoft.network/ddosprotectionplans/{},delete,delete,/subscriptions/{subscriptionId}/resourceGroups/{resourceGroupName}/providers/Microsoft.Network/ddosProtectionPlans/{ddosProtectionPlanName},delete,https://github.com/Azure/azure-rest-api-specs/blob/bf9983dd77d8691739ffac9160ff8bb93bd74288/specification/network/resource-manager/Microsoft.Network/Network/Network/DdosProtectionPlan.tsp#L72,microsoft.network/ddosprotectionplans|/subscriptions/{}/resourcegroups/{}/providers/microsoft.network/ddosprotectionplans/{},Microsoft.Network/ddosProtectionPlans,/subscriptions/{subscriptionId}/resourceGroups/{resourceGroupName}/providers/Microsoft.Network/ddosProtectionPlans/{ddosProtectionPlanName},DdosProtectionPlan
get|/subscriptions/{}/resourcegroups/{}/providers/microsoft.network/ddosprotectionplans/{},get,get,/subscriptions/{subscriptionId}/resourceGroups/{resourceGroupName}/providers/Microsoft.Network/ddosProtectionPlans/{ddosProtectionPlanName},read,https://github.com/Azure/azure-rest-api-specs/blob/bf9983dd77d8691739ffac9160ff8bb93bd74288/specification/network/resource-manager/Microsoft.Network/Network/Network/DdosProtectionPlan.tsp#L48,microsoft.network/ddosprotectionplans|/subscriptions/{}/resourcegroups/{}/providers/microsoft.network/ddosprotectionplans/{},Microsoft.Network/ddosProtectionPlans,/subscriptions/{subscriptionId}/resourceGroups/{resourceGroupName}/providers/Microsoft.Network/ddosProtectionPlans/{ddosProtectionPlanName},DdosProtectionPlan
get|/subscriptions/{}/providers/microsoft.network/ddosprotectionplans,list,get,/subscriptions/{subscriptionId}/providers/Microsoft.Network/ddosProtectionPlans,list,https://github.com/Azure/azure-rest-api-specs/blob/bf9983dd77d8691739ffac9160ff8bb93bd74288/specification/network/resource-manager/Microsoft.Network/Network/Network/DdosProtectionPlan.tsp#L92,microsoft.network/ddosprotectionplans|/subscriptions/{}/resourcegroups/{}/providers/microsoft.network/ddosprotectionplans/{},Microsoft.Network/ddosProtectionPlans,/subscriptions/{subscriptionId}/resourceGroups/{resourceGroupName}/providers/Microsoft.Network/ddosProtectionPlans/{ddosProtectionPlanName},DdosProtectionPlan
get|/subscriptions/{}/resourcegroups/{}/providers/microsoft.network/ddosprotectionplans,listByResourceGroup,get,/subscriptions/{subscriptionId}/resourceGroups/{resourceGroupName}/providers/Microsoft.Network/ddosProtectionPlans,list,https://github.com/Azure/azure-rest-api-specs/blob/bf9983dd77d8691739ffac9160ff8bb93bd74288/specification/network/resource-manager/Microsoft.Network/Network/Network/DdosProtectionPlan.tsp#L84,microsoft.network/ddosprotectionplans|/subscriptions/{}/resourcegroups/{}/providers/microsoft.network/ddosprotectionplans/{},Microsoft.Network/ddosProtectionPlans,/subscriptions/{subscriptionId}/resourceGroups/{resourceGroupName}/providers/Microsoft.Network/ddosProtectionPlans/{ddosProtectionPlanName},DdosProtectionPlan
patch|/subscriptions/{}/resourcegroups/{}/providers/microsoft.network/ddosprotectionplans/{},updateTags,patch,/subscriptions/{subscriptionId}/resourceGroups/{resourceGroupName}/providers/Microsoft.Network/ddosProtectionPlans/{ddosProtectionPlanName},update,https://github.com/Azure/azure-rest-api-specs/blob/bf9983dd77d8691739ffac9160ff8bb93bd74288/specification/network/resource-manager/Microsoft.Network/Network/Network/DdosProtectionPlan.tsp#L62,microsoft.network/ddosprotectionplans|/subscriptions/{}/resourcegroups/{}/providers/microsoft.network/ddosprotectionplans/{},Microsoft.Network/ddosProtectionPlans,/subscriptions/{subscriptionId}/resourceGroups/{resourceGroupName}/providers/Microsoft.Network/ddosProtectionPlans/{ddosProtectionPlanName},DdosProtectionPlan
put|/subscriptions/{}/resourcegroups/{}/providers/microsoft.network/dscpconfigurations/{},createOrUpdate,put,/subscriptions/{subscriptionId}/resourceGroups/{resourceGroupName}/providers/Microsoft.Network/dscpConfigurations/{dscpConfigurationName},createOrUpdate,https://github.com/Azure/azure-rest-api-specs/blob/bf9983dd77d8691739ffac9160ff8bb93bd74288/specification/network/resource-manager/Microsoft.Network/Network/Network/DscpConfiguration.tsp#L53,microsoft.network/dscpconfigurations|/subscriptions/{}/resourcegroups/{}/providers/microsoft.network/dscpconfigurations/{},Microsoft.Network/dscpConfigurations,/subscriptions/{subscriptionId}/resourceGroups/{resourceGroupName}/providers/Microsoft.Network/dscpConfigurations/{dscpConfigurationName},DscpConfiguration
delete|/subscriptions/{}/resourcegroups/{}/providers/microsoft.network/dscpconfigurations/{},delete,delete,/subscriptions/{subscriptionId}/resourceGroups/{resourceGroupName}/providers/Microsoft.Network/dscpConfigurations/{dscpConfigurationName},delete,https://github.com/Azure/azure-rest-api-specs/blob/bf9983dd77d8691739ffac9160ff8bb93bd74288/specification/network/resource-manager/Microsoft.Network/Network/Network/DscpConfiguration.tsp#L65,microsoft.network/dscpconfigurations|/subscriptions/{}/resourcegroups/{}/providers/microsoft.network/dscpconfigurations/{},Microsoft.Network/dscpConfigurations,/subscriptions/{subscriptionId}/resourceGroups/{resourceGroupName}/providers/Microsoft.Network/dscpConfigurations/{dscpConfigurationName},DscpConfiguration
get|/subscriptions/{}/resourcegroups/{}/providers/microsoft.network/dscpconfigurations/{},get,get,/subscriptions/{subscriptionId}/resourceGroups/{resourceGroupName}/providers/Microsoft.Network/dscpConfigurations/{dscpConfigurationName},read,https://github.com/Azure/azure-rest-api-specs/blob/bf9983dd77d8691739ffac9160ff8bb93bd74288/specification/network/resource-manager/Microsoft.Network/Network/Network/DscpConfiguration.tsp#L47,microsoft.network/dscpconfigurations|/subscriptions/{}/resourcegroups/{}/providers/microsoft.network/dscpconfigurations/{},Microsoft.Network/dscpConfigurations,/subscriptions/{subscriptionId}/resourceGroups/{resourceGroupName}/providers/Microsoft.Network/dscpConfigurations/{dscpConfigurationName},DscpConfiguration
get|/subscriptions/{}/resourcegroups/{}/providers/microsoft.network/dscpconfigurations,list,get,/subscriptions/{subscriptionId}/resourceGroups/{resourceGroupName}/providers/Microsoft.Network/dscpConfigurations,list,https://github.com/Azure/azure-rest-api-specs/blob/bf9983dd77d8691739ffac9160ff8bb93bd74288/specification/network/resource-manager/Microsoft.Network/Network/Network/DscpConfiguration.tsp#L78,microsoft.network/dscpconfigurations|/subscriptions/{}/resourcegroups/{}/providers/microsoft.network/dscpconfigurations/{},Microsoft.Network/dscpConfigurations,/subscriptions/{subscriptionId}/resourceGroups/{resourceGroupName}/providers/Microsoft.Network/dscpConfigurations/{dscpConfigurationName},DscpConfiguration
get|/subscriptions/{}/providers/microsoft.network/dscpconfigurations,listAll,get,/subscriptions/{subscriptionId}/providers/Microsoft.Network/dscpConfigurations,list,https://github.com/Azure/azure-rest-api-specs/blob/bf9983dd77d8691739ffac9160ff8bb93bd74288/specification/network/resource-manager/Microsoft.Network/Network/Network/DscpConfiguration.tsp#L84,microsoft.network/dscpconfigurations|/subscriptions/{}/resourcegroups/{}/providers/microsoft.network/dscpconfigurations/{},Microsoft.Network/dscpConfigurations,/subscriptions/{subscriptionId}/resourceGroups/{resourceGroupName}/providers/Microsoft.Network/dscpConfigurations/{dscpConfigurationName},DscpConfiguration
put|/subscriptions/{}/resourcegroups/{}/providers/microsoft.network/expressroutecircuits/{},createOrUpdate,put,/subscriptions/{subscriptionId}/resourceGroups/{resourceGroupName}/providers/Microsoft.Network/expressRouteCircuits/{circuitName},createOrUpdate,https://github.com/Azure/azure-rest-api-specs/blob/bf9983dd77d8691739ffac9160ff8bb93bd74288/specification/network/resource-manager/Microsoft.Network/Network/Network/ExpressRouteCircuit.tsp#L62,microsoft.network/expressroutecircuits|/subscriptions/{}/resourcegroups/{}/providers/microsoft.network/expressroutecircuits/{},Microsoft.Network/expressRouteCircuits,/subscriptions/{subscriptionId}/resourceGroups/{resourceGroupName}/providers/Microsoft.Network/expressRouteCircuits/{circuitName},ExpressRouteCircuit
delete|/subscriptions/{}/resourcegroups/{}/providers/microsoft.network/expressroutecircuits/{},delete,delete,/subscriptions/{subscriptionId}/resourceGroups/{resourceGroupName}/providers/Microsoft.Network/expressRouteCircuits/{circuitName},delete,https://github.com/Azure/azure-rest-api-specs/blob/bf9983dd77d8691739ffac9160ff8bb93bd74288/specification/network/resource-manager/Microsoft.Network/Network/Network/ExpressRouteCircuit.tsp#L83,microsoft.network/expressroutecircuits|/subscriptions/{}/resourcegroups/{}/providers/microsoft.network/expressroutecircuits/{},Microsoft.Network/expressRouteCircuits,/subscriptions/{subscriptionId}/resourceGroups/{resourceGroupName}/providers/Microsoft.Network/expressRouteCircuits/{circuitName},ExpressRouteCircuit
get|/subscriptions/{}/resourcegroups/{}/providers/microsoft.network/expressroutecircuits/{},get,get,/subscriptions/{subscriptionId}/resourceGroups/{resourceGroupName}/providers/Microsoft.Network/expressRouteCircuits/{circuitName},read,https://github.com/Azure/azure-rest-api-specs/blob/bf9983dd77d8691739ffac9160ff8bb93bd74288/specification/network/resource-manager/Microsoft.Network/Network/Network/ExpressRouteCircuit.tsp#L56,microsoft.network/expressroutecircuits|/subscriptions/{}/resourcegroups/{}/providers/microsoft.network/expressroutecircuits/{},Microsoft.Network/expressRouteCircuits,/subscriptions/{subscriptionId}/resourceGroups/{resourceGroupName}/providers/Microsoft.Network/expressRouteCircuits/{circuitName},ExpressRouteCircuit
post|/subscriptions/{}/resourcegroups/{}/providers/microsoft.network/expressroutecircuits/{}/getcircuitlinkfailoveralltestsdetails,getCircuitLinkFailoverAllTestsDetails,post,/subscriptions/{subscriptionId}/resourceGroups/{resourceGroupName}/providers/Microsoft.Network/expressRouteCircuits/{circuitName}/getCircuitLinkFailoverAllTestsDetails,action,https://github.com/Azure/azure-rest-api-specs/blob/bf9983dd77d8691739ffac9160ff8bb93bd74288/specification/network/resource-manager/Microsoft.Network/Network/Network/ExpressRouteCircuit.tsp#L123,microsoft.network/expressroutecircuits|/subscriptions/{}/resourcegroups/{}/providers/microsoft.network/expressroutecircuits/{},Microsoft.Network/expressRouteCircuits,/subscriptions/{subscriptionId}/resourceGroups/{resourceGroupName}/providers/Microsoft.Network/expressRouteCircuits/{circuitName},ExpressRouteCircuit
post|/subscriptions/{}/resourcegroups/{}/providers/microsoft.network/expressroutecircuits/{}/getcircuitlinkfailoversingletestdetails,getCircuitLinkFailoverSingleTestDetails,post,/subscriptions/{subscriptionId}/resourceGroups/{resourceGroupName}/providers/Microsoft.Network/expressRouteCircuits/{circuitName}/getCircuitLinkFailoverSingleTestDetails,action,https://github.com/Azure/azure-rest-api-specs/blob/bf9983dd77d8691739ffac9160ff8bb93bd74288/specification/network/resource-manager/Microsoft.Network/Network/Network/ExpressRouteCircuit.tsp#L154,microsoft.network/expressroutecircuits|/subscriptions/{}/resourcegroups/{}/providers/microsoft.network/expressroutecircuits/{},Microsoft.Network/expressRouteCircuits,/subscriptions/{subscriptionId}/resourceGroups/{resourceGroupName}/providers/Microsoft.Network/expressRouteCircuits/{circuitName},ExpressRouteCircuit
get|/subscriptions/{}/resourcegroups/{}/providers/microsoft.network/expressroutecircuits/{}/stats,getStats,get,/subscriptions/{subscriptionId}/resourceGroups/{resourceGroupName}/providers/Microsoft.Network/expressRouteCircuits/{circuitName}/stats,action,https://github.com/Azure/azure-rest-api-specs/blob/bf9983dd77d8691739ffac9160ff8bb93bd74288/specification/network/resource-manager/Microsoft.Network/Network/Network/ExpressRouteCircuit.tsp#L110,microsoft.network/expressroutecircuits|/subscriptions/{}/resourcegroups/{}/providers/microsoft.network/expressroutecircuits/{},Microsoft.Network/expressRouteCircuits,/subscriptions/{subscriptionId}/resourceGroups/{resourceGroupName}/providers/Microsoft.Network/expressRouteCircuits/{circuitName},ExpressRouteCircuit
get|/subscriptions/{}/resourcegroups/{}/providers/microsoft.network/expressroutecircuits,list,get,/subscriptions/{subscriptionId}/resourceGroups/{resourceGroupName}/providers/Microsoft.Network/expressRouteCircuits,list,https://github.com/Azure/azure-rest-api-specs/blob/bf9983dd77d8691739ffac9160ff8bb93bd74288/specification/network/resource-manager/Microsoft.Network/Network/Network/ExpressRouteCircuit.tsp#L96,microsoft.network/expressroutecircuits|/subscriptions/{}/resourcegroups/{}/providers/microsoft.network/expressroutecircuits/{},Microsoft.Network/expressRouteCircuits,/subscriptions/{subscriptionId}/resourceGroups/{resourceGroupName}/providers/Microsoft.Network/expressRouteCircuits/{circuitName},ExpressRouteCircuit
get|/subscriptions/{}/providers/microsoft.network/expressroutecircuits,listAll,get,/subscriptions/{subscriptionId}/providers/Microsoft.Network/expressRouteCircuits,list,https://github.com/Azure/azure-rest-api-specs/blob/bf9983dd77d8691739ffac9160ff8bb93bd74288/specification/network/resource-manager/Microsoft.Network/Network/Network/ExpressRouteCircuit.tsp#L102,microsoft.network/expressroutecircuits|/subscriptions/{}/resourcegroups/{}/providers/microsoft.network/expressroutecircuits/{},Microsoft.Network/expressRouteCircuits,/subscriptions/{subscriptionId}/resourceGroups/{resourceGroupName}/providers/Microsoft.Network/expressRouteCircuits/{circuitName},ExpressRouteCircuit
post|/subscriptions/{}/resourcegroups/{}/providers/microsoft.network/expressroutecircuits/{}/startcircuitlinkfailovertest,startCircuitLinkFailoverTest,post,/subscriptions/{subscriptionId}/resourceGroups/{resourceGroupName}/providers/Microsoft.Network/expressRouteCircuits/{circuitName}/startCircuitLinkFailoverTest,action,https://github.com/Azure/azure-rest-api-specs/blob/bf9983dd77d8691739ffac9160ff8bb93bd74288/specification/network/resource-manager/Microsoft.Network/Network/Network/ExpressRouteCircuit.tsp#L191,microsoft.network/expressroutecircuits|/subscriptions/{}/resourcegroups/{}/providers/microsoft.network/expressroutecircuits/{},Microsoft.Network/expressRouteCircuits,/subscriptions/{subscriptionId}/resourceGroups/{resourceGroupName}/providers/Microsoft.Network/expressRouteCircuits/{circuitName},ExpressRouteCircuit
post|/subscriptions/{}/resourcegroups/{}/providers/microsoft.network/expressroutecircuits/{}/stopcircuitlinkfailovertest,stopCircuitLinkFailoverTest,post,/subscriptions/{subscriptionId}/resourceGroups/{resourceGroupName}/providers/Microsoft.Network/expressRouteCircuits/{circuitName}/stopCircuitLinkFailoverTest,action,https://github.com/Azure/azure-rest-api-specs/blob/bf9983dd77d8691739ffac9160ff8bb93bd74288/specification/network/resource-manager/Microsoft.Network/Network/Network/ExpressRouteCircuit.tsp#L222,microsoft.network/expressroutecircuits|/subscriptions/{}/resourcegroups/{}/providers/microsoft.network/expressroutecircuits/{},Microsoft.Network/expressRouteCircuits,/subscriptions/{subscriptionId}/resourceGroups/{resourceGroupName}/providers/Microsoft.Network/expressRouteCircuits/{circuitName},ExpressRouteCircuit
patch|/subscriptions/{}/resourcegroups/{}/providers/microsoft.network/expressroutecircuits/{},updateTags,patch,/subscriptions/{subscriptionId}/resourceGroups/{resourceGroupName}/providers/Microsoft.Network/expressRouteCircuits/{circuitName},update,https://github.com/Azure/azure-rest-api-specs/blob/bf9983dd77d8691739ffac9160ff8bb93bd74288/specification/network/resource-manager/Microsoft.Network/Network/Network/ExpressRouteCircuit.tsp#L72,microsoft.network/expressroutecircuits|/subscriptions/{}/resourcegroups/{}/providers/microsoft.network/expressroutecircuits/{},Microsoft.Network/expressRouteCircuits,/subscriptions/{subscriptionId}/resourceGroups/{resourceGroupName}/providers/Microsoft.Network/expressRouteCircuits/{circuitName},ExpressRouteCircuit
put|/subscriptions/{}/resourcegroups/{}/providers/microsoft.network/expressroutecircuits/{}/authorizations/{},createOrUpdate,put,/subscriptions/{subscriptionId}/resourceGroups/{resourceGroupName}/providers/Microsoft.Network/expressRouteCircuits/{circuitName}/authorizations/{authorizationName},createOrUpdate,https://github.com/Azure/azure-rest-api-specs/blob/bf9983dd77d8691739ffac9160ff8bb93bd74288/specification/network/resource-manager/Microsoft.Network/Network/Network/ExpressRouteCircuitAuthorization.tsp#L54,microsoft.network/expressroutecircuits/authorizations|/subscriptions/{}/resourcegroups/{}/providers/microsoft.network/expressroutecircuits/{}/authorizations/{},Microsoft.Network/expressRouteCircuits/authorizations,/subscriptions/{subscriptionId}/resourceGroups/{resourceGroupName}/providers/Microsoft.Network/expressRouteCircuits/{circuitName}/authorizations/{authorizationName},ExpressRouteCircuitAuthorization
delete|/subscriptions/{}/resourcegroups/{}/providers/microsoft.network/expressroutecircuits/{}/authorizations/{},delete,delete,/subscriptions/{subscriptionId}/resourceGroups/{resourceGroupName}/providers/Microsoft.Network/expressRouteCircuits/{circuitName}/authorizations/{authorizationName},delete,https://github.com/Azure/azure-rest-api-specs/blob/bf9983dd77d8691739ffac9160ff8bb93bd74288/specification/network/resource-manager/Microsoft.Network/Network/Network/ExpressRouteCircuitAuthorization.tsp#L63,microsoft.network/expressroutecircuits/authorizations|/subscriptions/{}/resourcegroups/{}/providers/microsoft.network/expressroutecircuits/{}/authorizations/{},Microsoft.Network/expressRouteCircuits/authorizations,/subscriptions/{subscriptionId}/resourceGroups/{resourceGroupName}/providers/Microsoft.Network/expressRouteCircuits/{circuitName}/authorizations/{authorizationName},ExpressRouteCircuitAuthorization
get|/subscriptions/{}/resourcegroups/{}/providers/microsoft.network/expressroutecircuits/{}/authorizations/{},get,get,/subscriptions/{subscriptionId}/resourceGroups/{resourceGroupName}/providers/Microsoft.Network/expressRouteCircuits/{circuitName}/authorizations/{authorizationName},read,https://github.com/Azure/azure-rest-api-specs/blob/bf9983dd77d8691739ffac9160ff8bb93bd74288/specification/network/resource-manager/Microsoft.Network/Network/Network/ExpressRouteCircuitAuthorization.tsp#L49,microsoft.network/expressroutecircuits/authorizations|/subscriptions/{}/resourcegroups/{}/providers/microsoft.network/expressroutecircuits/{}/authorizations/{},Microsoft.Network/expressRouteCircuits/authorizations,/subscriptions/{subscriptionId}/resourceGroups/{resourceGroupName}/providers/Microsoft.Network/expressRouteCircuits/{circuitName}/authorizations/{authorizationName},ExpressRouteCircuitAuthorization
get|/subscriptions/{}/resourcegroups/{}/providers/microsoft.network/expressroutecircuits/{}/authorizations,list,get,/subscriptions/{subscriptionId}/resourceGroups/{resourceGroupName}/providers/Microsoft.Network/expressRouteCircuits/{circuitName}/authorizations,list,https://github.com/Azure/azure-rest-api-specs/blob/bf9983dd77d8691739ffac9160ff8bb93bd74288/specification/network/resource-manager/Microsoft.Network/Network/Network/ExpressRouteCircuitAuthorization.tsp#L75,microsoft.network/expressroutecircuits/authorizations|/subscriptions/{}/resourcegroups/{}/providers/microsoft.network/expressroutecircuits/{}/authorizations/{},Microsoft.Network/expressRouteCircuits/authorizations,/subscriptions/{subscriptionId}/resourceGroups/{resourceGroupName}/providers/Microsoft.Network/expressRouteCircuits/{circuitName}/authorizations/{authorizationName},ExpressRouteCircuitAuthorization
post|/subscriptions/{}/resourcegroups/{}/providers/microsoft.network/expressroutecircuits/{}/authorizations/{}/listkeys,listKeys,post,/subscriptions/{subscriptionId}/resourceGroups/{resourceGroupName}/providers/Microsoft.Network/expressRouteCircuits/{circuitName}/authorizations/{authorizationName}/listKeys,action,https://github.com/Azure/azure-rest-api-specs/blob/bf9983dd77d8691739ffac9160ff8bb93bd74288/specification/network/resource-manager/Microsoft.Network/Network/Network/ExpressRouteCircuitAuthorization.tsp#L86,microsoft.network/expressroutecircuits/authorizations|/subscriptions/{}/resourcegroups/{}/providers/microsoft.network/expressroutecircuits/{}/authorizations/{},Microsoft.Network/expressRouteCircuits/authorizations,/subscriptions/{subscriptionId}/resourceGroups/{resourceGroupName}/providers/Microsoft.Network/expressRouteCircuits/{circuitName}/authorizations/{authorizationName},ExpressRouteCircuitAuthorization
put|/subscriptions/{}/resourcegroups/{}/providers/microsoft.network/expressroutecircuits/{}/peerings/{}/connections/{},createOrUpdate,put,/subscriptions/{subscriptionId}/resourceGroups/{resourceGroupName}/providers/Microsoft.Network/expressRouteCircuits/{circuitName}/peerings/{peeringName}/connections/{connectionName},createOrUpdate,https://github.com/Azure/azure-rest-api-specs/blob/bf9983dd77d8691739ffac9160ff8bb93bd74288/specification/network/resource-manager/Microsoft.Network/Network/Network/ExpressRouteCircuitConnection.tsp#L56,microsoft.network/expressroutecircuits/peerings/connections|/subscriptions/{}/resourcegroups/{}/providers/microsoft.network/expressroutecircuits/{}/peerings/{}/connections/{},Microsoft.Network/expressRouteCircuits/peerings/connections,/subscriptions/{subscriptionId}/resourceGroups/{resourceGroupName}/providers/Microsoft.Network/expressRouteCircuits/{circuitName}/peerings/{peeringName}/connections/{connectionName},ExpressRouteCircuitConnection
delete|/subscriptions/{}/resourcegroups/{}/providers/microsoft.network/expressroutecircuits/{}/peerings/{}/connections/{},delete,delete,/subscriptions/{subscriptionId}/resourceGroups/{resourceGroupName}/providers/Microsoft.Network/expressRouteCircuits/{circuitName}/peerings/{peeringName}/connections/{connectionName},delete,https://github.com/Azure/azure-rest-api-specs/blob/bf9983dd77d8691739ffac9160ff8bb93bd74288/specification/network/resource-manager/Microsoft.Network/Network/Network/ExpressRouteCircuitConnection.tsp#L65,microsoft.network/expressroutecircuits/peerings/connections|/subscriptions/{}/resourcegroups/{}/providers/microsoft.network/expressroutecircuits/{}/peerings/{}/connections/{},Microsoft.Network/expressRouteCircuits/peerings/connections,/subscriptions/{subscriptionId}/resourceGroups/{resourceGroupName}/providers/Microsoft.Network/expressRouteCircuits/{circuitName}/peerings/{peeringName}/connections/{connectionName},ExpressRouteCircuitConnection
get|/subscriptions/{}/resourcegroups/{}/providers/microsoft.network/expressroutecircuits/{}/peerings/{}/connections/{},get,get,/subscriptions/{subscriptionId}/resourceGroups/{resourceGroupName}/providers/Microsoft.Network/expressRouteCircuits/{circuitName}/peerings/{peeringName}/connections/{connectionName},read,https://github.com/Azure/azure-rest-api-specs/blob/bf9983dd77d8691739ffac9160ff8bb93bd74288/specification/network/resource-manager/Microsoft.Network/Network/Network/ExpressRouteCircuitConnection.tsp#L51,microsoft.network/expressroutecircuits/peerings/connections|/subscriptions/{}/resourcegroups/{}/providers/microsoft.network/expressroutecircuits/{}/peerings/{}/connections/{},Microsoft.Network/expressRouteCircuits/peerings/connections,/subscriptions/{subscriptionId}/resourceGroups/{resourceGroupName}/providers/Microsoft.Network/expressRouteCircuits/{circuitName}/peerings/{peeringName}/connections/{connectionName},ExpressRouteCircuitConnection
get|/subscriptions/{}/resourcegroups/{}/providers/microsoft.network/expressroutecircuits/{}/peerings/{}/connections,list,get,/subscriptions/{subscriptionId}/resourceGroups/{resourceGroupName}/providers/Microsoft.Network/expressRouteCircuits/{circuitName}/peerings/{peeringName}/connections,list,https://github.com/Azure/azure-rest-api-specs/blob/bf9983dd77d8691739ffac9160ff8bb93bd74288/specification/network/resource-manager/Microsoft.Network/Network/Network/ExpressRouteCircuitConnection.tsp#L77,microsoft.network/expressroutecircuits/peerings/connections|/subscriptions/{}/resourcegroups/{}/providers/microsoft.network/expressroutecircuits/{}/peerings/{}/connections/{},Microsoft.Network/expressRouteCircuits/peerings/connections,/subscriptions/{subscriptionId}/resourceGroups/{resourceGroupName}/providers/Microsoft.Network/expressRouteCircuits/{circuitName}/peerings/{peeringName}/connections/{connectionName},ExpressRouteCircuitConnection
put|/subscriptions/{}/resourcegroups/{}/providers/microsoft.network/expressroutecircuits/{}/peerings/{},createOrUpdate,put,/subscriptions/{subscriptionId}/resourceGroups/{resourceGroupName}/providers/Microsoft.Network/expressRouteCircuits/{circuitName}/peerings/{peeringName},createOrUpdate,https://github.com/Azure/azure-rest-api-specs/blob/bf9983dd77d8691739ffac9160ff8bb93bd74288/specification/network/resource-manager/Microsoft.Network/Network/Network/ExpressRouteCircuitPeering.tsp#L147,microsoft.network/expressroutecircuits/peerings|/subscriptions/{}/resourcegroups/{}/providers/microsoft.network/expressroutecircuits/{}/peerings/{},Microsoft.Network/expressRouteCircuits/peerings,/subscriptions/{subscriptionId}/resourceGroups/{resourceGroupName}/providers/Microsoft.Network/expressRouteCircuits/{circuitName}/peerings/{peeringName},ExpressRouteCircuitPeering
delete|/subscriptions/{}/resourcegroups/{}/providers/microsoft.network/expressroutecircuits/{}/peerings/{},delete,delete,/subscriptions/{subscriptionId}/resourceGroups/{resourceGroupName}/providers/Microsoft.Network/expressRouteCircuits/{circuitName}/peerings/{peeringName},delete,https://github.com/Azure/azure-rest-api-specs/blob/bf9983dd77d8691739ffac9160ff8bb93bd74288/specification/network/resource-manager/Microsoft.Network/Network/Network/ExpressRouteCircuitPeering.tsp#L158,microsoft.network/expressroutecircuits/peerings|/subscriptions/{}/resourcegroups/{}/providers/microsoft.network/expressroutecircuits/{}/peerings/{},Microsoft.Network/expressRouteCircuits/peerings,/subscriptions/{subscriptionId}/resourceGroups/{resourceGroupName}/providers/Microsoft.Network/expressRouteCircuits/{circuitName}/peerings/{peeringName},ExpressRouteCircuitPeering
get|/subscriptions/{}/resourcegroups/{}/providers/microsoft.network/expressroutecircuits/{}/peerings/{},get,get,/subscriptions/{subscriptionId}/resourceGroups/{resourceGroupName}/providers/Microsoft.Network/expressRouteCircuits/{circuitName}/peerings/{peeringName},read,https://github.com/Azure/azure-rest-api-specs/blob/bf9983dd77d8691739ffac9160ff8bb93bd74288/specification/network/resource-manager/Microsoft.Network/Network/Network/ExpressRouteCircuitPeering.tsp#L140,microsoft.network/expressroutecircuits/peerings|/subscriptions/{}/resourcegroups/{}/providers/microsoft.network/expressroutecircuits/{}/peerings/{},Microsoft.Network/expressRouteCircuits/peerings,/subscriptions/{subscriptionId}/resourceGroups/{resourceGroupName}/providers/Microsoft.Network/expressRouteCircuits/{circuitName}/peerings/{peeringName},ExpressRouteCircuitPeering
get|/subscriptions/{}/resourcegroups/{}/providers/microsoft.network/expressroutecircuits/{}/peerings/{}/stats,getPeeringStats,get,/subscriptions/{subscriptionId}/resourceGroups/{resourceGroupName}/providers/Microsoft.Network/expressRouteCircuits/{circuitName}/peerings/{peeringName}/stats,action,https://github.com/Azure/azure-rest-api-specs/blob/bf9983dd77d8691739ffac9160ff8bb93bd74288/specification/network/resource-manager/Microsoft.Network/Network/Network/ExpressRouteCircuitPeering.tsp#L235,microsoft.network/expressroutecircuits/peerings|/subscriptions/{}/resourcegroups/{}/providers/microsoft.network/expressroutecircuits/{}/peerings/{},Microsoft.Network/expressRouteCircuits/peerings,/subscriptions/{subscriptionId}/resourceGroups/{resourceGroupName}/providers/Microsoft.Network/expressRouteCircuits/{circuitName}/peerings/{peeringName},ExpressRouteCircuitPeering
get|/subscriptions/{}/resourcegroups/{}/providers/microsoft.network/expressroutecircuits/{}/peerings,list,get,/subscriptions/{subscriptionId}/resourceGroups/{resourceGroupName}/providers/Microsoft.Network/expressRouteCircuits/{circuitName}/peerings,list,https://github.com/Azure/azure-rest-api-specs/blob/bf9983dd77d8691739ffac9160ff8bb93bd74288/specification/network/resource-manager/Microsoft.Network/Network/Network/ExpressRouteCircuitPeering.tsp#L172,microsoft.network/expressroutecircuits/peerings|/subscriptions/{}/resourcegroups/{}/providers/microsoft.network/expressroutecircuits/{}/peerings/{},Microsoft.Network/expressRouteCircuits/peerings,/subscriptions/{subscriptionId}/resourceGroups/{resourceGroupName}/providers/Microsoft.Network/expressRouteCircuits/{circuitName}/peerings/{peeringName},ExpressRouteCircuitPeering
post|/subscriptions/{}/resourcegroups/{}/providers/microsoft.network/expressroutecircuits/{}/peerings/{}/arptables/{},listArpTable,post,/subscriptions/{subscriptionId}/resourceGroups/{resourceGroupName}/providers/Microsoft.Network/expressRouteCircuits/{circuitName}/peerings/{peeringName}/arpTables/{devicePath},action,https://github.com/Azure/azure-rest-api-specs/blob/bf9983dd77d8691739ffac9160ff8bb93bd74288/specification/network/resource-manager/Microsoft.Network/Network/Network/ExpressRouteCircuitPeering.tsp#L183,microsoft.network/expressroutecircuits/peerings|/subscriptions/{}/resourcegroups/{}/providers/microsoft.network/expressroutecircuits/{}/peerings/{},Microsoft.Network/expressRouteCircuits/peerings,/subscriptions/{subscriptionId}/resourceGroups/{resourceGroupName}/providers/Microsoft.Network/expressRouteCircuits/{circuitName}/peerings/{peeringName},ExpressRouteCircuitPeering
post|/subscriptions/{}/resourcegroups/{}/providers/microsoft.network/expressroutecircuits/{}/peerings/{}/routetables/{},listRoutesTable,post,/subscriptions/{subscriptionId}/resourceGroups/{resourceGroupName}/providers/Microsoft.Network/expressRouteCircuits/{circuitName}/peerings/{peeringName}/routeTables/{devicePath},action,https://github.com/Azure/azure-rest-api-specs/blob/bf9983dd77d8691739ffac9160ff8bb93bd74288/specification/network/resource-manager/Microsoft.Network/Network/Network/ExpressRouteCircuitPeering.tsp#L200,microsoft.network/expressroutecircuits/peerings|/subscriptions/{}/resourcegroups/{}/providers/microsoft.network/expressroutecircuits/{}/peerings/{},Microsoft.Network/expressRouteCircuits/peerings,/subscriptions/{subscriptionId}/resourceGroups/{resourceGroupName}/providers/Microsoft.Network/expressRouteCircuits/{circuitName}/peerings/{peeringName},ExpressRouteCircuitPeering
post|/subscriptions/{}/resourcegroups/{}/providers/microsoft.network/expressroutecircuits/{}/peerings/{}/routetablessummary/{},listRoutesTableSummary,post,/subscriptions/{subscriptionId}/resourceGroups/{resourceGroupName}/providers/Microsoft.Network/expressRouteCircuits/{circuitName}/peerings/{peeringName}/routeTablesSummary/{devicePath},action,https://github.com/Azure/azure-rest-api-specs/blob/bf9983dd77d8691739ffac9160ff8bb93bd74288/specification/network/resource-manager/Microsoft.Network/Network/Network/ExpressRouteCircuitPeering.tsp#L217,microsoft.network/expressroutecircuits/peerings|/subscriptions/{}/resourcegroups/{}/providers/microsoft.network/expressroutecircuits/{}/peerings/{},Microsoft.Network/expressRouteCircuits/peerings,/subscriptions/{subscriptionId}/resourceGroups/{resourceGroupName}/providers/Microsoft.Network/expressRouteCircuits/{circuitName}/peerings/{peeringName},ExpressRouteCircuitPeering
post|/subscriptions/{}/resourcegroups/{}/providers/microsoft.network/expressroutecrossconnections/{}/commitcircuitmigration,commitCircuitMigration,post,/subscriptions/{subscriptionId}/resourceGroups/{resourceGroupName}/providers/Microsoft.Network/expressRouteCrossConnections/{crossConnectionName}/commitCircuitMigration,action,https://github.com/Azure/azure-rest-api-specs/blob/bf9983dd77d8691739ffac9160ff8bb93bd74288/specification/network/resource-manager/Microsoft.Network/Network/Network/ExpressRouteCrossConnection.tsp#L388,microsoft.network/expressroutecrossconnections|/subscriptions/{}/resourcegroups/{}/providers/microsoft.network/expressroutecrossconnections/{},Microsoft.Network/expressRouteCrossConnections,/subscriptions/{subscriptionId}/resourceGroups/{resourceGroupName}/providers/Microsoft.Network/expressRouteCrossConnections/{crossConnectionName},ExpressRouteCrossConnection
put|/subscriptions/{}/resourcegroups/{}/providers/microsoft.network/expressroutecrossconnections/{},createOrUpdate,put,/subscriptions/{subscriptionId}/resourceGroups/{resourceGroupName}/providers/Microsoft.Network/expressRouteCrossConnections/{crossConnectionName},createOrUpdate,https://github.com/Azure/azure-rest-api-specs/blob/bf9983dd77d8691739ffac9160ff8bb93bd74288/specification/network/resource-manager/Microsoft.Network/Network/Network/ExpressRouteCrossConnection.tsp#L83,microsoft.network/expressroutecrossconnections|/subscriptions/{}/resourcegroups/{}/providers/microsoft.network/expressroutecrossconnections/{},Microsoft.Network/expressRouteCrossConnections,/subscriptions/{subscriptionId}/resourceGroups/{resourceGroupName}/providers/Microsoft.Network/expressRouteCrossConnections/{crossConnectionName},ExpressRouteCrossConnection
delete|/subscriptions/{}/resourcegroups/{}/providers/microsoft.network/expressroutecrossconnections/{}/peerings/{},delete,delete,/subscriptions/{subscriptionId}/resourceGroups/{resourceGroupName}/providers/Microsoft.Network/expressRouteCrossConnections/{crossConnectionName}/peerings/{peeringName},action,https://github.com/Azure/azure-rest-api-specs/blob/bf9983dd77d8691739ffac9160ff8bb93bd74288/specification/network/resource-manager/Microsoft.Network/Network/Network/ExpressRouteCrossConnection.tsp#L240,microsoft.network/expressroutecrossconnections|/subscriptions/{}/resourcegroups/{}/providers/microsoft.network/expressroutecrossconnections/{},Microsoft.Network/expressRouteCrossConnections,/subscriptions/{subscriptionId}/resourceGroups/{resourceGroupName}/providers/Microsoft.Network/expressRouteCrossConnections/{crossConnectionName},ExpressRouteCrossConnection
put|/subscriptions/{}/resourcegroups/{}/providers/microsoft.network/expressroutecrossconnections/{}/peerings/{},expressRouteCrossConnectionPeeringsCreateOrUpdate,put,/subscriptions/{subscriptionId}/resourceGroups/{resourceGroupName}/providers/Microsoft.Network/expressRouteCrossConnections/{crossConnectionName}/peerings/{peeringName},action,https://github.com/Azure/azure-rest-api-specs/blob/bf9983dd77d8691739ffac9160ff8bb93bd74288/specification/network/resource-manager/Microsoft.Network/Network/Network/ExpressRouteCrossConnection.tsp#L275,microsoft.network/expressroutecrossconnections|/subscriptions/{}/resourcegroups/{}/providers/microsoft.network/expressroutecrossconnections/{},Microsoft.Network/expressRouteCrossConnections,/subscriptions/{subscriptionId}/resourceGroups/{resourceGroupName}/providers/Microsoft.Network/expressRouteCrossConnections/{crossConnectionName},ExpressRouteCrossConnection
get|/subscriptions/{}/resourcegroups/{}/providers/microsoft.network/expressroutecrossconnections/{}/peerings/{},expressRouteCrossConnectionPeeringsGet,get,/subscriptions/{subscriptionId}/resourceGroups/{resourceGroupName}/providers/Microsoft.Network/expressRouteCrossConnections/{crossConnectionName}/peerings/{peeringName},action,https://github.com/Azure/azure-rest-api-specs/blob/bf9983dd77d8691739ffac9160ff8bb93bd74288/specification/network/resource-manager/Microsoft.Network/Network/Network/ExpressRouteCrossConnection.tsp#L260,microsoft.network/expressroutecrossconnections|/subscriptions/{}/resourcegroups/{}/providers/microsoft.network/expressroutecrossconnections/{},Microsoft.Network/expressRouteCrossConnections,/subscriptions/{subscriptionId}/resourceGroups/{resourceGroupName}/providers/Microsoft.Network/expressRouteCrossConnections/{crossConnectionName},ExpressRouteCrossConnection
get|/subscriptions/{}/resourcegroups/{}/providers/microsoft.network/expressroutecrossconnections/{}/peerings,expressRouteCrossConnectionPeeringsList,get,/subscriptions/{subscriptionId}/resourceGroups/{resourceGroupName}/providers/Microsoft.Network/expressRouteCrossConnections/{crossConnectionName}/peerings,action,https://github.com/Azure/azure-rest-api-specs/blob/bf9983dd77d8691739ffac9160ff8bb93bd74288/specification/network/resource-manager/Microsoft.Network/Network/Network/ExpressRouteCrossConnection.tsp#L227,microsoft.network/expressroutecrossconnections|/subscriptions/{}/resourcegroups/{}/providers/microsoft.network/expressroutecrossconnections/{},Microsoft.Network/expressRouteCrossConnections,/subscriptions/{subscriptionId}/resourceGroups/{resourceGroupName}/providers/Microsoft.Network/expressRouteCrossConnections/{crossConnectionName},ExpressRouteCrossConnection
get|/subscriptions/{}/resourcegroups/{}/providers/microsoft.network/expressroutecrossconnections/{},get,get,/subscriptions/{subscriptionId}/resourceGroups/{resourceGroupName}/providers/Microsoft.Network/expressRouteCrossConnections/{crossConnectionName},read,https://github.com/Azure/azure-rest-api-specs/blob/bf9983dd77d8691739ffac9160ff8bb93bd74288/specification/network/resource-manager/Microsoft.Network/Network/Network/ExpressRouteCrossConnection.tsp#L75,microsoft.network/expressroutecrossconnections|/subscriptions/{}/resourcegroups/{}/providers/microsoft.network/expressroutecrossconnections/{},Microsoft.Network/expressRouteCrossConnections,/subscriptions/{subscriptionId}/resourceGroups/{resourceGroupName}/providers/Microsoft.Network/expressRouteCrossConnections/{crossConnectionName},ExpressRouteCrossConnection
post|/subscriptions/{}/resourcegroups/{}/providers/microsoft.network/expressroutecrossconnections/{}/getcircuitmigrationinfo,getCircuitMigrationInfo,post,/subscriptions/{subscriptionId}/resourceGroups/{resourceGroupName}/providers/Microsoft.Network/expressRouteCrossConnections/{crossConnectionName}/getCircuitMigrationInfo,action,https://github.com/Azure/azure-rest-api-specs/blob/bf9983dd77d8691739ffac9160ff8bb93bd74288/specification/network/resource-manager/Microsoft.Network/Network/Network/ExpressRouteCrossConnection.tsp#L313,microsoft.network/expressroutecrossconnections|/subscriptions/{}/resourcegroups/{}/providers/microsoft.network/expressroutecrossconnections/{},Microsoft.Network/expressRouteCrossConnections,/subscriptions/{subscriptionId}/resourceGroups/{resourceGroupName}/providers/Microsoft.Network/expressRouteCrossConnections/{crossConnectionName},ExpressRouteCrossConnection
get|/subscriptions/{}/providers/microsoft.network/expressroutecrossconnections,list,get,/subscriptions/{subscriptionId}/providers/Microsoft.Network/expressRouteCrossConnections,list,https://github.com/Azure/azure-rest-api-specs/blob/bf9983dd77d8691739ffac9160ff8bb93bd74288/specification/network/resource-manager/Microsoft.Network/Network/Network/ExpressRouteCrossConnection.tsp#L117,microsoft.network/expressroutecrossconnections|/subscriptions/{}/resourcegroups/{}/providers/microsoft.network/expressroutecrossconnections/{},Microsoft.Network/expressRouteCrossConnections,/subscriptions/{subscriptionId}/resourceGroups/{resourceGroupName}/providers/Microsoft.Network/expressRouteCrossConnections/{crossConnectionName},ExpressRouteCrossConnection
post|/subscriptions/{}/resourcegroups/{}/providers/microsoft.network/expressroutecrossconnections/{}/peerings/{}/arptables/{},listArpTable,post,/subscriptions/{subscriptionId}/resourceGroups/{resourceGroupName}/providers/Microsoft.Network/expressRouteCrossConnections/{crossConnectionName}/peerings/{peeringName}/arpTables/{devicePath},read,https://github.com/Azure/azure-rest-api-specs/blob/bf9983dd77d8691739ffac9160ff8bb93bd74288/specification/network/resource-manager/Microsoft.Network/Network/Network/ExpressRouteCrossConnection.tsp#L135,microsoft.network/expressroutecrossconnections/peerings/arptables|/subscriptions/{}/resourcegroups/{}/providers/microsoft.network/expressroutecrossconnections/{}/peerings/{}/arptables/{},Microsoft.Network/expressRouteCrossConnections/peerings/arpTables,/subscriptions/{subscriptionId}/resourceGroups/{resourceGroupName}/providers/Microsoft.Network/expressRouteCrossConnections/{crossConnectionName}/peerings/{peeringName}/arpTables/{devicePath},ExpressRouteCrossConnection
get|/subscriptions/{}/resourcegroups/{}/providers/microsoft.network/expressroutecrossconnections,listByResourceGroup,get,/subscriptions/{subscriptionId}/resourceGroups/{resourceGroupName}/providers/Microsoft.Network/expressRouteCrossConnections,list,https://github.com/Azure/azure-rest-api-specs/blob/bf9983dd77d8691739ffac9160ff8bb93bd74288/specification/network/resource-manager/Microsoft.Network/Network/Network/ExpressRouteCrossConnection.tsp#L107,microsoft.network/expressroutecrossconnections|/subscriptions/{}/resourcegroups/{}/providers/microsoft.network/expressroutecrossconnections/{},Microsoft.Network/expressRouteCrossConnections,/subscriptions/{subscriptionId}/resourceGroups/{resourceGroupName}/providers/Microsoft.Network/expressRouteCrossConnections/{crossConnectionName},ExpressRouteCrossConnection
post|/subscriptions/{}/resourcegroups/{}/providers/microsoft.network/expressroutecrossconnections/{}/peerings/{}/routetables/{},listRoutesTable,post,/subscriptions/{subscriptionId}/resourceGroups/{resourceGroupName}/providers/Microsoft.Network/expressRouteCrossConnections/{crossConnectionName}/peerings/{peeringName}/routeTables/{devicePath},read,https://github.com/Azure/azure-rest-api-specs/blob/bf9983dd77d8691739ffac9160ff8bb93bd74288/specification/network/resource-manager/Microsoft.Network/Network/Network/ExpressRouteCrossConnection.tsp#L195,microsoft.network/expressroutecrossconnections/peerings/routetables|/subscriptions/{}/resourcegroups/{}/providers/microsoft.network/expressroutecrossconnections/{}/peerings/{}/routetables/{},Microsoft.Network/expressRouteCrossConnections/peerings/routeTables,/subscriptions/{subscriptionId}/resourceGroups/{resourceGroupName}/providers/Microsoft.Network/expressRouteCrossConnections/{crossConnectionName}/peerings/{peeringName}/routeTables/{devicePath},ExpressRouteCrossConnection
post|/subscriptions/{}/resourcegroups/{}/providers/microsoft.network/expressroutecrossconnections/{}/peerings/{}/routetablessummary/{},listRoutesTableSummary,post,/subscriptions/{subscriptionId}/resourceGroups/{resourceGroupName}/providers/Microsoft.Network/expressRouteCrossConnections/{crossConnectionName}/peerings/{peeringName}/routeTablesSummary/{devicePath},read,https://github.com/Azure/azure-rest-api-specs/blob/bf9983dd77d8691739ffac9160ff8bb93bd74288/specification/network/resource-manager/Microsoft.Network/Network/Network/ExpressRouteCrossConnection.tsp#L165,microsoft.network/expressroutecrossconnections/peerings/routetablessummary|/subscriptions/{}/resourcegroups/{}/providers/microsoft.network/expressroutecrossconnections/{}/peerings/{}/routetablessummary/{},Microsoft.Network/expressRouteCrossConnections/peerings/routeTablesSummary,/subscriptions/{subscriptionId}/resourceGroups/{resourceGroupName}/providers/Microsoft.Network/expressRouteCrossConnections/{crossConnectionName}/peerings/{peeringName}/routeTablesSummary/{devicePath},ExpressRouteCrossConnection
post|/subscriptions/{}/resourcegroups/{}/providers/microsoft.network/expressroutecrossconnections/{}/migratecircuit,migrateCircuit,post,/subscriptions/{subscriptionId}/resourceGroups/{resourceGroupName}/providers/Microsoft.Network/expressRouteCrossConnections/{crossConnectionName}/migrateCircuit,action,https://github.com/Azure/azure-rest-api-specs/blob/bf9983dd77d8691739ffac9160ff8bb93bd74288/specification/network/resource-manager/Microsoft.Network/Network/Network/ExpressRouteCrossConnection.tsp#L373,microsoft.network/expressroutecrossconnections|/subscriptions/{}/resourcegroups/{}/providers/microsoft.network/expressroutecrossconnections/{},Microsoft.Network/expressRouteCrossConnections,/subscriptions/{subscriptionId}/resourceGroups/{resourceGroupName}/providers/Microsoft.Network/expressRouteCrossConnections/{crossConnectionName},ExpressRouteCrossConnection
post|/subscriptions/{}/resourcegroups/{}/providers/microsoft.network/expressroutecrossconnections/{}/preparecircuitmigration,prepareCircuitMigration,post,/subscriptions/{subscriptionId}/resourceGroups/{resourceGroupName}/providers/Microsoft.Network/expressRouteCrossConnections/{crossConnectionName}/prepareCircuitMigration,action,https://github.com/Azure/azure-rest-api-specs/blob/bf9983dd77d8691739ffac9160ff8bb93bd74288/specification/network/resource-manager/Microsoft.Network/Network/Network/ExpressRouteCrossConnection.tsp#L328,microsoft.network/expressroutecrossconnections|/subscriptions/{}/resourcegroups/{}/providers/microsoft.network/expressroutecrossconnections/{},Microsoft.Network/expressRouteCrossConnections,/subscriptions/{subscriptionId}/resourceGroups/{resourceGroupName}/providers/Microsoft.Network/expressRouteCrossConnections/{crossConnectionName},ExpressRouteCrossConnection
post|/subscriptions/{}/resourcegroups/{}/providers/microsoft.network/expressroutecrossconnections/{}/restorebgpforcircuitmigration,restoreBgpForCircuitMigration,post,/subscriptions/{subscriptionId}/resourceGroups/{resourceGroupName}/providers/Microsoft.Network/expressRouteCrossConnections/{crossConnectionName}/restoreBgpForCircuitMigration,action,https://github.com/Azure/azure-rest-api-specs/blob/bf9983dd77d8691739ffac9160ff8bb93bd74288/specification/network/resource-manager/Microsoft.Network/Network/Network/ExpressRouteCrossConnection.tsp#L358,microsoft.network/expressroutecrossconnections|/subscriptions/{}/resourcegroups/{}/providers/microsoft.network/expressroutecrossconnections/{},Microsoft.Network/expressRouteCrossConnections,/subscriptions/{subscriptionId}/resourceGroups/{resourceGroupName}/providers/Microsoft.Network/expressRouteCrossConnections/{crossConnectionName},ExpressRouteCrossConnection
post|/subscriptions/{}/resourcegroups/{}/providers/microsoft.network/expressroutecrossconnections/{}/rollbackcircuitmigration,rollbackCircuitMigration,post,/subscriptions/{subscriptionId}/resourceGroups/{resourceGroupName}/providers/Microsoft.Network/expressRouteCrossConnections/{crossConnectionName}/rollbackCircuitMigration,action,https://github.com/Azure/azure-rest-api-specs/blob/bf9983dd77d8691739ffac9160ff8bb93bd74288/specification/network/resource-manager/Microsoft.Network/Network/Network/ExpressRouteCrossConnection.tsp#L403,microsoft.network/expressroutecrossconnections|/subscriptions/{}/resourcegroups/{}/providers/microsoft.network/expressroutecrossconnections/{},Microsoft.Network/expressRouteCrossConnections,/subscriptions/{subscriptionId}/resourceGroups/{resourceGroupName}/providers/Microsoft.Network/expressRouteCrossConnections/{crossConnectionName},ExpressRouteCrossConnection
post|/subscriptions/{}/resourcegroups/{}/providers/microsoft.network/expressroutecrossconnections/{}/shutdownbgpforcircuitmigration,shutDownBgpForCircuitMigration,post,/subscriptions/{subscriptionId}/resourceGroups/{resourceGroupName}/providers/Microsoft.Network/expressRouteCrossConnections/{crossConnectionName}/shutDownBgpForCircuitMigration,action,https://github.com/Azure/azure-rest-api-specs/blob/bf9983dd77d8691739ffac9160ff8bb93bd74288/specification/network/resource-manager/Microsoft.Network/Network/Network/ExpressRouteCrossConnection.tsp#L343,microsoft.network/expressroutecrossconnections|/subscriptions/{}/resourcegroups/{}/providers/microsoft.network/expressroutecrossconnections/{},Microsoft.Network/expressRouteCrossConnections,/subscriptions/{subscriptionId}/resourceGroups/{resourceGroupName}/providers/Microsoft.Network/expressRouteCrossConnections/{crossConnectionName},ExpressRouteCrossConnection
patch|/subscriptions/{}/resourcegroups/{}/providers/microsoft.network/expressroutecrossconnections/{},updateTags,patch,/subscriptions/{subscriptionId}/resourceGroups/{resourceGroupName}/providers/Microsoft.Network/expressRouteCrossConnections/{crossConnectionName},update,https://github.com/Azure/azure-rest-api-specs/blob/bf9983dd77d8691739ffac9160ff8bb93bd74288/specification/network/resource-manager/Microsoft.Network/Network/Network/ExpressRouteCrossConnection.tsp#L96,microsoft.network/expressroutecrossconnections|/subscriptions/{}/resourcegroups/{}/providers/microsoft.network/expressroutecrossconnections/{},Microsoft.Network/expressRouteCrossConnections,/subscriptions/{subscriptionId}/resourceGroups/{resourceGroupName}/providers/Microsoft.Network/expressRouteCrossConnections/{crossConnectionName},ExpressRouteCrossConnection
post|/subscriptions/{}/resourcegroups/{}/providers/microsoft.network/expressroutecrossconnections/{}/validatecircuitmigration,validateCircuitMigration,post,/subscriptions/{subscriptionId}/resourceGroups/{resourceGroupName}/providers/Microsoft.Network/expressRouteCrossConnections/{crossConnectionName}/validateCircuitMigration,action,https://github.com/Azure/azure-rest-api-specs/blob/bf9983dd77d8691739ffac9160ff8bb93bd74288/specification/network/resource-manager/Microsoft.Network/Network/Network/ExpressRouteCrossConnection.tsp#L298,microsoft.network/expressroutecrossconnections|/subscriptions/{}/resourcegroups/{}/providers/microsoft.network/expressroutecrossconnections/{},Microsoft.Network/expressRouteCrossConnections,/subscriptions/{subscriptionId}/resourceGroups/{resourceGroupName}/providers/Microsoft.Network/expressRouteCrossConnections/{crossConnectionName},ExpressRouteCrossConnection
put|/subscriptions/{}/resourcegroups/{}/providers/microsoft.network/expressroutegateways/{},createOrUpdate,put,/subscriptions/{subscriptionId}/resourceGroups/{resourceGroupName}/providers/Microsoft.Network/expressRouteGateways/{expressRouteGatewayName},createOrUpdate,https://github.com/Azure/azure-rest-api-specs/blob/bf9983dd77d8691739ffac9160ff8bb93bd74288/specification/network/resource-manager/Microsoft.Network/Network/Network/ExpressRouteGateway.tsp#L103,microsoft.network/expressroutegateways|/subscriptions/{}/resourcegroups/{}/providers/microsoft.network/expressroutegateways/{},Microsoft.Network/expressRouteGateways,/subscriptions/{subscriptionId}/resourceGroups/{resourceGroupName}/providers/Microsoft.Network/expressRouteGateways/{expressRouteGatewayName},ExpressRouteGateway
delete|/subscriptions/{}/resourcegroups/{}/providers/microsoft.network/expressroutegateways/{},delete,delete,/subscriptions/{subscriptionId}/resourceGroups/{resourceGroupName}/providers/Microsoft.Network/expressRouteGateways/{expressRouteGatewayName},delete,https://github.com/Azure/azure-rest-api-specs/blob/bf9983dd77d8691739ffac9160ff8bb93bd74288/specification/network/resource-manager/Microsoft.Network/Network/Network/ExpressRouteGateway.tsp#L129,microsoft.network/expressroutegateways|/subscriptions/{}/resourcegroups/{}/providers/microsoft.network/expressroutegateways/{},Microsoft.Network/expressRouteGateways,/subscriptions/{subscriptionId}/resourceGroups/{resourceGroupName}/providers/Microsoft.Network/expressRouteGateways/{expressRouteGatewayName},ExpressRouteGateway
put|/subscriptions/{}/resourcegroups/{}/providers/microsoft.network/expressroutegateways/{}/expressrouteconnections/{},expressRouteConnectionsCreateOrUpdate,put,/subscriptions/{subscriptionId}/resourceGroups/{resourceGroupName}/providers/Microsoft.Network/expressRouteGateways/{expressRouteGatewayName}/expressRouteConnections/{connectionName},action,https://github.com/Azure/azure-rest-api-specs/blob/bf9983dd77d8691739ffac9160ff8bb93bd74288/specification/network/resource-manager/Microsoft.Network/Network/Network/ExpressRouteGateway.tsp#L172,microsoft.network/expressroutegateways|/subscriptions/{}/resourcegroups/{}/providers/microsoft.network/expressroutegateways/{},Microsoft.Network/expressRouteGateways,/subscriptions/{subscriptionId}/resourceGroups/{resourceGroupName}/providers/Microsoft.Network/expressRouteGateways/{expressRouteGatewayName},ExpressRouteGateway
delete|/subscriptions/{}/resourcegroups/{}/providers/microsoft.network/expressroutegateways/{}/expressrouteconnections/{},expressRouteConnectionsDelete,delete,/subscriptions/{subscriptionId}/resourceGroups/{resourceGroupName}/providers/Microsoft.Network/expressRouteGateways/{expressRouteGatewayName}/expressRouteConnections/{connectionName},action,https://github.com/Azure/azure-rest-api-specs/blob/bf9983dd77d8691739ffac9160ff8bb93bd74288/specification/network/resource-manager/Microsoft.Network/Network/Network/ExpressRouteGateway.tsp#L205,microsoft.network/expressroutegateways|/subscriptions/{}/resourcegroups/{}/providers/microsoft.network/expressroutegateways/{},Microsoft.Network/expressRouteGateways,/subscriptions/{subscriptionId}/resourceGroups/{resourceGroupName}/providers/Microsoft.Network/expressRouteGateways/{expressRouteGatewayName},ExpressRouteGateway
get|/subscriptions/{}/resourcegroups/{}/providers/microsoft.network/expressroutegateways/{}/expressrouteconnections/{},expressRouteConnectionsGet,get,/subscriptions/{subscriptionId}/resourceGroups/{resourceGroupName}/providers/Microsoft.Network/expressRouteGateways/{expressRouteGatewayName}/expressRouteConnections/{connectionName},action,https://github.com/Azure/azure-rest-api-specs/blob/bf9983dd77d8691739ffac9160ff8bb93bd74288/specification/network/resource-manager/Microsoft.Network/Network/Network/ExpressRouteGateway.tsp#L192,microsoft.network/expressroutegateways|/subscriptions/{}/resourcegroups/{}/providers/microsoft.network/expressroutegateways/{},Microsoft.Network/expressRouteGateways,/subscriptions/{subscriptionId}/resourceGroups/{resourceGroupName}/providers/Microsoft.Network/expressRouteGateways/{expressRouteGatewayName},ExpressRouteGateway
get|/subscriptions/{}/resourcegroups/{}/providers/microsoft.network/expressroutegateways/{},get,get,/subscriptions/{subscriptionId}/resourceGroups/{resourceGroupName}/providers/Microsoft.Network/expressRouteGateways/{expressRouteGatewayName},read,https://github.com/Azure/azure-rest-api-specs/blob/bf9983dd77d8691739ffac9160ff8bb93bd74288/specification/network/resource-manager/Microsoft.Network/Network/Network/ExpressRouteGateway.tsp#L97,microsoft.network/expressroutegateways|/subscriptions/{}/resourcegroups/{}/providers/microsoft.network/expressroutegateways/{},Microsoft.Network/expressRouteGateways,/subscriptions/{subscriptionId}/resourceGroups/{resourceGroupName}/providers/Microsoft.Network/expressRouteGateways/{expressRouteGatewayName},ExpressRouteGateway
post|/subscriptions/{}/resourcegroups/{}/providers/microsoft.network/expressroutegateways/{}/getfailoveralltestsdetails,getFailoverAllTestsDetails,post,/subscriptions/{subscriptionId}/resourceGroups/{resourceGroupName}/providers/Microsoft.Network/expressRouteGateways/{expressRouteGatewayName}/getFailoverAllTestsDetails,action,https://github.com/Azure/azure-rest-api-specs/blob/bf9983dd77d8691739ffac9160ff8bb93bd74288/specification/network/resource-manager/Microsoft.Network/Network/Network/ExpressRouteGateway.tsp#L238,microsoft.network/expressroutegateways|/subscriptions/{}/resourcegroups/{}/providers/microsoft.network/expressroutegateways/{},Microsoft.Network/expressRouteGateways,/subscriptions/{subscriptionId}/resourceGroups/{resourceGroupName}/providers/Microsoft.Network/expressRouteGateways/{expressRouteGatewayName},ExpressRouteGateway
post|/subscriptions/{}/resourcegroups/{}/providers/microsoft.network/expressroutegateways/{}/getfailoversingletestdetails,getFailoverSingleTestDetails,post,/subscriptions/{subscriptionId}/resourceGroups/{resourceGroupName}/providers/Microsoft.Network/expressRouteGateways/{expressRouteGatewayName}/getFailoverSingleTestDetails,action,https://github.com/Azure/azure-rest-api-specs/blob/bf9983dd77d8691739ffac9160ff8bb93bd74288/specification/network/resource-manager/Microsoft.Network/Network/Network/ExpressRouteGateway.tsp#L268,microsoft.network/expressroutegateways|/subscriptions/{}/resourcegroups/{}/providers/microsoft.network/expressroutegateways/{},Microsoft.Network/expressRouteGateways,/subscriptions/{subscriptionId}/resourceGroups/{resourceGroupName}/providers/Microsoft.Network/expressRouteGateways/{expressRouteGatewayName},ExpressRouteGateway
post|/subscriptions/{}/resourcegroups/{}/providers/microsoft.network/expressroutegateways/{}/getresiliencyinformation,getResiliencyInformation,post,/subscriptions/{subscriptionId}/resourceGroups/{resourceGroupName}/providers/Microsoft.Network/expressRouteGateways/{expressRouteGatewayName}/getResiliencyInformation,action,https://github.com/Azure/azure-rest-api-specs/blob/bf9983dd77d8691739ffac9160ff8bb93bd74288/specification/network/resource-manager/Microsoft.Network/Network/Network/ExpressRouteGateway.tsp#L365,microsoft.network/expressroutegateways|/subscriptions/{}/resourcegroups/{}/providers/microsoft.network/expressroutegateways/{},Microsoft.Network/expressRouteGateways,/subscriptions/{subscriptionId}/resourceGroups/{resourceGroupName}/providers/Microsoft.Network/expressRouteGateways/{expressRouteGatewayName},ExpressRouteGateway
post|/subscriptions/{}/resourcegroups/{}/providers/microsoft.network/expressroutegateways/{}/getroutesinformation,getRoutesInformation,post,/subscriptions/{subscriptionId}/resourceGroups/{resourceGroupName}/providers/Microsoft.Network/expressRouteGateways/{expressRouteGatewayName}/getRoutesInformation,action,https://github.com/Azure/azure-rest-api-specs/blob/bf9983dd77d8691739ffac9160ff8bb93bd74288/specification/network/resource-manager/Microsoft.Network/Network/Network/ExpressRouteGateway.tsp#L343,microsoft.network/expressroutegateways|/subscriptions/{}/resourcegroups/{}/providers/microsoft.network/expressroutegateways/{},Microsoft.Network/expressRouteGateways,/subscriptions/{subscriptionId}/resourceGroups/{resourceGroupName}/providers/Microsoft.Network/expressRouteGateways/{expressRouteGatewayName},ExpressRouteGateway
get|/subscriptions/{}/resourcegroups/{}/providers/microsoft.network/expressroutegateways/{}/expressrouteconnections,list,get,/subscriptions/{subscriptionId}/resourceGroups/{resourceGroupName}/providers/Microsoft.Network/expressRouteGateways/{expressRouteGatewayName}/expressRouteConnections,action,https://github.com/Azure/azure-rest-api-specs/blob/bf9983dd77d8691739ffac9160ff8bb93bd74288/specification/network/resource-manager/Microsoft.Network/Network/Network/ExpressRouteGateway.tsp#L225,microsoft.network/expressroutegateways|/subscriptions/{}/resourcegroups/{}/providers/microsoft.network/expressroutegateways/{},Microsoft.Network/expressRouteGateways,/subscriptions/{subscriptionId}/resourceGroups/{resourceGroupName}/providers/Microsoft.Network/expressRouteGateways/{expressRouteGatewayName},ExpressRouteGateway
post|/subscriptions/{}/resourcegroups/{}/providers/microsoft.network/expressroutegateways/{}/startsitefailovertest,startSiteFailoverTest,post,/subscriptions/{subscriptionId}/resourceGroups/{resourceGroupName}/providers/Microsoft.Network/expressRouteGateways/{expressRouteGatewayName}/startSiteFailoverTest,action,https://github.com/Azure/azure-rest-api-specs/blob/bf9983dd77d8691739ffac9160ff8bb93bd74288/specification/network/resource-manager/Microsoft.Network/Network/Network/ExpressRouteGateway.tsp#L299,microsoft.network/expressroutegateways|/subscriptions/{}/resourcegroups/{}/providers/microsoft.network/expressroutegateways/{},Microsoft.Network/expressRouteGateways,/subscriptions/{subscriptionId}/resourceGroups/{resourceGroupName}/providers/Microsoft.Network/expressRouteGateways/{expressRouteGatewayName},ExpressRouteGateway
post|/subscriptions/{}/resourcegroups/{}/providers/microsoft.network/expressroutegateways/{}/stopsitefailovertest,stopSiteFailoverTest,post,/subscriptions/{subscriptionId}/resourceGroups/{resourceGroupName}/providers/Microsoft.Network/expressRouteGateways/{expressRouteGatewayName}/stopSiteFailoverTest,action,https://github.com/Azure/azure-rest-api-specs/blob/bf9983dd77d8691739ffac9160ff8bb93bd74288/specification/network/resource-manager/Microsoft.Network/Network/Network/ExpressRouteGateway.tsp#L323,microsoft.network/expressroutegateways|/subscriptions/{}/resourcegroups/{}/providers/microsoft.network/expressroutegateways/{},Microsoft.Network/expressRouteGateways,/subscriptions/{subscriptionId}/resourceGroups/{resourceGroupName}/providers/Microsoft.Network/expressRouteGateways/{expressRouteGatewayName},ExpressRouteGateway
patch|/subscriptions/{}/resourcegroups/{}/providers/microsoft.network/expressroutegateways/{},updateTags,patch,/subscriptions/{subscriptionId}/resourceGroups/{resourceGroupName}/providers/Microsoft.Network/expressRouteGateways/{expressRouteGatewayName},update,https://github.com/Azure/azure-rest-api-specs/blob/bf9983dd77d8691739ffac9160ff8bb93bd74288/specification/network/resource-manager/Microsoft.Network/Network/Network/ExpressRouteGateway.tsp#L115,microsoft.network/expressroutegateways|/subscriptions/{}/resourcegroups/{}/providers/microsoft.network/expressroutegateways/{},Microsoft.Network/expressRouteGateways,/subscriptions/{subscriptionId}/resourceGroups/{resourceGroupName}/providers/Microsoft.Network/expressRouteGateways/{expressRouteGatewayName},ExpressRouteGateway
put|/subscriptions/{}/resourcegroups/{}/providers/microsoft.network/expressroutelags/{},createOrUpdate,put,/subscriptions/{subscriptionId}/resourceGroups/{resourceGroupName}/providers/Microsoft.Network/expressRouteLags/{expressRouteLagName},createOrUpdate,https://github.com/Azure/azure-rest-api-specs/blob/bf9983dd77d8691739ffac9160ff8bb93bd74288/specification/network/resource-manager/Microsoft.Network/Network/Network/ExpressRouteLag.tsp#L147,microsoft.network/expressroutelags|/subscriptions/{}/resourcegroups/{}/providers/microsoft.network/expressroutelags/{},Microsoft.Network/expressRouteLags,/subscriptions/{subscriptionId}/resourceGroups/{resourceGroupName}/providers/Microsoft.Network/expressRouteLags/{expressRouteLagName},ExpressRouteLag
delete|/subscriptions/{}/resourcegroups/{}/providers/microsoft.network/expressroutelags/{},delete,delete,/subscriptions/{subscriptionId}/resourceGroups/{resourceGroupName}/providers/Microsoft.Network/expressRouteLags/{expressRouteLagName},delete,https://github.com/Azure/azure-rest-api-specs/blob/bf9983dd77d8691739ffac9160ff8bb93bd74288/specification/network/resource-manager/Microsoft.Network/Network/Network/ExpressRouteLag.tsp#L169,microsoft.network/expressroutelags|/subscriptions/{}/resourcegroups/{}/providers/microsoft.network/expressroutelags/{},Microsoft.Network/expressRouteLags,/subscriptions/{subscriptionId}/resourceGroups/{resourceGroupName}/providers/Microsoft.Network/expressRouteLags/{expressRouteLagName},ExpressRouteLag
post|/subscriptions/{}/resourcegroups/{}/providers/microsoft.network/expressroutelags/{}/generateloa,generateLoa,post,/subscriptions/{subscriptionId}/resourceGroups/{resourceGroupName}/providers/Microsoft.Network/expressRouteLags/{expressRouteLagName}/generateLoa,action,https://github.com/Azure/azure-rest-api-specs/blob/bf9983dd77d8691739ffac9160ff8bb93bd74288/specification/network/resource-manager/Microsoft.Network/Network/Network/ExpressRouteLag.tsp#L206,microsoft.network/expressroutelags|/subscriptions/{}/resourcegroups/{}/providers/microsoft.network/expressroutelags/{},Microsoft.Network/expressRouteLags,/subscriptions/{subscriptionId}/resourceGroups/{resourceGroupName}/providers/Microsoft.Network/expressRouteLags/{expressRouteLagName},ExpressRouteLag
get|/subscriptions/{}/resourcegroups/{}/providers/microsoft.network/expressroutelags/{},get,get,/subscriptions/{subscriptionId}/resourceGroups/{resourceGroupName}/providers/Microsoft.Network/expressRouteLags/{expressRouteLagName},read,https://github.com/Azure/azure-rest-api-specs/blob/bf9983dd77d8691739ffac9160ff8bb93bd74288/specification/network/resource-manager/Microsoft.Network/Network/Network/ExpressRouteLag.tsp#L140,microsoft.network/expressroutelags|/subscriptions/{}/resourcegroups/{}/providers/microsoft.network/expressroutelags/{},Microsoft.Network/expressRouteLags,/subscriptions/{subscriptionId}/resourceGroups/{resourceGroupName}/providers/Microsoft.Network/expressRouteLags/{expressRouteLagName},ExpressRouteLag
get|/subscriptions/{}/resourcegroups/{}/providers/microsoft.network/expressroutelags/{}/links/{},linksGet,get,/subscriptions/{subscriptionId}/resourceGroups/{resourceGroupName}/providers/Microsoft.Network/expressRouteLags/{expressRouteLagName}/links/{linkName},action,https://github.com/Azure/azure-rest-api-specs/blob/bf9983dd77d8691739ffac9160ff8bb93bd74288/specification/network/resource-manager/Microsoft.Network/Network/Network/ExpressRouteLag.tsp#L219,microsoft.network/expressroutelags|/subscriptions/{}/resourcegroups/{}/providers/microsoft.network/expressroutelags/{},Microsoft.Network/expressRouteLags,/subscriptions/{subscriptionId}/resourceGroups/{resourceGroupName}/providers/Microsoft.Network/expressRouteLags/{expressRouteLagName},ExpressRouteLag
get|/subscriptions/{}/resourcegroups/{}/providers/microsoft.network/expressroutelags/{}/links,linksList,get,/subscriptions/{subscriptionId}/resourceGroups/{resourceGroupName}/providers/Microsoft.Network/expressRouteLags/{expressRouteLagName}/links,action,https://github.com/Azure/azure-rest-api-specs/blob/bf9983dd77d8691739ffac9160ff8bb93bd74288/specification/network/resource-manager/Microsoft.Network/Network/Network/ExpressRouteLag.tsp#L234,microsoft.network/expressroutelags|/subscriptions/{}/resourcegroups/{}/providers/microsoft.network/expressroutelags/{},Microsoft.Network/expressRouteLags,/subscriptions/{subscriptionId}/resourceGroups/{resourceGroupName}/providers/Microsoft.Network/expressRouteLags/{expressRouteLagName},ExpressRouteLag
get|/subscriptions/{}/providers/microsoft.network/expressroutelags,list,get,/subscriptions/{subscriptionId}/providers/Microsoft.Network/expressRouteLags,list,https://github.com/Azure/azure-rest-api-specs/blob/bf9983dd77d8691739ffac9160ff8bb93bd74288/specification/network/resource-manager/Microsoft.Network/Network/Network/ExpressRouteLag.tsp#L194,microsoft.network/expressroutelags|/subscriptions/{}/resourcegroups/{}/providers/microsoft.network/expressroutelags/{},Microsoft.Network/expressRouteLags,/subscriptions/{subscriptionId}/resourceGroups/{resourceGroupName}/providers/Microsoft.Network/expressRouteLags/{expressRouteLagName},ExpressRouteLag
get|/subscriptions/{}/resourcegroups/{}/providers/microsoft.network/expressroutelags,listByResourceGroup,get,/subscriptions/{subscriptionId}/resourceGroups/{resourceGroupName}/providers/Microsoft.Network/expressRouteLags,list,https://github.com/Azure/azure-rest-api-specs/blob/bf9983dd77d8691739ffac9160ff8bb93bd74288/specification/network/resource-manager/Microsoft.Network/Network/Network/ExpressRouteLag.tsp#L183,microsoft.network/expressroutelags|/subscriptions/{}/resourcegroups/{}/providers/microsoft.network/expressroutelags/{},Microsoft.Network/expressRouteLags,/subscriptions/{subscriptionId}/resourceGroups/{resourceGroupName}/providers/Microsoft.Network/expressRouteLags/{expressRouteLagName},ExpressRouteLag
get|/subscriptions/{}/resourcegroups/{}/providers/microsoft.network/expressroutelags/{}/links/{}/members/{},membersGet,get,/subscriptions/{subscriptionId}/resourceGroups/{resourceGroupName}/providers/Microsoft.Network/expressRouteLags/{expressRouteLagName}/links/{linkName}/members/{memberName},action,https://github.com/Azure/azure-rest-api-specs/blob/bf9983dd77d8691739ffac9160ff8bb93bd74288/specification/network/resource-manager/Microsoft.Network/Network/Network/ExpressRouteLag.tsp#L247,microsoft.network/expressroutelags|/subscriptions/{}/resourcegroups/{}/providers/microsoft.network/expressroutelags/{},Microsoft.Network/expressRouteLags,/subscriptions/{subscriptionId}/resourceGroups/{resourceGroupName}/providers/Microsoft.Network/expressRouteLags/{expressRouteLagName},ExpressRouteLag
patch|/subscriptions/{}/resourcegroups/{}/providers/microsoft.network/expressroutelags/{},update,patch,/subscriptions/{subscriptionId}/resourceGroups/{resourceGroupName}/providers/Microsoft.Network/expressRouteLags/{expressRouteLagName},update,https://github.com/Azure/azure-rest-api-specs/blob/bf9983dd77d8691739ffac9160ff8bb93bd74288/specification/network/resource-manager/Microsoft.Network/Network/Network/ExpressRouteLag.tsp#L158,microsoft.network/expressroutelags|/subscriptions/{}/resourcegroups/{}/providers/microsoft.network/expressroutelags/{},Microsoft.Network/expressRouteLags,/subscriptions/{subscriptionId}/resourceGroups/{resourceGroupName}/providers/Microsoft.Network/expressRouteLags/{expressRouteLagName},ExpressRouteLag
put|/subscriptions/{}/resourcegroups/{}/providers/microsoft.network/expressrouteports/{},createOrUpdate,put,/subscriptions/{subscriptionId}/resourceGroups/{resourceGroupName}/providers/Microsoft.Network/ExpressRoutePorts/{expressRoutePortName},createOrUpdate,https://github.com/Azure/azure-rest-api-specs/blob/bf9983dd77d8691739ffac9160ff8bb93bd74288/specification/network/resource-manager/Microsoft.Network/Network/Network/ExpressRoutePort.tsp#L86,microsoft.network/expressrouteports|/subscriptions/{}/resourcegroups/{}/providers/microsoft.network/expressrouteports/{},Microsoft.Network/ExpressRoutePorts,/subscriptions/{subscriptionId}/resourceGroups/{resourceGroupName}/providers/Microsoft.Network/ExpressRoutePorts/{expressRoutePortName},ExpressRoutePort
delete|/subscriptions/{}/resourcegroups/{}/providers/microsoft.network/expressrouteports/{},delete,delete,/subscriptions/{subscriptionId}/resourceGroups/{resourceGroupName}/providers/Microsoft.Network/ExpressRoutePorts/{expressRoutePortName},delete,https://github.com/Azure/azure-rest-api-specs/blob/bf9983dd77d8691739ffac9160ff8bb93bd74288/specification/network/resource-manager/Microsoft.Network/Network/Network/ExpressRoutePort.tsp#L111,microsoft.network/expressrouteports|/subscriptions/{}/resourcegroups/{}/providers/microsoft.network/expressrouteports/{},Microsoft.Network/ExpressRoutePorts,/subscriptions/{subscriptionId}/resourceGroups/{resourceGroupName}/providers/Microsoft.Network/ExpressRoutePorts/{expressRoutePortName},ExpressRoutePort
get|/subscriptions/{}/resourcegroups/{}/providers/microsoft.network/expressrouteports/{}/links/{},expressRouteLinksGet,get,/subscriptions/{subscriptionId}/resourceGroups/{resourceGroupName}/providers/Microsoft.Network/ExpressRoutePorts/{expressRoutePortName}/links/{linkName},action,https://github.com/Azure/azure-rest-api-specs/blob/bf9983dd77d8691739ffac9160ff8bb93bd74288/specification/network/resource-manager/Microsoft.Network/Network/Network/ExpressRoutePort.tsp#L163,microsoft.network/expressrouteports|/subscriptions/{}/resourcegroups/{}/providers/microsoft.network/expressrouteports/{},Microsoft.Network/ExpressRoutePorts,/subscriptions/{subscriptionId}/resourceGroups/{resourceGroupName}/providers/Microsoft.Network/ExpressRoutePorts/{expressRoutePortName},ExpressRoutePort
get|/subscriptions/{}/resourcegroups/{}/providers/microsoft.network/expressrouteports/{}/links,expressRouteLinksList,get,/subscriptions/{subscriptionId}/resourceGroups/{resourceGroupName}/providers/Microsoft.Network/ExpressRoutePorts/{expressRoutePortName}/links,action,https://github.com/Azure/azure-rest-api-specs/blob/bf9983dd77d8691739ffac9160ff8bb93bd74288/specification/network/resource-manager/Microsoft.Network/Network/Network/ExpressRoutePort.tsp#L178,microsoft.network/expressrouteports|/subscriptions/{}/resourcegroups/{}/providers/microsoft.network/expressrouteports/{},Microsoft.Network/ExpressRoutePorts,/subscriptions/{subscriptionId}/resourceGroups/{resourceGroupName}/providers/Microsoft.Network/ExpressRoutePorts/{expressRoutePortName},ExpressRoutePort
post|/subscriptions/{}/resourcegroups/{}/providers/microsoft.network/expressrouteports/{}/generateloa,generateLOA,post,/subscriptions/{subscriptionId}/resourceGroups/{resourceGroupName}/providers/Microsoft.Network/ExpressRoutePorts/{expressRoutePortName}/generateLoa,action,https://github.com/Azure/azure-rest-api-specs/blob/bf9983dd77d8691739ffac9160ff8bb93bd74288/specification/network/resource-manager/Microsoft.Network/Network/Network/ExpressRoutePort.tsp#L150,microsoft.network/expressrouteports|/subscriptions/{}/resourcegroups/{}/providers/microsoft.network/expressrouteports/{},Microsoft.Network/ExpressRoutePorts,/subscriptions/{subscriptionId}/resourceGroups/{resourceGroupName}/providers/Microsoft.Network/ExpressRoutePorts/{expressRoutePortName},ExpressRoutePort
get|/subscriptions/{}/resourcegroups/{}/providers/microsoft.network/expressrouteports/{},get,get,/subscriptions/{subscriptionId}/resourceGroups/{resourceGroupName}/providers/Microsoft.Network/ExpressRoutePorts/{expressRoutePortName},read,https://github.com/Azure/azure-rest-api-specs/blob/bf9983dd77d8691739ffac9160ff8bb93bd74288/specification/network/resource-manager/Microsoft.Network/Network/Network/ExpressRoutePort.tsp#L79,microsoft.network/expressrouteports|/subscriptions/{}/resourcegroups/{}/providers/microsoft.network/expressrouteports/{},Microsoft.Network/ExpressRoutePorts,/subscriptions/{subscriptionId}/resourceGroups/{resourceGroupName}/providers/Microsoft.Network/ExpressRoutePorts/{expressRoutePortName},ExpressRoutePort
get|/subscriptions/{}/providers/microsoft.network/expressrouteports,list,get,/subscriptions/{subscriptionId}/providers/Microsoft.Network/ExpressRoutePorts,list,https://github.com/Azure/azure-rest-api-specs/blob/bf9983dd77d8691739ffac9160ff8bb93bd74288/specification/network/resource-manager/Microsoft.Network/Network/Network/ExpressRoutePort.tsp#L137,microsoft.network/expressrouteports|/subscriptions/{}/resourcegroups/{}/providers/microsoft.network/expressrouteports/{},Microsoft.Network/ExpressRoutePorts,/subscriptions/{subscriptionId}/resourceGroups/{resourceGroupName}/providers/Microsoft.Network/ExpressRoutePorts/{expressRoutePortName},ExpressRoutePort
get|/subscriptions/{}/resourcegroups/{}/providers/microsoft.network/expressrouteports,listByResourceGroup,get,/subscriptions/{subscriptionId}/resourceGroups/{resourceGroupName}/providers/Microsoft.Network/ExpressRoutePorts,list,https://github.com/Azure/azure-rest-api-specs/blob/bf9983dd77d8691739ffac9160ff8bb93bd74288/specification/network/resource-manager/Microsoft.Network/Network/Network/ExpressRoutePort.tsp#L126,microsoft.network/expressrouteports|/subscriptions/{}/resourcegroups/{}/providers/microsoft.network/expressrouteports/{},Microsoft.Network/ExpressRoutePorts,/subscriptions/{subscriptionId}/resourceGroups/{resourceGroupName}/providers/Microsoft.Network/ExpressRoutePorts/{expressRoutePortName},ExpressRoutePort
patch|/subscriptions/{}/resourcegroups/{}/providers/microsoft.network/expressrouteports/{},updateTags,patch,/subscriptions/{subscriptionId}/resourceGroups/{resourceGroupName}/providers/Microsoft.Network/ExpressRoutePorts/{expressRoutePortName},update,https://github.com/Azure/azure-rest-api-specs/blob/bf9983dd77d8691739ffac9160ff8bb93bd74288/specification/network/resource-manager/Microsoft.Network/Network/Network/ExpressRoutePort.tsp#L97,microsoft.network/expressrouteports|/subscriptions/{}/resourcegroups/{}/providers/microsoft.network/expressrouteports/{},Microsoft.Network/ExpressRoutePorts,/subscriptions/{subscriptionId}/resourceGroups/{resourceGroupName}/providers/Microsoft.Network/ExpressRoutePorts/{expressRoutePortName},ExpressRoutePort
put|/subscriptions/{}/resourcegroups/{}/providers/microsoft.network/expressrouteports/{}/authorizations/{},createOrUpdate,put,/subscriptions/{subscriptionId}/resourceGroups/{resourceGroupName}/providers/Microsoft.Network/expressRoutePorts/{expressRoutePortName}/authorizations/{authorizationName},createOrUpdate,https://github.com/Azure/azure-rest-api-specs/blob/bf9983dd77d8691739ffac9160ff8bb93bd74288/specification/network/resource-manager/Microsoft.Network/Network/Network/ExpressRoutePortAuthorization.tsp#L81,microsoft.network/expressrouteports/authorizations|/subscriptions/{}/resourcegroups/{}/providers/microsoft.network/expressrouteports/{}/authorizations/{},Microsoft.Network/expressRoutePorts/authorizations,/subscriptions/{subscriptionId}/resourceGroups/{resourceGroupName}/providers/Microsoft.Network/expressRoutePorts/{expressRoutePortName}/authorizations/{authorizationName},ExpressRoutePortsAuthorizations
delete|/subscriptions/{}/resourcegroups/{}/providers/microsoft.network/expressrouteports/{}/authorizations/{},delete,delete,/subscriptions/{subscriptionId}/resourceGroups/{resourceGroupName}/providers/Microsoft.Network/expressRoutePorts/{expressRoutePortName}/authorizations/{authorizationName},delete,https://github.com/Azure/azure-rest-api-specs/blob/bf9983dd77d8691739ffac9160ff8bb93bd74288/specification/network/resource-manager/Microsoft.Network/Network/Network/ExpressRoutePortAuthorization.tsp#L92,microsoft.network/expressrouteports/authorizations|/subscriptions/{}/resourcegroups/{}/providers/microsoft.network/expressrouteports/{}/authorizations/{},Microsoft.Network/expressRoutePorts/authorizations,/subscriptions/{subscriptionId}/resourceGroups/{resourceGroupName}/providers/Microsoft.Network/expressRoutePorts/{expressRoutePortName}/authorizations/{authorizationName},ExpressRoutePortsAuthorizations
get|/subscriptions/{}/resourcegroups/{}/providers/microsoft.network/expressrouteports/{}/authorizations/{},get,get,/subscriptions/{subscriptionId}/resourceGroups/{resourceGroupName}/providers/Microsoft.Network/expressRoutePorts/{expressRoutePortName}/authorizations/{authorizationName},read,https://github.com/Azure/azure-rest-api-specs/blob/bf9983dd77d8691739ffac9160ff8bb93bd74288/specification/network/resource-manager/Microsoft.Network/Network/Network/ExpressRoutePortAuthorization.tsp#L73,microsoft.network/expressrouteports/authorizations|/subscriptions/{}/resourcegroups/{}/providers/microsoft.network/expressrouteports/{}/authorizations/{},Microsoft.Network/expressRoutePorts/authorizations,/subscriptions/{subscriptionId}/resourceGroups/{resourceGroupName}/providers/Microsoft.Network/expressRoutePorts/{expressRoutePortName}/authorizations/{authorizationName},ExpressRoutePortsAuthorizations
get|/subscriptions/{}/resourcegroups/{}/providers/microsoft.network/expressrouteports/{}/authorizations,list,get,/subscriptions/{subscriptionId}/resourceGroups/{resourceGroupName}/providers/Microsoft.Network/expressRoutePorts/{expressRoutePortName}/authorizations,list,https://github.com/Azure/azure-rest-api-specs/blob/bf9983dd77d8691739ffac9160ff8bb93bd74288/specification/network/resource-manager/Microsoft.Network/Network/Network/ExpressRoutePortAuthorization.tsp#L105,microsoft.network/expressrouteports/authorizations|/subscriptions/{}/resourcegroups/{}/providers/microsoft.network/expressrouteports/{}/authorizations/{},Microsoft.Network/expressRoutePorts/authorizations,/subscriptions/{subscriptionId}/resourceGroups/{resourceGroupName}/providers/Microsoft.Network/expressRoutePorts/{expressRoutePortName}/authorizations/{authorizationName},ExpressRoutePortsAuthorizations
post|/subscriptions/{}/resourcegroups/{}/providers/microsoft.network/expressrouteports/{}/authorizations/{}/listkeys,listKeys,post,/subscriptions/{subscriptionId}/resourceGroups/{resourceGroupName}/providers/Microsoft.Network/expressRoutePorts/{expressRoutePortName}/authorizations/{authorizationName}/listKeys,action,https://github.com/Azure/azure-rest-api-specs/blob/bf9983dd77d8691739ffac9160ff8bb93bd74288/specification/network/resource-manager/Microsoft.Network/Network/Network/ExpressRoutePortAuthorization.tsp#L116,microsoft.network/expressrouteports/authorizations|/subscriptions/{}/resourcegroups/{}/providers/microsoft.network/expressrouteports/{}/authorizations/{},Microsoft.Network/expressRoutePorts/authorizations,/subscriptions/{subscriptionId}/resourceGroups/{resourceGroupName}/providers/Microsoft.Network/expressRoutePorts/{expressRoutePortName}/authorizations/{authorizationName},ExpressRoutePortsAuthorizations
get|/subscriptions/{}/providers/microsoft.network/expressrouteportslocations/{},get,get,/subscriptions/{subscriptionId}/providers/Microsoft.Network/ExpressRoutePortsLocations/{locationName},read,https://github.com/Azure/azure-rest-api-specs/blob/bf9983dd77d8691739ffac9160ff8bb93bd74288/specification/network/resource-manager/Microsoft.Network/Network/Network/ExpressRoutePortsLocation.tsp#L43,microsoft.network/expressrouteportslocations|/subscriptions/{}/providers/microsoft.network/expressrouteportslocations/{},Microsoft.Network/ExpressRoutePortsLocations,/subscriptions/{subscriptionId}/providers/Microsoft.Network/ExpressRoutePortsLocations/{locationName},ExpressRoutePortsLocation
get|/subscriptions/{}/providers/microsoft.network/expressrouteportslocations,list,get,/subscriptions/{subscriptionId}/providers/Microsoft.Network/ExpressRoutePortsLocations,list,https://github.com/Azure/azure-rest-api-specs/blob/bf9983dd77d8691739ffac9160ff8bb93bd74288/specification/network/resource-manager/Microsoft.Network/Network/Network/ExpressRoutePortsLocation.tsp#L52,microsoft.network/expressrouteportslocations|/subscriptions/{}/providers/microsoft.network/expressrouteportslocations/{},Microsoft.Network/ExpressRoutePortsLocations,/subscriptions/{subscriptionId}/providers/Microsoft.Network/ExpressRoutePortsLocations/{locationName},ExpressRoutePortsLocation
get|/subscriptions/{}/providers/microsoft.network/expressrouteproviderports/{},expressRouteProviderPort,get,/subscriptions/{subscriptionId}/providers/Microsoft.Network/expressRouteProviderPorts/{providerport},read,https://github.com/Azure/azure-rest-api-specs/blob/bf9983dd77d8691739ffac9160ff8bb93bd74288/specification/network/resource-manager/Microsoft.Network/Network/Network/ExpressRouteProviderPort.tsp#L49,microsoft.network/expressrouteproviderports|/subscriptions/{}/providers/microsoft.network/expressrouteproviderports/{},Microsoft.Network/expressRouteProviderPorts,/subscriptions/{subscriptionId}/providers/Microsoft.Network/expressRouteProviderPorts/{providerport},ExpressRouteProviderPort
get|/subscriptions/{}/providers/microsoft.network/expressrouteproviderports,list,get,/subscriptions/{subscriptionId}/providers/Microsoft.Network/expressRouteProviderPorts,list,https://github.com/Azure/azure-rest-api-specs/blob/bf9983dd77d8691739ffac9160ff8bb93bd74288/specification/network/resource-manager/Microsoft.Network/Network/Network/ExpressRouteProviderPort.tsp#L58,microsoft.network/expressrouteproviderports|/subscriptions/{}/providers/microsoft.network/expressrouteproviderports/{},Microsoft.Network/expressRouteProviderPorts,/subscriptions/{subscriptionId}/providers/Microsoft.Network/expressRouteProviderPorts/{providerport},ExpressRouteProviderPort
put|/subscriptions/{}/resourcegroups/{}/providers/microsoft.network/firewallpolicies/{},createOrUpdate,put,/subscriptions/{subscriptionId}/resourceGroups/{resourceGroupName}/providers/Microsoft.Network/firewallPolicies/{firewallPolicyName},createOrUpdate,https://github.com/Azure/azure-rest-api-specs/blob/bf9983dd77d8691739ffac9160ff8bb93bd74288/specification/network/resource-manager/Microsoft.Network/Network/Network/FirewallPolicy.tsp#L71,microsoft.network/firewallpolicies|/subscriptions/{}/resourcegroups/{}/providers/microsoft.network/firewallpolicies/{},Microsoft.Network/firewallPolicies,/subscriptions/{subscriptionId}/resourceGroups/{resourceGroupName}/providers/Microsoft.Network/firewallPolicies/{firewallPolicyName},FirewallPolicy
delete|/subscriptions/{}/resourcegroups/{}/providers/microsoft.network/firewallpolicies/{},delete,delete,/subscriptions/{subscriptionId}/resourceGroups/{resourceGroupName}/providers/Microsoft.Network/firewallPolicies/{firewallPolicyName},delete,https://github.com/Azure/azure-rest-api-specs/blob/bf9983dd77d8691739ffac9160ff8bb93bd74288/specification/network/resource-manager/Microsoft.Network/Network/Network/FirewallPolicy.tsp#L100,microsoft.network/firewallpolicies|/subscriptions/{}/resourcegroups/{}/providers/microsoft.network/firewallpolicies/{},Microsoft.Network/firewallPolicies,/subscriptions/{subscriptionId}/resourceGroups/{resourceGroupName}/providers/Microsoft.Network/firewallPolicies/{firewallPolicyName},FirewallPolicy
post|/subscriptions/{}/resourcegroups/{}/providers/microsoft.network/firewallpolicies/{}/deploy,deploy,post,/subscriptions/{subscriptionId}/resourceGroups/{resourceGroupName}/providers/Microsoft.Network/firewallPolicies/{firewallPolicyName}/deploy,action,https://github.com/Azure/azure-rest-api-specs/blob/bf9983dd77d8691739ffac9160ff8bb93bd74288/specification/network/resource-manager/Microsoft.Network/Network/Network/FirewallPolicy.tsp#L147,microsoft.network/firewallpolicies|/subscriptions/{}/resourcegroups/{}/providers/microsoft.network/firewallpolicies/{},Microsoft.Network/firewallPolicies,/subscriptions/{subscriptionId}/resourceGroups/{resourceGroupName}/providers/Microsoft.Network/firewallPolicies/{firewallPolicyName},FirewallPolicy
post|/subscriptions/{}/resourcegroups/{}/providers/microsoft.network/firewallpolicies/{}/listidpsfilteroptions,firewallPolicyIdpsSignaturesFilterValuesList,post,/subscriptions/{subscriptionId}/resourceGroups/{resourceGroupName}/providers/Microsoft.Network/firewallPolicies/{firewallPolicyName}/listIdpsFilterOptions,action,https://github.com/Azure/azure-rest-api-specs/blob/bf9983dd77d8691739ffac9160ff8bb93bd74288/specification/network/resource-manager/Microsoft.Network/Network/Network/FirewallPolicy.tsp#L136,microsoft.network/firewallpolicies|/subscriptions/{}/resourcegroups/{}/providers/microsoft.network/firewallpolicies/{},Microsoft.Network/firewallPolicies,/subscriptions/{subscriptionId}/resourceGroups/{resourceGroupName}/providers/Microsoft.Network/firewallPolicies/{firewallPolicyName},FirewallPolicy
post|/subscriptions/{}/resourcegroups/{}/providers/microsoft.network/firewallpolicies/{}/listidpssignatures,firewallPolicyIdpsSignaturesList,post,/subscriptions/{subscriptionId}/resourceGroups/{resourceGroupName}/providers/Microsoft.Network/firewallPolicies/{firewallPolicyName}/listIdpsSignatures,action,https://github.com/Azure/azure-rest-api-specs/blob/bf9983dd77d8691739ffac9160ff8bb93bd74288/specification/network/resource-manager/Microsoft.Network/Network/Network/FirewallPolicy.tsp#L125,microsoft.network/firewallpolicies|/subscriptions/{}/resourcegroups/{}/providers/microsoft.network/firewallpolicies/{},Microsoft.Network/firewallPolicies,/subscriptions/{subscriptionId}/resourceGroups/{resourceGroupName}/providers/Microsoft.Network/firewallPolicies/{firewallPolicyName},FirewallPolicy
get|/subscriptions/{}/resourcegroups/{}/providers/microsoft.network/firewallpolicies/{},get,get,/subscriptions/{subscriptionId}/resourceGroups/{resourceGroupName}/providers/Microsoft.Network/firewallPolicies/{firewallPolicyName},read,https://github.com/Azure/azure-rest-api-specs/blob/bf9983dd77d8691739ffac9160ff8bb93bd74288/specification/network/resource-manager/Microsoft.Network/Network/Network/FirewallPolicy.tsp#L55,microsoft.network/firewallpolicies|/subscriptions/{}/resourcegroups/{}/providers/microsoft.network/firewallpolicies/{},Microsoft.Network/firewallPolicies,/subscriptions/{subscriptionId}/resourceGroups/{resourceGroupName}/providers/Microsoft.Network/firewallPolicies/{firewallPolicyName},FirewallPolicy
get|/subscriptions/{}/resourcegroups/{}/providers/microsoft.network/firewallpolicies,list,get,/subscriptions/{subscriptionId}/resourceGroups/{resourceGroupName}/providers/Microsoft.Network/firewallPolicies,list,https://github.com/Azure/azure-rest-api-specs/blob/bf9983dd77d8691739ffac9160ff8bb93bd74288/specification/network/resource-manager/Microsoft.Network/Network/Network/FirewallPolicy.tsp#L113,microsoft.network/firewallpolicies|/subscriptions/{}/resourcegroups/{}/providers/microsoft.network/firewallpolicies/{},Microsoft.Network/firewallPolicies,/subscriptions/{subscriptionId}/resourceGroups/{resourceGroupName}/providers/Microsoft.Network/firewallPolicies/{firewallPolicyName},FirewallPolicy
get|/subscriptions/{}/providers/microsoft.network/firewallpolicies,listAll,get,/subscriptions/{subscriptionId}/providers/Microsoft.Network/firewallPolicies,list,https://github.com/Azure/azure-rest-api-specs/blob/bf9983dd77d8691739ffac9160ff8bb93bd74288/specification/network/resource-manager/Microsoft.Network/Network/Network/FirewallPolicy.tsp#L119,microsoft.network/firewallpolicies|/subscriptions/{}/resourcegroups/{}/providers/microsoft.network/firewallpolicies/{},Microsoft.Network/firewallPolicies,/subscriptions/{subscriptionId}/resourceGroups/{resourceGroupName}/providers/Microsoft.Network/firewallPolicies/{firewallPolicyName},FirewallPolicy
patch|/subscriptions/{}/resourcegroups/{}/providers/microsoft.network/firewallpolicies/{},updateTags,patch,/subscriptions/{subscriptionId}/resourceGroups/{resourceGroupName}/providers/Microsoft.Network/firewallPolicies/{firewallPolicyName},update,https://github.com/Azure/azure-rest-api-specs/blob/bf9983dd77d8691739ffac9160ff8bb93bd74288/specification/network/resource-manager/Microsoft.Network/Network/Network/FirewallPolicy.tsp#L89,microsoft.network/firewallpolicies|/subscriptions/{}/resourcegroups/{}/providers/microsoft.network/firewallpolicies/{},Microsoft.Network/firewallPolicies,/subscriptions/{subscriptionId}/resourceGroups/{resourceGroupName}/providers/Microsoft.Network/firewallPolicies/{firewallPolicyName},FirewallPolicy
put|/subscriptions/{}/resourcegroups/{}/providers/microsoft.network/firewallpolicies/{}/firewallpolicydrafts/default,createOrUpdate,put,/subscriptions/{subscriptionId}/resourceGroups/{resourceGroupName}/providers/Microsoft.Network/firewallPolicies/{firewallPolicyName}/firewallPolicyDrafts/default,createOrUpdate,https://github.com/Azure/azure-rest-api-specs/blob/bf9983dd77d8691739ffac9160ff8bb93bd74288/specification/network/resource-manager/Microsoft.Network/Network/Network/FirewallPolicyDraft.tsp#L50,microsoft.network/firewallpolicies/firewallpolicydrafts|/subscriptions/{}/resourcegroups/{}/providers/microsoft.network/firewallpolicies/{}/firewallpolicydrafts/default,Microsoft.Network/firewallPolicies/firewallPolicyDrafts,/subscriptions/{subscriptionId}/resourceGroups/{resourceGroupName}/providers/Microsoft.Network/firewallPolicies/{firewallPolicyName}/firewallPolicyDrafts/default,FirewallPolicyDraft
delete|/subscriptions/{}/resourcegroups/{}/providers/microsoft.network/firewallpolicies/{}/firewallpolicydrafts/default,delete,delete,/subscriptions/{subscriptionId}/resourceGroups/{resourceGroupName}/providers/Microsoft.Network/firewallPolicies/{firewallPolicyName}/firewallPolicyDrafts/default,delete,https://github.com/Azure/azure-rest-api-specs/blob/bf9983dd77d8691739ffac9160ff8bb93bd74288/specification/network/resource-manager/Microsoft.Network/Network/Network/FirewallPolicyDraft.tsp#L58,microsoft.network/firewallpolicies/firewallpolicydrafts|/subscriptions/{}/resourcegroups/{}/providers/microsoft.network/firewallpolicies/{}/firewallpolicydrafts/default,Microsoft.Network/firewallPolicies/firewallPolicyDrafts,/subscriptions/{subscriptionId}/resourceGroups/{resourceGroupName}/providers/Microsoft.Network/firewallPolicies/{firewallPolicyName}/firewallPolicyDrafts/default,FirewallPolicyDraft
get|/subscriptions/{}/resourcegroups/{}/providers/microsoft.network/firewallpolicies/{}/firewallpolicydrafts/default,get,get,/subscriptions/{subscriptionId}/resourceGroups/{resourceGroupName}/providers/Microsoft.Network/firewallPolicies/{firewallPolicyName}/firewallPolicyDrafts/default,read,https://github.com/Azure/azure-rest-api-specs/blob/bf9983dd77d8691739ffac9160ff8bb93bd74288/specification/network/resource-manager/Microsoft.Network/Network/Network/FirewallPolicyDraft.tsp#L45,microsoft.network/firewallpolicies/firewallpolicydrafts|/subscriptions/{}/resourcegroups/{}/providers/microsoft.network/firewallpolicies/{}/firewallpolicydrafts/default,Microsoft.Network/firewallPolicies/firewallPolicyDrafts,/subscriptions/{subscriptionId}/resourceGroups/{resourceGroupName}/providers/Microsoft.Network/firewallPolicies/{firewallPolicyName}/firewallPolicyDrafts/default,FirewallPolicyDraft
put|/subscriptions/{}/resourcegroups/{}/providers/microsoft.network/firewallpolicies/{}/kubeselectorgroups/{},createOrUpdate,put,/subscriptions/{subscriptionId}/resourceGroups/{resourceGroupName}/providers/Microsoft.Network/firewallPolicies/{firewallPolicyName}/kubeSelectorGroups/{kubeSelectorGroupName},createOrUpdate,https://github.com/Azure/azure-rest-api-specs/blob/bf9983dd77d8691739ffac9160ff8bb93bd74288/specification/network/resource-manager/Microsoft.Network/Network/Network/FirewallPolicyKubeSelectorGroup.tsp#L60,microsoft.network/firewallpolicies/kubeselectorgroups|/subscriptions/{}/resourcegroups/{}/providers/microsoft.network/firewallpolicies/{}/kubeselectorgroups/{},Microsoft.Network/firewallPolicies/kubeSelectorGroups,/subscriptions/{subscriptionId}/resourceGroups/{resourceGroupName}/providers/Microsoft.Network/firewallPolicies/{firewallPolicyName}/kubeSelectorGroups/{kubeSelectorGroupName},FirewallPolicyKubeSelectorGroup
delete|/subscriptions/{}/resourcegroups/{}/providers/microsoft.network/firewallpolicies/{}/kubeselectorgroups/{},delete,delete,/subscriptions/{subscriptionId}/resourceGroups/{resourceGroupName}/providers/Microsoft.Network/firewallPolicies/{firewallPolicyName}/kubeSelectorGroups/{kubeSelectorGroupName},delete,https://github.com/Azure/azure-rest-api-specs/blob/bf9983dd77d8691739ffac9160ff8bb93bd74288/specification/network/resource-manager/Microsoft.Network/Network/Network/FirewallPolicyKubeSelectorGroup.tsp#L68,microsoft.network/firewallpolicies/kubeselectorgroups|/subscriptions/{}/resourcegroups/{}/providers/microsoft.network/firewallpolicies/{}/kubeselectorgroups/{},Microsoft.Network/firewallPolicies/kubeSelectorGroups,/subscriptions/{subscriptionId}/resourceGroups/{resourceGroupName}/providers/Microsoft.Network/firewallPolicies/{firewallPolicyName}/kubeSelectorGroups/{kubeSelectorGroupName},FirewallPolicyKubeSelectorGroup
get|/subscriptions/{}/resourcegroups/{}/providers/microsoft.network/firewallpolicies/{}/kubeselectorgroups/{},get,get,/subscriptions/{subscriptionId}/resourceGroups/{resourceGroupName}/providers/Microsoft.Network/firewallPolicies/{firewallPolicyName}/kubeSelectorGroups/{kubeSelectorGroupName},read,https://github.com/Azure/azure-rest-api-specs/blob/bf9983dd77d8691739ffac9160ff8bb93bd74288/specification/network/resource-manager/Microsoft.Network/Network/Network/FirewallPolicyKubeSelectorGroup.tsp#L55,microsoft.network/firewallpolicies/kubeselectorgroups|/subscriptions/{}/resourcegroups/{}/providers/microsoft.network/firewallpolicies/{}/kubeselectorgroups/{},Microsoft.Network/firewallPolicies/kubeSelectorGroups,/subscriptions/{subscriptionId}/resourceGroups/{resourceGroupName}/providers/Microsoft.Network/firewallPolicies/{firewallPolicyName}/kubeSelectorGroups/{kubeSelectorGroupName},FirewallPolicyKubeSelectorGroup
get|/subscriptions/{}/resourcegroups/{}/providers/microsoft.network/firewallpolicies/{}/kubeselectorgroups,list,get,/subscriptions/{subscriptionId}/resourceGroups/{resourceGroupName}/providers/Microsoft.Network/firewallPolicies/{firewallPolicyName}/kubeSelectorGroups,list,https://github.com/Azure/azure-rest-api-specs/blob/bf9983dd77d8691739ffac9160ff8bb93bd74288/specification/network/resource-manager/Microsoft.Network/Network/Network/FirewallPolicyKubeSelectorGroup.tsp#L76,microsoft.network/firewallpolicies/kubeselectorgroups|/subscriptions/{}/resourcegroups/{}/providers/microsoft.network/firewallpolicies/{}/kubeselectorgroups/{},Microsoft.Network/firewallPolicies/kubeSelectorGroups,/subscriptions/{subscriptionId}/resourceGroups/{resourceGroupName}/providers/Microsoft.Network/firewallPolicies/{firewallPolicyName}/kubeSelectorGroups/{kubeSelectorGroupName},FirewallPolicyKubeSelectorGroup
put|/subscriptions/{}/resourcegroups/{}/providers/microsoft.network/firewallpolicies/{}/rulecollectiongroups/{},createOrUpdate,put,/subscriptions/{subscriptionId}/resourceGroups/{resourceGroupName}/providers/Microsoft.Network/firewallPolicies/{firewallPolicyName}/ruleCollectionGroups/{ruleCollectionGroupName},createOrUpdate,https://github.com/Azure/azure-rest-api-specs/blob/bf9983dd77d8691739ffac9160ff8bb93bd74288/specification/network/resource-manager/Microsoft.Network/Network/Network/FirewallPolicyRuleCollectionGroup.tsp#L56,microsoft.network/firewallpolicies/rulecollectiongroups|/subscriptions/{}/resourcegroups/{}/providers/microsoft.network/firewallpolicies/{}/rulecollectiongroups/{},Microsoft.Network/firewallPolicies/ruleCollectionGroups,/subscriptions/{subscriptionId}/resourceGroups/{resourceGroupName}/providers/Microsoft.Network/firewallPolicies/{firewallPolicyName}/ruleCollectionGroups/{ruleCollectionGroupName},FirewallPolicyRuleCollectionGroup
delete|/subscriptions/{}/resourcegroups/{}/providers/microsoft.network/firewallpolicies/{}/rulecollectiongroups/{},delete,delete,/subscriptions/{subscriptionId}/resourceGroups/{resourceGroupName}/providers/Microsoft.Network/firewallPolicies/{firewallPolicyName}/ruleCollectionGroups/{ruleCollectionGroupName},delete,https://github.com/Azure/azure-rest-api-specs/blob/bf9983dd77d8691739ffac9160ff8bb93bd74288/specification/network/resource-manager/Microsoft.Network/Network/Network/FirewallPolicyRuleCollectionGroup.tsp#L65,microsoft.network/firewallpolicies/rulecollectiongroups|/subscriptions/{}/resourcegroups/{}/providers/microsoft.network/firewallpolicies/{}/rulecollectiongroups/{},Microsoft.Network/firewallPolicies/ruleCollectionGroups,/subscriptions/{subscriptionId}/resourceGroups/{resourceGroupName}/providers/Microsoft.Network/firewallPolicies/{firewallPolicyName}/ruleCollectionGroups/{ruleCollectionGroupName},FirewallPolicyRuleCollectionGroup
get|/subscriptions/{}/resourcegroups/{}/providers/microsoft.network/firewallpolicies/{}/rulecollectiongroups/{},get,get,/subscriptions/{subscriptionId}/resourceGroups/{resourceGroupName}/providers/Microsoft.Network/firewallPolicies/{firewallPolicyName}/ruleCollectionGroups/{ruleCollectionGroupName},read,https://github.com/Azure/azure-rest-api-specs/blob/bf9983dd77d8691739ffac9160ff8bb93bd74288/specification/network/resource-manager/Microsoft.Network/Network/Network/FirewallPolicyRuleCollectionGroup.tsp#L51,microsoft.network/firewallpolicies/rulecollectiongroups|/subscriptions/{}/resourcegroups/{}/providers/microsoft.network/firewallpolicies/{}/rulecollectiongroups/{},Microsoft.Network/firewallPolicies/ruleCollectionGroups,/subscriptions/{subscriptionId}/resourceGroups/{resourceGroupName}/providers/Microsoft.Network/firewallPolicies/{firewallPolicyName}/ruleCollectionGroups/{ruleCollectionGroupName},FirewallPolicyRuleCollectionGroup
get|/subscriptions/{}/resourcegroups/{}/providers/microsoft.network/firewallpolicies/{}/rulecollectiongroups,list,get,/subscriptions/{subscriptionId}/resourceGroups/{resourceGroupName}/providers/Microsoft.Network/firewallPolicies/{firewallPolicyName}/ruleCollectionGroups,list,https://github.com/Azure/azure-rest-api-specs/blob/bf9983dd77d8691739ffac9160ff8bb93bd74288/specification/network/resource-manager/Microsoft.Network/Network/Network/FirewallPolicyRuleCollectionGroup.tsp#L77,microsoft.network/firewallpolicies/rulecollectiongroups|/subscriptions/{}/resourcegroups/{}/providers/microsoft.network/firewallpolicies/{}/rulecollectiongroups/{},Microsoft.Network/firewallPolicies/ruleCollectionGroups,/subscriptions/{subscriptionId}/resourceGroups/{resourceGroupName}/providers/Microsoft.Network/firewallPolicies/{firewallPolicyName}/ruleCollectionGroups/{ruleCollectionGroupName},FirewallPolicyRuleCollectionGroup
put|/subscriptions/{}/resourcegroups/{}/providers/microsoft.network/firewallpolicies/{}/rulecollectiongroups/{}/rulecollectiongroupdrafts/default,createOrUpdate,put,/subscriptions/{subscriptionId}/resourceGroups/{resourceGroupName}/providers/Microsoft.Network/firewallPolicies/{firewallPolicyName}/ruleCollectionGroups/{ruleCollectionGroupName}/ruleCollectionGroupDrafts/default,createOrUpdate,https://github.com/Azure/azure-rest-api-specs/blob/bf9983dd77d8691739ffac9160ff8bb93bd74288/specification/network/resource-manager/Microsoft.Network/Network/Network/FirewallPolicyRuleCollectionGroupDraft.tsp#L55,microsoft.network/firewallpolicies/rulecollectiongroups/rulecollectiongroupdrafts|/subscriptions/{}/resourcegroups/{}/providers/microsoft.network/firewallpolicies/{}/rulecollectiongroups/{}/rulecollectiongroupdrafts/default,Microsoft.Network/firewallPolicies/ruleCollectionGroups/ruleCollectionGroupDrafts,/subscriptions/{subscriptionId}/resourceGroups/{resourceGroupName}/providers/Microsoft.Network/firewallPolicies/{firewallPolicyName}/ruleCollectionGroups/{ruleCollectionGroupName}/ruleCollectionGroupDrafts/default,FirewallPolicyRuleCollectionGroupDraft
delete|/subscriptions/{}/resourcegroups/{}/providers/microsoft.network/firewallpolicies/{}/rulecollectiongroups/{}/rulecollectiongroupdrafts/default,delete,delete,/subscriptions/{subscriptionId}/resourceGroups/{resourceGroupName}/providers/Microsoft.Network/firewallPolicies/{firewallPolicyName}/ruleCollectionGroups/{ruleCollectionGroupName}/ruleCollectionGroupDrafts/default,delete,https://github.com/Azure/azure-rest-api-specs/blob/bf9983dd77d8691739ffac9160ff8bb93bd74288/specification/network/resource-manager/Microsoft.Network/Network/Network/FirewallPolicyRuleCollectionGroupDraft.tsp#L63,microsoft.network/firewallpolicies/rulecollectiongroups/rulecollectiongroupdrafts|/subscriptions/{}/resourcegroups/{}/providers/microsoft.network/firewallpolicies/{}/rulecollectiongroups/{}/rulecollectiongroupdrafts/default,Microsoft.Network/firewallPolicies/ruleCollectionGroups/ruleCollectionGroupDrafts,/subscriptions/{subscriptionId}/resourceGroups/{resourceGroupName}/providers/Microsoft.Network/firewallPolicies/{firewallPolicyName}/ruleCollectionGroups/{ruleCollectionGroupName}/ruleCollectionGroupDrafts/default,FirewallPolicyRuleCollectionGroupDraft
get|/subscriptions/{}/resourcegroups/{}/providers/microsoft.network/firewallpolicies/{}/rulecollectiongroups/{}/rulecollectiongroupdrafts/default,get,get,/subscriptions/{subscriptionId}/resourceGroups/{resourceGroupName}/providers/Microsoft.Network/firewallPolicies/{firewallPolicyName}/ruleCollectionGroups/{ruleCollectionGroupName}/ruleCollectionGroupDrafts/default,read,https://github.com/Azure/azure-rest-api-specs/blob/bf9983dd77d8691739ffac9160ff8bb93bd74288/specification/network/resource-manager/Microsoft.Network/Network/Network/FirewallPolicyRuleCollectionGroupDraft.tsp#L47,microsoft.network/firewallpolicies/rulecollectiongroups/rulecollectiongroupdrafts|/subscriptions/{}/resourcegroups/{}/providers/microsoft.network/firewallpolicies/{}/rulecollectiongroups/{}/rulecollectiongroupdrafts/default,Microsoft.Network/firewallPolicies/ruleCollectionGroups/ruleCollectionGroupDrafts,/subscriptions/{subscriptionId}/resourceGroups/{resourceGroupName}/providers/Microsoft.Network/firewallPolicies/{firewallPolicyName}/ruleCollectionGroups/{ruleCollectionGroupName}/ruleCollectionGroupDrafts/default,FirewallPolicyRuleCollectionGroupDraft
put|/subscriptions/{}/resourcegroups/{}/providers/microsoft.network/firstpartyservicetags/{},createOrUpdate,put,/subscriptions/{subscriptionId}/resourceGroups/{resourceGroupName}/providers/Microsoft.Network/firstPartyServiceTags/{firstPartyServiceTagName},createOrUpdate,https://github.com/Azure/azure-rest-api-specs/blob/bf9983dd77d8691739ffac9160ff8bb93bd74288/specification/network/resource-manager/Microsoft.Network/Network/Network/FirstPartyServiceTag.tsp#L107,microsoft.network/firstpartyservicetags|/subscriptions/{}/resourcegroups/{}/providers/microsoft.network/firstpartyservicetags/{},Microsoft.Network/firstPartyServiceTags,/subscriptions/{subscriptionId}/resourceGroups/{resourceGroupName}/providers/Microsoft.Network/firstPartyServiceTags/{firstPartyServiceTagName},FirstPartyServiceTag
delete|/subscriptions/{}/resourcegroups/{}/providers/microsoft.network/firstpartyservicetags/{},delete,delete,/subscriptions/{subscriptionId}/resourceGroups/{resourceGroupName}/providers/Microsoft.Network/firstPartyServiceTags/{firstPartyServiceTagName},delete,https://github.com/Azure/azure-rest-api-specs/blob/bf9983dd77d8691739ffac9160ff8bb93bd74288/specification/network/resource-manager/Microsoft.Network/Network/Network/FirstPartyServiceTag.tsp#L126,microsoft.network/firstpartyservicetags|/subscriptions/{}/resourcegroups/{}/providers/microsoft.network/firstpartyservicetags/{},Microsoft.Network/firstPartyServiceTags,/subscriptions/{subscriptionId}/resourceGroups/{resourceGroupName}/providers/Microsoft.Network/firstPartyServiceTags/{firstPartyServiceTagName},FirstPartyServiceTag
get|/subscriptions/{}/resourcegroups/{}/providers/microsoft.network/firstpartyservicetags/{},get,get,/subscriptions/{subscriptionId}/resourceGroups/{resourceGroupName}/providers/Microsoft.Network/firstPartyServiceTags/{firstPartyServiceTagName},read,https://github.com/Azure/azure-rest-api-specs/blob/bf9983dd77d8691739ffac9160ff8bb93bd74288/specification/network/resource-manager/Microsoft.Network/Network/Network/FirstPartyServiceTag.tsp#L102,microsoft.network/firstpartyservicetags|/subscriptions/{}/resourcegroups/{}/providers/microsoft.network/firstpartyservicetags/{},Microsoft.Network/firstPartyServiceTags,/subscriptions/{subscriptionId}/resourceGroups/{resourceGroupName}/providers/Microsoft.Network/firstPartyServiceTags/{firstPartyServiceTagName},FirstPartyServiceTag
get|/subscriptions/{}/resourcegroups/{}/providers/microsoft.network/firstpartyservicetags,list,get,/subscriptions/{subscriptionId}/resourceGroups/{resourceGroupName}/providers/Microsoft.Network/firstPartyServiceTags,list,https://github.com/Azure/azure-rest-api-specs/blob/bf9983dd77d8691739ffac9160ff8bb93bd74288/specification/network/resource-manager/Microsoft.Network/Network/Network/FirstPartyServiceTag.tsp#L138,microsoft.network/firstpartyservicetags|/subscriptions/{}/resourcegroups/{}/providers/microsoft.network/firstpartyservicetags/{},Microsoft.Network/firstPartyServiceTags,/subscriptions/{subscriptionId}/resourceGroups/{resourceGroupName}/providers/Microsoft.Network/firstPartyServiceTags/{firstPartyServiceTagName},FirstPartyServiceTag
get|/subscriptions/{}/providers/microsoft.network/firstpartyservicetags,listAll,get,/subscriptions/{subscriptionId}/providers/Microsoft.Network/firstPartyServiceTags,list,https://github.com/Azure/azure-rest-api-specs/blob/bf9983dd77d8691739ffac9160ff8bb93bd74288/specification/network/resource-manager/Microsoft.Network/Network/Network/FirstPartyServiceTag.tsp#L143,microsoft.network/firstpartyservicetags|/subscriptions/{}/resourcegroups/{}/providers/microsoft.network/firstpartyservicetags/{},Microsoft.Network/firstPartyServiceTags,/subscriptions/{subscriptionId}/resourceGroups/{resourceGroupName}/providers/Microsoft.Network/firstPartyServiceTags/{firstPartyServiceTagName},FirstPartyServiceTag
patch|/subscriptions/{}/resourcegroups/{}/providers/microsoft.network/firstpartyservicetags/{},updateTags,patch,/subscriptions/{subscriptionId}/resourceGroups/{resourceGroupName}/providers/Microsoft.Network/firstPartyServiceTags/{firstPartyServiceTagName},update,https://github.com/Azure/azure-rest-api-specs/blob/bf9983dd77d8691739ffac9160ff8bb93bd74288/specification/network/resource-manager/Microsoft.Network/Network/Network/FirstPartyServiceTag.tsp#L116,microsoft.network/firstpartyservicetags|/subscriptions/{}/resourcegroups/{}/providers/microsoft.network/firstpartyservicetags/{},Microsoft.Network/firstPartyServiceTags,/subscriptions/{subscriptionId}/resourceGroups/{resourceGroupName}/providers/Microsoft.Network/firstPartyServiceTags/{firstPartyServiceTagName},FirstPartyServiceTag
put|/subscriptions/{}/resourcegroups/{}/providers/microsoft.network/virtualhubs/{}/ipconfigurations/{},createOrUpdate,put,/subscriptions/{subscriptionId}/resourceGroups/{resourceGroupName}/providers/Microsoft.Network/virtualHubs/{virtualHubName}/ipConfigurations/{ipConfigName},createOrUpdate,https://github.com/Azure/azure-rest-api-specs/blob/bf9983dd77d8691739ffac9160ff8bb93bd74288/specification/network/resource-manager/Microsoft.Network/Network/Network/HubIpConfiguration.tsp#L57,microsoft.network/virtualhubs/ipconfigurations|/subscriptions/{}/resourcegroups/{}/providers/microsoft.network/virtualhubs/{}/ipconfigurations/{},Microsoft.Network/virtualHubs/ipConfigurations,/subscriptions/{subscriptionId}/resourceGroups/{resourceGroupName}/providers/Microsoft.Network/virtualHubs/{virtualHubName}/ipConfigurations/{ipConfigName},HubIpConfiguration
delete|/subscriptions/{}/resourcegroups/{}/providers/microsoft.network/virtualhubs/{}/ipconfigurations/{},delete,delete,/subscriptions/{subscriptionId}/resourceGroups/{resourceGroupName}/providers/Microsoft.Network/virtualHubs/{virtualHubName}/ipConfigurations/{ipConfigName},delete,https://github.com/Azure/azure-rest-api-specs/blob/bf9983dd77d8691739ffac9160ff8bb93bd74288/specification/network/resource-manager/Microsoft.Network/Network/Network/HubIpConfiguration.tsp#L66,microsoft.network/virtualhubs/ipconfigurations|/subscriptions/{}/resourcegroups/{}/providers/microsoft.network/virtualhubs/{}/ipconfigurations/{},Microsoft.Network/virtualHubs/ipConfigurations,/subscriptions/{subscriptionId}/resourceGroups/{resourceGroupName}/providers/Microsoft.Network/virtualHubs/{virtualHubName}/ipConfigurations/{ipConfigName},HubIpConfiguration
get|/subscriptions/{}/resourcegroups/{}/providers/microsoft.network/virtualhubs/{}/ipconfigurations/{},get,get,/subscriptions/{subscriptionId}/resourceGroups/{resourceGroupName}/providers/Microsoft.Network/virtualHubs/{virtualHubName}/ipConfigurations/{ipConfigName},read,https://github.com/Azure/azure-rest-api-specs/blob/bf9983dd77d8691739ffac9160ff8bb93bd74288/specification/network/resource-manager/Microsoft.Network/Network/Network/HubIpConfiguration.tsp#L52,microsoft.network/virtualhubs/ipconfigurations|/subscriptions/{}/resourcegroups/{}/providers/microsoft.network/virtualhubs/{}/ipconfigurations/{},Microsoft.Network/virtualHubs/ipConfigurations,/subscriptions/{subscriptionId}/resourceGroups/{resourceGroupName}/providers/Microsoft.Network/virtualHubs/{virtualHubName}/ipConfigurations/{ipConfigName},HubIpConfiguration
get|/subscriptions/{}/resourcegroups/{}/providers/microsoft.network/virtualhubs/{}/ipconfigurations,list,get,/subscriptions/{subscriptionId}/resourceGroups/{resourceGroupName}/providers/Microsoft.Network/virtualHubs/{virtualHubName}/ipConfigurations,list,https://github.com/Azure/azure-rest-api-specs/blob/bf9983dd77d8691739ffac9160ff8bb93bd74288/specification/network/resource-manager/Microsoft.Network/Network/Network/HubIpConfiguration.tsp#L78,microsoft.network/virtualhubs/ipconfigurations|/subscriptions/{}/resourcegroups/{}/providers/microsoft.network/virtualhubs/{}/ipconfigurations/{},Microsoft.Network/virtualHubs/ipConfigurations,/subscriptions/{subscriptionId}/resourceGroups/{resourceGroupName}/providers/Microsoft.Network/virtualHubs/{virtualHubName}/ipConfigurations/{ipConfigName},HubIpConfiguration
put|/subscriptions/{}/resourcegroups/{}/providers/microsoft.network/virtualhubs/{}/hubroutetables/{},createOrUpdate,put,/subscriptions/{subscriptionId}/resourceGroups/{resourceGroupName}/providers/Microsoft.Network/virtualHubs/{virtualHubName}/hubRouteTables/{routeTableName},createOrUpdate,https://github.com/Azure/azure-rest-api-specs/blob/bf9983dd77d8691739ffac9160ff8bb93bd74288/specification/network/resource-manager/Microsoft.Network/Network/Network/HubRouteTable.tsp#L56,microsoft.network/virtualhubs/hubroutetables|/subscriptions/{}/resourcegroups/{}/providers/microsoft.network/virtualhubs/{}/hubroutetables/{},Microsoft.Network/virtualHubs/hubRouteTables,/subscriptions/{subscriptionId}/resourceGroups/{resourceGroupName}/providers/Microsoft.Network/virtualHubs/{virtualHubName}/hubRouteTables/{routeTableName},HubRouteTable
delete|/subscriptions/{}/resourcegroups/{}/providers/microsoft.network/virtualhubs/{}/hubroutetables/{},delete,delete,/subscriptions/{subscriptionId}/resourceGroups/{resourceGroupName}/providers/Microsoft.Network/virtualHubs/{virtualHubName}/hubRouteTables/{routeTableName},delete,https://github.com/Azure/azure-rest-api-specs/blob/bf9983dd77d8691739ffac9160ff8bb93bd74288/specification/network/resource-manager/Microsoft.Network/Network/Network/HubRouteTable.tsp#L65,microsoft.network/virtualhubs/hubroutetables|/subscriptions/{}/resourcegroups/{}/providers/microsoft.network/virtualhubs/{}/hubroutetables/{},Microsoft.Network/virtualHubs/hubRouteTables,/subscriptions/{subscriptionId}/resourceGroups/{resourceGroupName}/providers/Microsoft.Network/virtualHubs/{virtualHubName}/hubRouteTables/{routeTableName},HubRouteTable
get|/subscriptions/{}/resourcegroups/{}/providers/microsoft.network/virtualhubs/{}/hubroutetables/{},get,get,/subscriptions/{subscriptionId}/resourceGroups/{resourceGroupName}/providers/Microsoft.Network/virtualHubs/{virtualHubName}/hubRouteTables/{routeTableName},read,https://github.com/Azure/azure-rest-api-specs/blob/bf9983dd77d8691739ffac9160ff8bb93bd74288/specification/network/resource-manager/Microsoft.Network/Network/Network/HubRouteTable.tsp#L51,microsoft.network/virtualhubs/hubroutetables|/subscriptions/{}/resourcegroups/{}/providers/microsoft.network/virtualhubs/{}/hubroutetables/{},Microsoft.Network/virtualHubs/hubRouteTables,/subscriptions/{subscriptionId}/resourceGroups/{resourceGroupName}/providers/Microsoft.Network/virtualHubs/{virtualHubName}/hubRouteTables/{routeTableName},HubRouteTable
get|/subscriptions/{}/resourcegroups/{}/providers/microsoft.network/virtualhubs/{}/hubroutetables,list,get,/subscriptions/{subscriptionId}/resourceGroups/{resourceGroupName}/providers/Microsoft.Network/virtualHubs/{virtualHubName}/hubRouteTables,list,https://github.com/Azure/azure-rest-api-specs/blob/bf9983dd77d8691739ffac9160ff8bb93bd74288/specification/network/resource-manager/Microsoft.Network/Network/Network/HubRouteTable.tsp#L77,microsoft.network/virtualhubs/hubroutetables|/subscriptions/{}/resourcegroups/{}/providers/microsoft.network/virtualhubs/{}/hubroutetables/{},Microsoft.Network/virtualHubs/hubRouteTables,/subscriptions/{subscriptionId}/resourceGroups/{resourceGroupName}/providers/Microsoft.Network/virtualHubs/{virtualHubName}/hubRouteTables/{routeTableName},HubRouteTable
put|/subscriptions/{}/resourcegroups/{}/providers/microsoft.network/networkvirtualappliances/{}/inboundsecurityrules/{},createOrUpdate,put,/subscriptions/{subscriptionId}/resourceGroups/{resourceGroupName}/providers/Microsoft.Network/networkVirtualAppliances/{networkVirtualApplianceName}/inboundSecurityRules/{ruleCollectionName},createOrUpdate,https://github.com/Azure/azure-rest-api-specs/blob/bf9983dd77d8691739ffac9160ff8bb93bd74288/specification/network/resource-manager/Microsoft.Network/Network/Network/InboundSecurityRule.tsp#L57,microsoft.network/networkvirtualappliances/inboundsecurityrules|/subscriptions/{}/resourcegroups/{}/providers/microsoft.network/networkvirtualappliances/{}/inboundsecurityrules/{},Microsoft.Network/networkVirtualAppliances/inboundSecurityRules,/subscriptions/{subscriptionId}/resourceGroups/{resourceGroupName}/providers/Microsoft.Network/networkVirtualAppliances/{networkVirtualApplianceName}/inboundSecurityRules/{ruleCollectionName},InboundSecurityRule
get|/subscriptions/{}/resourcegroups/{}/providers/microsoft.network/networkvirtualappliances/{}/inboundsecurityrules/{},get,get,/subscriptions/{subscriptionId}/resourceGroups/{resourceGroupName}/providers/Microsoft.Network/networkVirtualAppliances/{networkVirtualApplianceName}/inboundSecurityRules/{ruleCollectionName},read,https://github.com/Azure/azure-rest-api-specs/blob/bf9983dd77d8691739ffac9160ff8bb93bd74288/specification/network/resource-manager/Microsoft.Network/Network/Network/InboundSecurityRule.tsp#L52,microsoft.network/networkvirtualappliances/inboundsecurityrules|/subscriptions/{}/resourcegroups/{}/providers/microsoft.network/networkvirtualappliances/{}/inboundsecurityrules/{},Microsoft.Network/networkVirtualAppliances/inboundSecurityRules,/subscriptions/{subscriptionId}/resourceGroups/{resourceGroupName}/providers/Microsoft.Network/networkVirtualAppliances/{networkVirtualApplianceName}/inboundSecurityRules/{ruleCollectionName},InboundSecurityRule
put|/subscriptions/{}/resourcegroups/{}/providers/microsoft.network/interconnectgroups/{},createOrUpdate,put,/subscriptions/{subscriptionId}/resourceGroups/{resourceGroupName}/providers/Microsoft.Network/interconnectGroups/{interconnectGroupName},createOrUpdate,https://github.com/Azure/azure-rest-api-specs/blob/bf9983dd77d8691739ffac9160ff8bb93bd74288/specification/network/resource-manager/Microsoft.Network/Network/Network/InterconnectGroup.tsp#L89,microsoft.network/interconnectgroups|/subscriptions/{}/resourcegroups/{}/providers/microsoft.network/interconnectgroups/{},Microsoft.Network/interconnectGroups,/subscriptions/{subscriptionId}/resourceGroups/{resourceGroupName}/providers/Microsoft.Network/interconnectGroups/{interconnectGroupName},InterconnectGroup
delete|/subscriptions/{}/resourcegroups/{}/providers/microsoft.network/interconnectgroups/{},delete,delete,/subscriptions/{subscriptionId}/resourceGroups/{resourceGroupName}/providers/Microsoft.Network/interconnectGroups/{interconnectGroupName},delete,https://github.com/Azure/azure-rest-api-specs/blob/bf9983dd77d8691739ffac9160ff8bb93bd74288/specification/network/resource-manager/Microsoft.Network/Network/Network/InterconnectGroup.tsp#L107,microsoft.network/interconnectgroups|/subscriptions/{}/resourcegroups/{}/providers/microsoft.network/interconnectgroups/{},Microsoft.Network/interconnectGroups,/subscriptions/{subscriptionId}/resourceGroups/{resourceGroupName}/providers/Microsoft.Network/interconnectGroups/{interconnectGroupName},InterconnectGroup
get|/subscriptions/{}/resourcegroups/{}/providers/microsoft.network/interconnectgroups/{},get,get,/subscriptions/{subscriptionId}/resourceGroups/{resourceGroupName}/providers/Microsoft.Network/interconnectGroups/{interconnectGroupName},read,https://github.com/Azure/azure-rest-api-specs/blob/bf9983dd77d8691739ffac9160ff8bb93bd74288/specification/network/resource-manager/Microsoft.Network/Network/Network/InterconnectGroup.tsp#L84,microsoft.network/interconnectgroups|/subscriptions/{}/resourcegroups/{}/providers/microsoft.network/interconnectgroups/{},Microsoft.Network/interconnectGroups,/subscriptions/{subscriptionId}/resourceGroups/{resourceGroupName}/providers/Microsoft.Network/interconnectGroups/{interconnectGroupName},InterconnectGroup
post|/subscriptions/{}/resourcegroups/{}/providers/microsoft.network/interconnectgroups/{}/nodeavailability,getNodeAvailability,post,/subscriptions/{subscriptionId}/resourceGroups/{resourceGroupName}/providers/Microsoft.Network/interconnectGroups/{interconnectGroupName}/nodeAvailability,action,https://github.com/Azure/azure-rest-api-specs/blob/bf9983dd77d8691739ffac9160ff8bb93bd74288/specification/network/resource-manager/Microsoft.Network/Network/Network/InterconnectGroup.tsp#L123,microsoft.network/interconnectgroups|/subscriptions/{}/resourcegroups/{}/providers/microsoft.network/interconnectgroups/{},Microsoft.Network/interconnectGroups,/subscriptions/{subscriptionId}/resourceGroups/{resourceGroupName}/providers/Microsoft.Network/interconnectGroups/{interconnectGroupName},InterconnectGroup
get|/subscriptions/{}/resourcegroups/{}/providers/microsoft.network/interconnectgroups,list,get,/subscriptions/{subscriptionId}/resourceGroups/{resourceGroupName}/providers/Microsoft.Network/interconnectGroups,list,https://github.com/Azure/azure-rest-api-specs/blob/bf9983dd77d8691739ffac9160ff8bb93bd74288/specification/network/resource-manager/Microsoft.Network/Network/Network/InterconnectGroup.tsp#L112,microsoft.network/interconnectgroups|/subscriptions/{}/resourcegroups/{}/providers/microsoft.network/interconnectgroups/{},Microsoft.Network/interconnectGroups,/subscriptions/{subscriptionId}/resourceGroups/{resourceGroupName}/providers/Microsoft.Network/interconnectGroups/{interconnectGroupName},InterconnectGroup
get|/subscriptions/{}/providers/microsoft.network/interconnectgroups,listAll,get,/subscriptions/{subscriptionId}/providers/Microsoft.Network/interconnectGroups,list,https://github.com/Azure/azure-rest-api-specs/blob/bf9983dd77d8691739ffac9160ff8bb93bd74288/specification/network/resource-manager/Microsoft.Network/Network/Network/InterconnectGroup.tsp#L117,microsoft.network/interconnectgroups|/subscriptions/{}/resourcegroups/{}/providers/microsoft.network/interconnectgroups/{},Microsoft.Network/interconnectGroups,/subscriptions/{subscriptionId}/resourceGroups/{resourceGroupName}/providers/Microsoft.Network/interconnectGroups/{interconnectGroupName},InterconnectGroup
patch|/subscriptions/{}/resourcegroups/{}/providers/microsoft.network/interconnectgroups/{},updateTags,patch,/subscriptions/{subscriptionId}/resourceGroups/{resourceGroupName}/providers/Microsoft.Network/interconnectGroups/{interconnectGroupName},update,https://github.com/Azure/azure-rest-api-specs/blob/bf9983dd77d8691739ffac9160ff8bb93bd74288/specification/network/resource-manager/Microsoft.Network/Network/Network/InterconnectGroup.tsp#L98,microsoft.network/interconnectgroups|/subscriptions/{}/resourcegroups/{}/providers/microsoft.network/interconnectgroups/{},Microsoft.Network/interconnectGroups,/subscriptions/{subscriptionId}/resourceGroups/{resourceGroupName}/providers/Microsoft.Network/interconnectGroups/{interconnectGroupName},InterconnectGroup
put|/subscriptions/{}/resourcegroups/{}/providers/microsoft.network/ipallocations/{},createOrUpdate,put,/subscriptions/{subscriptionId}/resourceGroups/{resourceGroupName}/providers/Microsoft.Network/IpAllocations/{ipAllocationName},createOrUpdate,https://github.com/Azure/azure-rest-api-specs/blob/bf9983dd77d8691739ffac9160ff8bb93bd74288/specification/network/resource-manager/Microsoft.Network/Network/Network/IpAllocation.tsp#L62,microsoft.network/ipallocations|/subscriptions/{}/resourcegroups/{}/providers/microsoft.network/ipallocations/{},Microsoft.Network/IpAllocations,/subscriptions/{subscriptionId}/resourceGroups/{resourceGroupName}/providers/Microsoft.Network/IpAllocations/{ipAllocationName},IpAllocation
delete|/subscriptions/{}/resourcegroups/{}/providers/microsoft.network/ipallocations/{},delete,delete,/subscriptions/{subscriptionId}/resourceGroups/{resourceGroupName}/providers/Microsoft.Network/IpAllocations/{ipAllocationName},delete,https://github.com/Azure/azure-rest-api-specs/blob/bf9983dd77d8691739ffac9160ff8bb93bd74288/specification/network/resource-manager/Microsoft.Network/Network/Network/IpAllocation.tsp#L81,microsoft.network/ipallocations|/subscriptions/{}/resourcegroups/{}/providers/microsoft.network/ipallocations/{},Microsoft.Network/IpAllocations,/subscriptions/{subscriptionId}/resourceGroups/{resourceGroupName}/providers/Microsoft.Network/IpAllocations/{ipAllocationName},IpAllocation
get|/subscriptions/{}/resourcegroups/{}/providers/microsoft.network/ipallocations/{},get,get,/subscriptions/{subscriptionId}/resourceGroups/{resourceGroupName}/providers/Microsoft.Network/IpAllocations/{ipAllocationName},read,https://github.com/Azure/azure-rest-api-specs/blob/bf9983dd77d8691739ffac9160ff8bb93bd74288/specification/network/resource-manager/Microsoft.Network/Network/Network/IpAllocation.tsp#L47,microsoft.network/ipallocations|/subscriptions/{}/resourcegroups/{}/providers/microsoft.network/ipallocations/{},Microsoft.Network/IpAllocations,/subscriptions/{subscriptionId}/resourceGroups/{resourceGroupName}/providers/Microsoft.Network/IpAllocations/{ipAllocationName},IpAllocation
get|/subscriptions/{}/providers/microsoft.network/ipallocations,list,get,/subscriptions/{subscriptionId}/providers/Microsoft.Network/IpAllocations,list,https://github.com/Azure/azure-rest-api-specs/blob/bf9983dd77d8691739ffac9160ff8bb93bd74288/specification/network/resource-manager/Microsoft.Network/Network/Network/IpAllocation.tsp#L101,microsoft.network/ipallocations|/subscriptions/{}/resourcegroups/{}/providers/microsoft.network/ipallocations/{},Microsoft.Network/IpAllocations,/subscriptions/{subscriptionId}/resourceGroups/{resourceGroupName}/providers/Microsoft.Network/IpAllocations/{ipAllocationName},IpAllocation
get|/subscriptions/{}/resourcegroups/{}/providers/microsoft.network/ipallocations,listByResourceGroup,get,/subscriptions/{subscriptionId}/resourceGroups/{resourceGroupName}/providers/Microsoft.Network/IpAllocations,list,https://github.com/Azure/azure-rest-api-specs/blob/bf9983dd77d8691739ffac9160ff8bb93bd74288/specification/network/resource-manager/Microsoft.Network/Network/Network/IpAllocation.tsp#L93,microsoft.network/ipallocations|/subscriptions/{}/resourcegroups/{}/providers/microsoft.network/ipallocations/{},Microsoft.Network/IpAllocations,/subscriptions/{subscriptionId}/resourceGroups/{resourceGroupName}/providers/Microsoft.Network/IpAllocations/{ipAllocationName},IpAllocation
patch|/subscriptions/{}/resourcegroups/{}/providers/microsoft.network/ipallocations/{},updateTags,patch,/subscriptions/{subscriptionId}/resourceGroups/{resourceGroupName}/providers/Microsoft.Network/IpAllocations/{ipAllocationName},update,https://github.com/Azure/azure-rest-api-specs/blob/bf9983dd77d8691739ffac9160ff8bb93bd74288/specification/network/resource-manager/Microsoft.Network/Network/Network/IpAllocation.tsp#L71,microsoft.network/ipallocations|/subscriptions/{}/resourcegroups/{}/providers/microsoft.network/ipallocations/{},Microsoft.Network/IpAllocations,/subscriptions/{subscriptionId}/resourceGroups/{resourceGroupName}/providers/Microsoft.Network/IpAllocations/{ipAllocationName},IpAllocation
put|/subscriptions/{}/resourcegroups/{}/providers/microsoft.network/networkmanagers/{}/ipampools/{},create,put,/subscriptions/{subscriptionId}/resourceGroups/{resourceGroupName}/providers/Microsoft.Network/networkManagers/{networkManagerName}/ipamPools/{poolName},createOrUpdate,https://github.com/Azure/azure-rest-api-specs/blob/bf9983dd77d8691739ffac9160ff8bb93bd74288/specification/network/resource-manager/Microsoft.Network/Network/Network/IpamPool.tsp#L61,microsoft.network/networkmanagers/ipampools|/subscriptions/{}/resourcegroups/{}/providers/microsoft.network/networkmanagers/{}/ipampools/{},Microsoft.Network/networkManagers/ipamPools,/subscriptions/{subscriptionId}/resourceGroups/{resourceGroupName}/providers/Microsoft.Network/networkManagers/{networkManagerName}/ipamPools/{poolName},IpamPool
delete|/subscriptions/{}/resourcegroups/{}/providers/microsoft.network/networkmanagers/{}/ipampools/{},delete,delete,/subscriptions/{subscriptionId}/resourceGroups/{resourceGroupName}/providers/Microsoft.Network/networkManagers/{networkManagerName}/ipamPools/{poolName},delete,https://github.com/Azure/azure-rest-api-specs/blob/bf9983dd77d8691739ffac9160ff8bb93bd74288/specification/network/resource-manager/Microsoft.Network/Network/Network/IpamPool.tsp#L98,microsoft.network/networkmanagers/ipampools|/subscriptions/{}/resourcegroups/{}/providers/microsoft.network/networkmanagers/{}/ipampools/{},Microsoft.Network/networkManagers/ipamPools,/subscriptions/{subscriptionId}/resourceGroups/{resourceGroupName}/providers/Microsoft.Network/networkManagers/{networkManagerName}/ipamPools/{poolName},IpamPool
get|/subscriptions/{}/resourcegroups/{}/providers/microsoft.network/networkmanagers/{}/ipampools/{},get,get,/subscriptions/{subscriptionId}/resourceGroups/{resourceGroupName}/providers/Microsoft.Network/networkManagers/{networkManagerName}/ipamPools/{poolName},read,https://github.com/Azure/azure-rest-api-specs/blob/bf9983dd77d8691739ffac9160ff8bb93bd74288/specification/network/resource-manager/Microsoft.Network/Network/Network/IpamPool.tsp#L55,microsoft.network/networkmanagers/ipampools|/subscriptions/{}/resourcegroups/{}/providers/microsoft.network/networkmanagers/{}/ipampools/{},Microsoft.Network/networkManagers/ipamPools,/subscriptions/{subscriptionId}/resourceGroups/{resourceGroupName}/providers/Microsoft.Network/networkManagers/{networkManagerName}/ipamPools/{poolName},IpamPool
post|/subscriptions/{}/resourcegroups/{}/providers/microsoft.network/networkmanagers/{}/ipampools/{}/getpoolusage,getPoolUsage,post,/subscriptions/{subscriptionId}/resourceGroups/{resourceGroupName}/providers/Microsoft.Network/networkManagers/{networkManagerName}/ipamPools/{poolName}/getPoolUsage,action,https://github.com/Azure/azure-rest-api-specs/blob/bf9983dd77d8691739ffac9160ff8bb93bd74288/specification/network/resource-manager/Microsoft.Network/Network/Network/IpamPool.tsp#L126,microsoft.network/networkmanagers/ipampools|/subscriptions/{}/resourcegroups/{}/providers/microsoft.network/networkmanagers/{}/ipampools/{},Microsoft.Network/networkManagers/ipamPools,/subscriptions/{subscriptionId}/resourceGroups/{resourceGroupName}/providers/Microsoft.Network/networkManagers/{networkManagerName}/ipamPools/{poolName},IpamPool
get|/subscriptions/{}/resourcegroups/{}/providers/microsoft.network/networkmanagers/{}/ipampools,list,get,/subscriptions/{subscriptionId}/resourceGroups/{resourceGroupName}/providers/Microsoft.Network/networkManagers/{networkManagerName}/ipamPools,list,https://github.com/Azure/azure-rest-api-specs/blob/bf9983dd77d8691739ffac9160ff8bb93bd74288/specification/network/resource-manager/Microsoft.Network/Network/Network/IpamPool.tsp#L115,microsoft.network/networkmanagers/ipampools|/subscriptions/{}/resourcegroups/{}/providers/microsoft.network/networkmanagers/{}/ipampools/{},Microsoft.Network/networkManagers/ipamPools,/subscriptions/{subscriptionId}/resourceGroups/{resourceGroupName}/providers/Microsoft.Network/networkManagers/{networkManagerName}/ipamPools/{poolName},IpamPool
post|/subscriptions/{}/resourcegroups/{}/providers/microsoft.network/networkmanagers/{}/ipampools/{}/listassociatedresources,listAssociatedResources,post,/subscriptions/{subscriptionId}/resourceGroups/{resourceGroupName}/providers/Microsoft.Network/networkManagers/{networkManagerName}/ipamPools/{poolName}/listAssociatedResources,action,https://github.com/Azure/azure-rest-api-specs/blob/bf9983dd77d8691739ffac9160ff8bb93bd74288/specification/network/resource-manager/Microsoft.Network/Network/Network/IpamPool.tsp#L138,microsoft.network/networkmanagers/ipampools|/subscriptions/{}/resourcegroups/{}/providers/microsoft.network/networkmanagers/{}/ipampools/{},Microsoft.Network/networkManagers/ipamPools,/subscriptions/{subscriptionId}/resourceGroups/{resourceGroupName}/providers/Microsoft.Network/networkManagers/{networkManagerName}/ipamPools/{poolName},IpamPool
patch|/subscriptions/{}/resourcegroups/{}/providers/microsoft.network/networkmanagers/{}/ipampools/{},update,patch,/subscriptions/{subscriptionId}/resourceGroups/{resourceGroupName}/providers/Microsoft.Network/networkManagers/{networkManagerName}/ipamPools/{poolName},update,https://github.com/Azure/azure-rest-api-specs/blob/bf9983dd77d8691739ffac9160ff8bb93bd74288/specification/network/resource-manager/Microsoft.Network/Network/Network/IpamPool.tsp#L79,microsoft.network/networkmanagers/ipampools|/subscriptions/{}/resourcegroups/{}/providers/microsoft.network/networkmanagers/{}/ipampools/{},Microsoft.Network/networkManagers/ipamPools,/subscriptions/{subscriptionId}/resourceGroups/{resourceGroupName}/providers/Microsoft.Network/networkManagers/{networkManagerName}/ipamPools/{poolName},IpamPool
put|/subscriptions/{}/resourcegroups/{}/providers/microsoft.network/networkmanagers/{}/ipampools/{}/staticcidrs/{},create,put,/subscriptions/{subscriptionId}/resourceGroups/{resourceGroupName}/providers/Microsoft.Network/networkManagers/{networkManagerName}/ipamPools/{poolName}/staticCidrs/{staticCidrName},createOrUpdate,https://github.com/Azure/azure-rest-api-specs/blob/bf9983dd77d8691739ffac9160ff8bb93bd74288/specification/network/resource-manager/Microsoft.Network/Network/Network/StaticCidr.tsp#L90,microsoft.network/networkmanagers/ipampools/staticcidrs|/subscriptions/{}/resourcegroups/{}/providers/microsoft.network/networkmanagers/{}/ipampools/{}/staticcidrs/{},Microsoft.Network/networkManagers/ipamPools/staticCidrs,/subscriptions/{subscriptionId}/resourceGroups/{resourceGroupName}/providers/Microsoft.Network/networkManagers/{networkManagerName}/ipamPools/{poolName}/staticCidrs/{staticCidrName},IpamPoolsStaticCidrs
put|/subscriptions/{}/resourcegroups/{}/providers/microsoft.network/ipgroups/{},createOrUpdate,put,/subscriptions/{subscriptionId}/resourceGroups/{resourceGroupName}/providers/Microsoft.Network/ipGroups/{ipGroupsName},createOrUpdate,https://github.com/Azure/azure-rest-api-specs/blob/bf9983dd77d8691739ffac9160ff8bb93bd74288/specification/network/resource-manager/Microsoft.Network/Network/Network/IpGroup.tsp#L62,microsoft.network/ipgroups|/subscriptions/{}/resourcegroups/{}/providers/microsoft.network/ipgroups/{},Microsoft.Network/ipGroups,/subscriptions/{subscriptionId}/resourceGroups/{resourceGroupName}/providers/Microsoft.Network/ipGroups/{ipGroupsName},IpGroup
delete|/subscriptions/{}/resourcegroups/{}/providers/microsoft.network/ipgroups/{},delete,delete,/subscriptions/{subscriptionId}/resourceGroups/{resourceGroupName}/providers/Microsoft.Network/ipGroups/{ipGroupsName},delete,https://github.com/Azure/azure-rest-api-specs/blob/bf9983dd77d8691739ffac9160ff8bb93bd74288/specification/network/resource-manager/Microsoft.Network/Network/Network/IpGroup.tsp#L78,microsoft.network/ipgroups|/subscriptions/{}/resourcegroups/{}/providers/microsoft.network/ipgroups/{},Microsoft.Network/ipGroups,/subscriptions/{subscriptionId}/resourceGroups/{resourceGroupName}/providers/Microsoft.Network/ipGroups/{ipGroupsName},IpGroup
get|/subscriptions/{}/resourcegroups/{}/providers/microsoft.network/ipgroups/{},get,get,/subscriptions/{subscriptionId}/resourceGroups/{resourceGroupName}/providers/Microsoft.Network/ipGroups/{ipGroupsName},read,https://github.com/Azure/azure-rest-api-specs/blob/bf9983dd77d8691739ffac9160ff8bb93bd74288/specification/network/resource-manager/Microsoft.Network/Network/Network/IpGroup.tsp#L47,microsoft.network/ipgroups|/subscriptions/{}/resourcegroups/{}/providers/microsoft.network/ipgroups/{},Microsoft.Network/ipGroups,/subscriptions/{subscriptionId}/resourceGroups/{resourceGroupName}/providers/Microsoft.Network/ipGroups/{ipGroupsName},IpGroup
get|/subscriptions/{}/providers/microsoft.network/ipgroups,list,get,/subscriptions/{subscriptionId}/providers/Microsoft.Network/ipGroups,list,https://github.com/Azure/azure-rest-api-specs/blob/bf9983dd77d8691739ffac9160ff8bb93bd74288/specification/network/resource-manager/Microsoft.Network/Network/Network/IpGroup.tsp#L95,microsoft.network/ipgroups|/subscriptions/{}/resourcegroups/{}/providers/microsoft.network/ipgroups/{},Microsoft.Network/ipGroups,/subscriptions/{subscriptionId}/resourceGroups/{resourceGroupName}/providers/Microsoft.Network/ipGroups/{ipGroupsName},IpGroup
get|/subscriptions/{}/resourcegroups/{}/providers/microsoft.network/ipgroups,listByResourceGroup,get,/subscriptions/{subscriptionId}/resourceGroups/{resourceGroupName}/providers/Microsoft.Network/ipGroups,list,https://github.com/Azure/azure-rest-api-specs/blob/bf9983dd77d8691739ffac9160ff8bb93bd74288/specification/network/resource-manager/Microsoft.Network/Network/Network/IpGroup.tsp#L90,microsoft.network/ipgroups|/subscriptions/{}/resourcegroups/{}/providers/microsoft.network/ipgroups/{},Microsoft.Network/ipGroups,/subscriptions/{subscriptionId}/resourceGroups/{resourceGroupName}/providers/Microsoft.Network/ipGroups/{ipGroupsName},IpGroup
patch|/subscriptions/{}/resourcegroups/{}/providers/microsoft.network/ipgroups/{},updateGroups,patch,/subscriptions/{subscriptionId}/resourceGroups/{resourceGroupName}/providers/Microsoft.Network/ipGroups/{ipGroupsName},update,https://github.com/Azure/azure-rest-api-specs/blob/bf9983dd77d8691739ffac9160ff8bb93bd74288/specification/network/resource-manager/Microsoft.Network/Network/Network/IpGroup.tsp#L68,microsoft.network/ipgroups|/subscriptions/{}/resourcegroups/{}/providers/microsoft.network/ipgroups/{},Microsoft.Network/ipGroups,/subscriptions/{subscriptionId}/resourceGroups/{resourceGroupName}/providers/Microsoft.Network/ipGroups/{ipGroupsName},IpGroup
put|/subscriptions/{}/resourcegroups/{}/providers/microsoft.network/localnetworkgateways/{},createOrUpdate,put,/subscriptions/{subscriptionId}/resourceGroups/{resourceGroupName}/providers/Microsoft.Network/localNetworkGateways/{localNetworkGatewayName},createOrUpdate,https://github.com/Azure/azure-rest-api-specs/blob/bf9983dd77d8691739ffac9160ff8bb93bd74288/specification/network/resource-manager/Microsoft.Network/Network/Network/LocalNetworkGateway.tsp#L51,microsoft.network/localnetworkgateways|/subscriptions/{}/resourcegroups/{}/providers/microsoft.network/localnetworkgateways/{},Microsoft.Network/localNetworkGateways,/subscriptions/{subscriptionId}/resourceGroups/{resourceGroupName}/providers/Microsoft.Network/localNetworkGateways/{localNetworkGatewayName},LocalNetworkGateway
delete|/subscriptions/{}/resourcegroups/{}/providers/microsoft.network/localnetworkgateways/{},delete,delete,/subscriptions/{subscriptionId}/resourceGroups/{resourceGroupName}/providers/Microsoft.Network/localNetworkGateways/{localNetworkGatewayName},delete,https://github.com/Azure/azure-rest-api-specs/blob/bf9983dd77d8691739ffac9160ff8bb93bd74288/specification/network/resource-manager/Microsoft.Network/Network/Network/LocalNetworkGateway.tsp#L71,microsoft.network/localnetworkgateways|/subscriptions/{}/resourcegroups/{}/providers/microsoft.network/localnetworkgateways/{},Microsoft.Network/localNetworkGateways,/subscriptions/{subscriptionId}/resourceGroups/{resourceGroupName}/providers/Microsoft.Network/localNetworkGateways/{localNetworkGatewayName},LocalNetworkGateway
get|/subscriptions/{}/resourcegroups/{}/providers/microsoft.network/localnetworkgateways/{},get,get,/subscriptions/{subscriptionId}/resourceGroups/{resourceGroupName}/providers/Microsoft.Network/localNetworkGateways/{localNetworkGatewayName},read,https://github.com/Azure/azure-rest-api-specs/blob/bf9983dd77d8691739ffac9160ff8bb93bd74288/specification/network/resource-manager/Microsoft.Network/Network/Network/LocalNetworkGateway.tsp#L46,microsoft.network/localnetworkgateways|/subscriptions/{}/resourcegroups/{}/providers/microsoft.network/localnetworkgateways/{},Microsoft.Network/localNetworkGateways,/subscriptions/{subscriptionId}/resourceGroups/{resourceGroupName}/providers/Microsoft.Network/localNetworkGateways/{localNetworkGatewayName},LocalNetworkGateway
get|/subscriptions/{}/resourcegroups/{}/providers/microsoft.network/localnetworkgateways,list,get,/subscriptions/{subscriptionId}/resourceGroups/{resourceGroupName}/providers/Microsoft.Network/localNetworkGateways,list,https://github.com/Azure/azure-rest-api-specs/blob/bf9983dd77d8691739ffac9160ff8bb93bd74288/specification/network/resource-manager/Microsoft.Network/Network/Network/LocalNetworkGateway.tsp#L83,microsoft.network/localnetworkgateways|/subscriptions/{}/resourcegroups/{}/providers/microsoft.network/localnetworkgateways/{},Microsoft.Network/localNetworkGateways,/subscriptions/{subscriptionId}/resourceGroups/{resourceGroupName}/providers/Microsoft.Network/localNetworkGateways/{localNetworkGatewayName},LocalNetworkGateway
patch|/subscriptions/{}/resourcegroups/{}/providers/microsoft.network/localnetworkgateways/{},updateTags,patch,/subscriptions/{subscriptionId}/resourceGroups/{resourceGroupName}/providers/Microsoft.Network/localNetworkGateways/{localNetworkGatewayName},update,https://github.com/Azure/azure-rest-api-specs/blob/bf9983dd77d8691739ffac9160ff8bb93bd74288/specification/network/resource-manager/Microsoft.Network/Network/Network/LocalNetworkGateway.tsp#L61,microsoft.network/localnetworkgateways|/subscriptions/{}/resourcegroups/{}/providers/microsoft.network/localnetworkgateways/{},Microsoft.Network/localNetworkGateways,/subscriptions/{subscriptionId}/resourceGroups/{resourceGroupName}/providers/Microsoft.Network/localNetworkGateways/{localNetworkGatewayName},LocalNetworkGateway
get|/subscriptions/{}/providers/microsoft.network/locations/{}/applicationgatewaywafdynamicmanifests,applicationGatewayWafDynamicManifestsGet,get,/subscriptions/{subscriptionId}/providers/Microsoft.Network/locations/{location}/applicationGatewayWafDynamicManifests,list,https://github.com/Azure/azure-rest-api-specs/blob/bf9983dd77d8691739ffac9160ff8bb93bd74288/specification/network/resource-manager/Microsoft.Network/Network/Network/ApplicationGatewayWafDynamicManifestResult.tsp#L79,microsoft.network/locations/applicationgatewaywafdynamicmanifests|/subscriptions/{}/providers/microsoft.network/locations/{}/applicationgatewaywafdynamicmanifests/dafault,Microsoft.Network/locations/applicationGatewayWafDynamicManifests,/subscriptions/{subscriptionId}/providers/Microsoft.Network/locations/{location}/applicationGatewayWafDynamicManifests/dafault,LocationsApplicationGatewayWafDynamicManifests
get|/subscriptions/{}/providers/microsoft.network/locations/{}/applicationgatewaywafdynamicmanifests/dafault,get,get,/subscriptions/{subscriptionId}/providers/Microsoft.Network/locations/{location}/applicationGatewayWafDynamicManifests/dafault,read,https://github.com/Azure/azure-rest-api-specs/blob/bf9983dd77d8691739ffac9160ff8bb93bd74288/specification/network/resource-manager/Microsoft.Network/Network/Network/ApplicationGatewayWafDynamicManifestResult.tsp#L71,microsoft.network/locations/applicationgatewaywafdynamicmanifests|/subscriptions/{}/providers/microsoft.network/locations/{}/applicationgatewaywafdynamicmanifests/dafault,Microsoft.Network/locations/applicationGatewayWafDynamicManifests,/subscriptions/{subscriptionId}/providers/Microsoft.Network/locations/{location}/applicationGatewayWafDynamicManifests/dafault,LocationsApplicationGatewayWafDynamicManifests
put|/providers/microsoft.management/managementgroups/{}/providers/microsoft.network/networkmanagerconnections/{},createOrUpdate,put,/providers/Microsoft.Management/managementGroups/{managementGroupId}/providers/Microsoft.Network/networkManagerConnections/{networkManagerConnectionName},createOrUpdate,https://github.com/Azure/azure-rest-api-specs/blob/bf9983dd77d8691739ffac9160ff8bb93bd74288/specification/network/resource-manager/Microsoft.Network/Network/Network/NetworkManagerConnection.tsp#L132,microsoft.network/networkmanagerconnections|/providers/microsoft.management/managementgroups/{}/providers/microsoft.network/networkmanagerconnections/{},Microsoft.Network/networkManagerConnections,/providers/Microsoft.Management/managementGroups/{managementGroupId}/providers/Microsoft.Network/networkManagerConnections/{networkManagerConnectionName},ManagementGroupNetworkManagerConnection
delete|/providers/microsoft.management/managementgroups/{}/providers/microsoft.network/networkmanagerconnections/{},delete,delete,/providers/Microsoft.Management/managementGroups/{managementGroupId}/providers/Microsoft.Network/networkManagerConnections/{networkManagerConnectionName},delete,https://github.com/Azure/azure-rest-api-specs/blob/bf9983dd77d8691739ffac9160ff8bb93bd74288/specification/network/resource-manager/Microsoft.Network/Network/Network/NetworkManagerConnection.tsp#L142,microsoft.network/networkmanagerconnections|/providers/microsoft.management/managementgroups/{}/providers/microsoft.network/networkmanagerconnections/{},Microsoft.Network/networkManagerConnections,/providers/Microsoft.Management/managementGroups/{managementGroupId}/providers/Microsoft.Network/networkManagerConnections/{networkManagerConnectionName},ManagementGroupNetworkManagerConnection
get|/providers/microsoft.management/managementgroups/{}/providers/microsoft.network/networkmanagerconnections/{},get,get,/providers/Microsoft.Management/managementGroups/{managementGroupId}/providers/Microsoft.Network/networkManagerConnections/{networkManagerConnectionName},read,https://github.com/Azure/azure-rest-api-specs/blob/bf9983dd77d8691739ffac9160ff8bb93bd74288/specification/network/resource-manager/Microsoft.Network/Network/Network/NetworkManagerConnection.tsp#L122,microsoft.network/networkmanagerconnections|/providers/microsoft.management/managementgroups/{}/providers/microsoft.network/networkmanagerconnections/{},Microsoft.Network/networkManagerConnections,/providers/Microsoft.Management/managementGroups/{managementGroupId}/providers/Microsoft.Network/networkManagerConnections/{networkManagerConnectionName},ManagementGroupNetworkManagerConnection
get|/providers/microsoft.management/managementgroups/{}/providers/microsoft.network/networkmanagerconnections,list,get,/providers/Microsoft.Management/managementGroups/{managementGroupId}/providers/Microsoft.Network/networkManagerConnections,list,https://github.com/Azure/azure-rest-api-specs/blob/bf9983dd77d8691739ffac9160ff8bb93bd74288/specification/network/resource-manager/Microsoft.Network/Network/Network/NetworkManagerConnection.tsp#L152,microsoft.network/networkmanagerconnections|/providers/microsoft.management/managementgroups/{}/providers/microsoft.network/networkmanagerconnections/{},Microsoft.Network/networkManagerConnections,/providers/Microsoft.Management/managementGroups/{managementGroupId}/providers/Microsoft.Network/networkManagerConnections/{networkManagerConnectionName},ManagementGroupNetworkManagerConnection
put|/subscriptions/{}/resourcegroups/{}/providers/microsoft.network/networkmanagers/{}/networkgroups/{},createOrUpdate,put,/subscriptions/{subscriptionId}/resourceGroups/{resourceGroupName}/providers/Microsoft.Network/networkManagers/{networkManagerName}/networkGroups/{networkGroupName},createOrUpdate,https://github.com/Azure/azure-rest-api-specs/blob/bf9983dd77d8691739ffac9160ff8bb93bd74288/specification/network/resource-manager/Microsoft.Network/Network/Network/NetworkGroup.tsp#L61,microsoft.network/networkmanagers/networkgroups|/subscriptions/{}/resourcegroups/{}/providers/microsoft.network/networkmanagers/{}/networkgroups/{},Microsoft.Network/networkManagers/networkGroups,/subscriptions/{subscriptionId}/resourceGroups/{resourceGroupName}/providers/Microsoft.Network/networkManagers/{networkManagerName}/networkGroups/{networkGroupName},NetworkGroup
delete|/subscriptions/{}/resourcegroups/{}/providers/microsoft.network/networkmanagers/{}/networkgroups/{},delete,delete,/subscriptions/{subscriptionId}/resourceGroups/{resourceGroupName}/providers/Microsoft.Network/networkManagers/{networkManagerName}/networkGroups/{networkGroupName},delete,https://github.com/Azure/azure-rest-api-specs/blob/bf9983dd77d8691739ffac9160ff8bb93bd74288/specification/network/resource-manager/Microsoft.Network/Network/Network/NetworkGroup.tsp#L82,microsoft.network/networkmanagers/networkgroups|/subscriptions/{}/resourcegroups/{}/providers/microsoft.network/networkmanagers/{}/networkgroups/{},Microsoft.Network/networkManagers/networkGroups,/subscriptions/{subscriptionId}/resourceGroups/{resourceGroupName}/providers/Microsoft.Network/networkManagers/{networkManagerName}/networkGroups/{networkGroupName},NetworkGroup
get|/subscriptions/{}/resourcegroups/{}/providers/microsoft.network/networkmanagers/{}/networkgroups/{},get,get,/subscriptions/{subscriptionId}/resourceGroups/{resourceGroupName}/providers/Microsoft.Network/networkManagers/{networkManagerName}/networkGroups/{networkGroupName},read,https://github.com/Azure/azure-rest-api-specs/blob/bf9983dd77d8691739ffac9160ff8bb93bd74288/specification/network/resource-manager/Microsoft.Network/Network/Network/NetworkGroup.tsp#L56,microsoft.network/networkmanagers/networkgroups|/subscriptions/{}/resourcegroups/{}/providers/microsoft.network/networkmanagers/{}/networkgroups/{},Microsoft.Network/networkManagers/networkGroups,/subscriptions/{subscriptionId}/resourceGroups/{resourceGroupName}/providers/Microsoft.Network/networkManagers/{networkManagerName}/networkGroups/{networkGroupName},NetworkGroup
get|/subscriptions/{}/resourcegroups/{}/providers/microsoft.network/networkmanagers/{}/networkgroups,list,get,/subscriptions/{subscriptionId}/resourceGroups/{resourceGroupName}/providers/Microsoft.Network/networkManagers/{networkManagerName}/networkGroups,list,https://github.com/Azure/azure-rest-api-specs/blob/bf9983dd77d8691739ffac9160ff8bb93bd74288/specification/network/resource-manager/Microsoft.Network/Network/Network/NetworkGroup.tsp#L101,microsoft.network/networkmanagers/networkgroups|/subscriptions/{}/resourcegroups/{}/providers/microsoft.network/networkmanagers/{}/networkgroups/{},Microsoft.Network/networkManagers/networkGroups,/subscriptions/{subscriptionId}/resourceGroups/{resourceGroupName}/providers/Microsoft.Network/networkManagers/{networkManagerName}/networkGroups/{networkGroupName},NetworkGroup
put|/subscriptions/{}/resourcegroups/{}/providers/microsoft.network/networkmanagers/{},createOrUpdate,put,/subscriptions/{subscriptionId}/resourceGroups/{resourceGroupName}/providers/Microsoft.Network/networkManagers/{networkManagerName},createOrUpdate,https://github.com/Azure/azure-rest-api-specs/blob/bf9983dd77d8691739ffac9160ff8bb93bd74288/specification/network/resource-manager/Microsoft.Network/Network/Network/NetworkManager.tsp#L60,microsoft.network/networkmanagers|/subscriptions/{}/resourcegroups/{}/providers/microsoft.network/networkmanagers/{},Microsoft.Network/networkManagers,/subscriptions/{subscriptionId}/resourceGroups/{resourceGroupName}/providers/Microsoft.Network/networkManagers/{networkManagerName},NetworkManager
delete|/subscriptions/{}/resourcegroups/{}/providers/microsoft.network/networkmanagers/{},delete,delete,/subscriptions/{subscriptionId}/resourceGroups/{resourceGroupName}/providers/Microsoft.Network/networkManagers/{networkManagerName},delete,https://github.com/Azure/azure-rest-api-specs/blob/bf9983dd77d8691739ffac9160ff8bb93bd74288/specification/network/resource-manager/Microsoft.Network/Network/Network/NetworkManager.tsp#L81,microsoft.network/networkmanagers|/subscriptions/{}/resourcegroups/{}/providers/microsoft.network/networkmanagers/{},Microsoft.Network/networkManagers,/subscriptions/{subscriptionId}/resourceGroups/{resourceGroupName}/providers/Microsoft.Network/networkManagers/{networkManagerName},NetworkManager
get|/subscriptions/{}/resourcegroups/{}/providers/microsoft.network/networkmanagers/{},get,get,/subscriptions/{subscriptionId}/resourceGroups/{resourceGroupName}/providers/Microsoft.Network/networkManagers/{networkManagerName},read,https://github.com/Azure/azure-rest-api-specs/blob/bf9983dd77d8691739ffac9160ff8bb93bd74288/specification/network/resource-manager/Microsoft.Network/Network/Network/NetworkManager.tsp#L54,microsoft.network/networkmanagers|/subscriptions/{}/resourcegroups/{}/providers/microsoft.network/networkmanagers/{},Microsoft.Network/networkManagers,/subscriptions/{subscriptionId}/resourceGroups/{resourceGroupName}/providers/Microsoft.Network/networkManagers/{networkManagerName},NetworkManager
get|/subscriptions/{}/resourcegroups/{}/providers/microsoft.network/networkmanagers,list,get,/subscriptions/{subscriptionId}/resourceGroups/{resourceGroupName}/providers/Microsoft.Network/networkManagers,list,https://github.com/Azure/azure-rest-api-specs/blob/bf9983dd77d8691739ffac9160ff8bb93bd74288/specification/network/resource-manager/Microsoft.Network/Network/Network/NetworkManager.tsp#L101,microsoft.network/networkmanagers|/subscriptions/{}/resourcegroups/{}/providers/microsoft.network/networkmanagers/{},Microsoft.Network/networkManagers,/subscriptions/{subscriptionId}/resourceGroups/{resourceGroupName}/providers/Microsoft.Network/networkManagers/{networkManagerName},NetworkManager
post|/subscriptions/{}/resourcegroups/{}/providers/microsoft.network/networkmanagers/{}/listactiveconnectivityconfigurations,listActiveConnectivityConfigurations,post,/subscriptions/{subscriptionId}/resourceGroups/{resourceGroupName}/providers/Microsoft.Network/networkManagers/{networkManagerName}/listActiveConnectivityConfigurations,action,https://github.com/Azure/azure-rest-api-specs/blob/bf9983dd77d8691739ffac9160ff8bb93bd74288/specification/network/resource-manager/Microsoft.Network/Network/Network/NetworkManager.tsp#L151,microsoft.network/networkmanagers|/subscriptions/{}/resourcegroups/{}/providers/microsoft.network/networkmanagers/{},Microsoft.Network/networkManagers,/subscriptions/{subscriptionId}/resourceGroups/{resourceGroupName}/providers/Microsoft.Network/networkManagers/{networkManagerName},NetworkManager
post|/subscriptions/{}/resourcegroups/{}/providers/microsoft.network/networkmanagers/{}/listactivesecurityadminrules,listActiveSecurityAdminRules,post,/subscriptions/{subscriptionId}/resourceGroups/{resourceGroupName}/providers/Microsoft.Network/networkManagers/{networkManagerName}/listActiveSecurityAdminRules,action,https://github.com/Azure/azure-rest-api-specs/blob/bf9983dd77d8691739ffac9160ff8bb93bd74288/specification/network/resource-manager/Microsoft.Network/Network/Network/NetworkManager.tsp#L173,microsoft.network/networkmanagers|/subscriptions/{}/resourcegroups/{}/providers/microsoft.network/networkmanagers/{},Microsoft.Network/networkManagers,/subscriptions/{subscriptionId}/resourceGroups/{resourceGroupName}/providers/Microsoft.Network/networkManagers/{networkManagerName},NetworkManager
get|/subscriptions/{}/providers/microsoft.network/networkmanagers,listBySubscription,get,/subscriptions/{subscriptionId}/providers/Microsoft.Network/networkManagers,list,https://github.com/Azure/azure-rest-api-specs/blob/bf9983dd77d8691739ffac9160ff8bb93bd74288/specification/network/resource-manager/Microsoft.Network/Network/Network/NetworkManager.tsp#L125,microsoft.network/networkmanagers|/subscriptions/{}/resourcegroups/{}/providers/microsoft.network/networkmanagers/{},Microsoft.Network/networkManagers,/subscriptions/{subscriptionId}/resourceGroups/{resourceGroupName}/providers/Microsoft.Network/networkManagers/{networkManagerName},NetworkManager
post|/subscriptions/{}/resourcegroups/{}/providers/microsoft.network/networkmanagers/{}/listdeploymentstatus,networkManagerDeploymentStatusList,post,/subscriptions/{subscriptionId}/resourceGroups/{resourceGroupName}/providers/Microsoft.Network/networkManagers/{networkManagerName}/listDeploymentStatus,action,https://github.com/Azure/azure-rest-api-specs/blob/bf9983dd77d8691739ffac9160ff8bb93bd74288/specification/network/resource-manager/Microsoft.Network/Network/Network/NetworkManager.tsp#L214,microsoft.network/networkmanagers|/subscriptions/{}/resourcegroups/{}/providers/microsoft.network/networkmanagers/{},Microsoft.Network/networkManagers,/subscriptions/{subscriptionId}/resourceGroups/{resourceGroupName}/providers/Microsoft.Network/networkManagers/{networkManagerName},NetworkManager
patch|/subscriptions/{}/resourcegroups/{}/providers/microsoft.network/networkmanagers/{},patch,patch,/subscriptions/{subscriptionId}/resourceGroups/{resourceGroupName}/providers/Microsoft.Network/networkManagers/{networkManagerName},update,https://github.com/Azure/azure-rest-api-specs/blob/bf9983dd77d8691739ffac9160ff8bb93bd74288/specification/network/resource-manager/Microsoft.Network/Network/Network/NetworkManager.tsp#L70,microsoft.network/networkmanagers|/subscriptions/{}/resourcegroups/{}/providers/microsoft.network/networkmanagers/{},Microsoft.Network/networkManagers,/subscriptions/{subscriptionId}/resourceGroups/{resourceGroupName}/providers/Microsoft.Network/networkManagers/{networkManagerName},NetworkManager
post|/subscriptions/{}/resourcegroups/{}/providers/microsoft.network/networkmanagers/{}/commit,post,post,/subscriptions/{subscriptionId}/resourceGroups/{resourceGroupName}/providers/Microsoft.Network/networkManagers/{networkManagerName}/commit,action,https://github.com/Azure/azure-rest-api-specs/blob/bf9983dd77d8691739ffac9160ff8bb93bd74288/specification/network/resource-manager/Microsoft.Network/Network/Network/NetworkManager.tsp#L195,microsoft.network/networkmanagers|/subscriptions/{}/resourcegroups/{}/providers/microsoft.network/networkmanagers/{},Microsoft.Network/networkManagers,/subscriptions/{subscriptionId}/resourceGroups/{resourceGroupName}/providers/Microsoft.Network/networkManagers/{networkManagerName},NetworkManager
put|/subscriptions/{}/resourcegroups/{}/providers/microsoft.network/networkmanagers/{}/routingconfigurations/{},createOrUpdate,put,/subscriptions/{subscriptionId}/resourceGroups/{resourceGroupName}/providers/Microsoft.Network/networkManagers/{networkManagerName}/routingConfigurations/{configurationName},createOrUpdate,https://github.com/Azure/azure-rest-api-specs/blob/bf9983dd77d8691739ffac9160ff8bb93bd74288/specification/network/resource-manager/Microsoft.Network/Network/Network/NetworkManagerRoutingConfiguration.tsp#L58,microsoft.network/networkmanagers/routingconfigurations|/subscriptions/{}/resourcegroups/{}/providers/microsoft.network/networkmanagers/{}/routingconfigurations/{},Microsoft.Network/networkManagers/routingConfigurations,/subscriptions/{subscriptionId}/resourceGroups/{resourceGroupName}/providers/Microsoft.Network/networkManagers/{networkManagerName}/routingConfigurations/{configurationName},NetworkManagerRoutingConfiguration
delete|/subscriptions/{}/resourcegroups/{}/providers/microsoft.network/networkmanagers/{}/routingconfigurations/{},delete,delete,/subscriptions/{subscriptionId}/resourceGroups/{resourceGroupName}/providers/Microsoft.Network/networkManagers/{networkManagerName}/routingConfigurations/{configurationName},delete,https://github.com/Azure/azure-rest-api-specs/blob/bf9983dd77d8691739ffac9160ff8bb93bd74288/specification/network/resource-manager/Microsoft.Network/Network/Network/NetworkManagerRoutingConfiguration.tsp#L67,microsoft.network/networkmanagers/routingconfigurations|/subscriptions/{}/resourcegroups/{}/providers/microsoft.network/networkmanagers/{}/routingconfigurations/{},Microsoft.Network/networkManagers/routingConfigurations,/subscriptions/{subscriptionId}/resourceGroups/{resourceGroupName}/providers/Microsoft.Network/networkManagers/{networkManagerName}/routingConfigurations/{configurationName},NetworkManagerRoutingConfiguration
get|/subscriptions/{}/resourcegroups/{}/providers/microsoft.network/networkmanagers/{}/routingconfigurations/{},get,get,/subscriptions/{subscriptionId}/resourceGroups/{resourceGroupName}/providers/Microsoft.Network/networkManagers/{networkManagerName}/routingConfigurations/{configurationName},read,https://github.com/Azure/azure-rest-api-specs/blob/bf9983dd77d8691739ffac9160ff8bb93bd74288/specification/network/resource-manager/Microsoft.Network/Network/Network/NetworkManagerRoutingConfiguration.tsp#L50,microsoft.network/networkmanagers/routingconfigurations|/subscriptions/{}/resourcegroups/{}/providers/microsoft.network/networkmanagers/{}/routingconfigurations/{},Microsoft.Network/networkManagers/routingConfigurations,/subscriptions/{subscriptionId}/resourceGroups/{resourceGroupName}/providers/Microsoft.Network/networkManagers/{networkManagerName}/routingConfigurations/{configurationName},NetworkManagerRoutingConfiguration
get|/subscriptions/{}/resourcegroups/{}/providers/microsoft.network/networkmanagers/{}/routingconfigurations,list,get,/subscriptions/{subscriptionId}/resourceGroups/{resourceGroupName}/providers/Microsoft.Network/networkManagers/{networkManagerName}/routingConfigurations,list,https://github.com/Azure/azure-rest-api-specs/blob/bf9983dd77d8691739ffac9160ff8bb93bd74288/specification/network/resource-manager/Microsoft.Network/Network/Network/NetworkManagerRoutingConfiguration.tsp#L86,microsoft.network/networkmanagers/routingconfigurations|/subscriptions/{}/resourcegroups/{}/providers/microsoft.network/networkmanagers/{}/routingconfigurations/{},Microsoft.Network/networkManagers/routingConfigurations,/subscriptions/{subscriptionId}/resourceGroups/{resourceGroupName}/providers/Microsoft.Network/networkManagers/{networkManagerName}/routingConfigurations/{configurationName},NetworkManagerRoutingConfiguration
put|/subscriptions/{}/resourcegroups/{}/providers/microsoft.network/networkprofiles/{},createOrUpdate,put,/subscriptions/{subscriptionId}/resourceGroups/{resourceGroupName}/providers/Microsoft.Network/networkProfiles/{networkProfileName},createOrUpdate,https://github.com/Azure/azure-rest-api-specs/blob/bf9983dd77d8691739ffac9160ff8bb93bd74288/specification/network/resource-manager/Microsoft.Network/Network/Network/NetworkProfile.tsp#L61,microsoft.network/networkprofiles|/subscriptions/{}/resourcegroups/{}/providers/microsoft.network/networkprofiles/{},Microsoft.Network/networkProfiles,/subscriptions/{subscriptionId}/resourceGroups/{resourceGroupName}/providers/Microsoft.Network/networkProfiles/{networkProfileName},NetworkProfile
delete|/subscriptions/{}/resourcegroups/{}/providers/microsoft.network/networkprofiles/{},delete,delete,/subscriptions/{subscriptionId}/resourceGroups/{resourceGroupName}/providers/Microsoft.Network/networkProfiles/{networkProfileName},delete,https://github.com/Azure/azure-rest-api-specs/blob/bf9983dd77d8691739ffac9160ff8bb93bd74288/specification/network/resource-manager/Microsoft.Network/Network/Network/NetworkProfile.tsp#L80,microsoft.network/networkprofiles|/subscriptions/{}/resourcegroups/{}/providers/microsoft.network/networkprofiles/{},Microsoft.Network/networkProfiles,/subscriptions/{subscriptionId}/resourceGroups/{resourceGroupName}/providers/Microsoft.Network/networkProfiles/{networkProfileName},NetworkProfile
get|/subscriptions/{}/resourcegroups/{}/providers/microsoft.network/networkprofiles/{},get,get,/subscriptions/{subscriptionId}/resourceGroups/{resourceGroupName}/providers/Microsoft.Network/networkProfiles/{networkProfileName},read,https://github.com/Azure/azure-rest-api-specs/blob/bf9983dd77d8691739ffac9160ff8bb93bd74288/specification/network/resource-manager/Microsoft.Network/Network/Network/NetworkProfile.tsp#L46,microsoft.network/networkprofiles|/subscriptions/{}/resourcegroups/{}/providers/microsoft.network/networkprofiles/{},Microsoft.Network/networkProfiles,/subscriptions/{subscriptionId}/resourceGroups/{resourceGroupName}/providers/Microsoft.Network/networkProfiles/{networkProfileName},NetworkProfile
get|/subscriptions/{}/resourcegroups/{}/providers/microsoft.network/networkprofiles,list,get,/subscriptions/{subscriptionId}/resourceGroups/{resourceGroupName}/providers/Microsoft.Network/networkProfiles,list,https://github.com/Azure/azure-rest-api-specs/blob/bf9983dd77d8691739ffac9160ff8bb93bd74288/specification/network/resource-manager/Microsoft.Network/Network/Network/NetworkProfile.tsp#L92,microsoft.network/networkprofiles|/subscriptions/{}/resourcegroups/{}/providers/microsoft.network/networkprofiles/{},Microsoft.Network/networkProfiles,/subscriptions/{subscriptionId}/resourceGroups/{resourceGroupName}/providers/Microsoft.Network/networkProfiles/{networkProfileName},NetworkProfile
get|/subscriptions/{}/providers/microsoft.network/networkprofiles,listAll,get,/subscriptions/{subscriptionId}/providers/Microsoft.Network/networkProfiles,list,https://github.com/Azure/azure-rest-api-specs/blob/bf9983dd77d8691739ffac9160ff8bb93bd74288/specification/network/resource-manager/Microsoft.Network/Network/Network/NetworkProfile.tsp#L97,microsoft.network/networkprofiles|/subscriptions/{}/resourcegroups/{}/providers/microsoft.network/networkprofiles/{},Microsoft.Network/networkProfiles,/subscriptions/{subscriptionId}/resourceGroups/{resourceGroupName}/providers/Microsoft.Network/networkProfiles/{networkProfileName},NetworkProfile
patch|/subscriptions/{}/resourcegroups/{}/providers/microsoft.network/networkprofiles/{},updateTags,patch,/subscriptions/{subscriptionId}/resourceGroups/{resourceGroupName}/providers/Microsoft.Network/networkProfiles/{networkProfileName},update,https://github.com/Azure/azure-rest-api-specs/blob/bf9983dd77d8691739ffac9160ff8bb93bd74288/specification/network/resource-manager/Microsoft.Network/Network/Network/NetworkProfile.tsp#L70,microsoft.network/networkprofiles|/subscriptions/{}/resourcegroups/{}/providers/microsoft.network/networkprofiles/{},Microsoft.Network/networkProfiles,/subscriptions/{subscriptionId}/resourceGroups/{resourceGroupName}/providers/Microsoft.Network/networkProfiles/{networkProfileName},NetworkProfile
put|/subscriptions/{}/resourcegroups/{}/providers/microsoft.network/networksecurityperimeters/{},createOrUpdate,put,/subscriptions/{subscriptionId}/resourceGroups/{resourceGroupName}/providers/Microsoft.Network/networkSecurityPerimeters/{networkSecurityPerimeterName},createOrUpdate,https://github.com/Azure/azure-rest-api-specs/blob/bf9983dd77d8691739ffac9160ff8bb93bd74288/specification/network/resource-manager/Microsoft.Network/Network/Network/NetworkSecurityPerimeter.tsp#L55,microsoft.network/networksecurityperimeters|/subscriptions/{}/resourcegroups/{}/providers/microsoft.network/networksecurityperimeters/{},Microsoft.Network/networkSecurityPerimeters,/subscriptions/{subscriptionId}/resourceGroups/{resourceGroupName}/providers/Microsoft.Network/networkSecurityPerimeters/{networkSecurityPerimeterName},NetworkSecurityPerimeter
delete|/subscriptions/{}/resourcegroups/{}/providers/microsoft.network/networksecurityperimeters/{},delete,delete,/subscriptions/{subscriptionId}/resourceGroups/{resourceGroupName}/providers/Microsoft.Network/networkSecurityPerimeters/{networkSecurityPerimeterName},delete,https://github.com/Azure/azure-rest-api-specs/blob/bf9983dd77d8691739ffac9160ff8bb93bd74288/specification/network/resource-manager/Microsoft.Network/Network/Network/NetworkSecurityPerimeter.tsp#L75,microsoft.network/networksecurityperimeters|/subscriptions/{}/resourcegroups/{}/providers/microsoft.network/networksecurityperimeters/{},Microsoft.Network/networkSecurityPerimeters,/subscriptions/{subscriptionId}/resourceGroups/{resourceGroupName}/providers/Microsoft.Network/networkSecurityPerimeters/{networkSecurityPerimeterName},NetworkSecurityPerimeter
get|/subscriptions/{}/resourcegroups/{}/providers/microsoft.network/networksecurityperimeters/{},get,get,/subscriptions/{subscriptionId}/resourceGroups/{resourceGroupName}/providers/Microsoft.Network/networkSecurityPerimeters/{networkSecurityPerimeterName},read,https://github.com/Azure/azure-rest-api-specs/blob/bf9983dd77d8691739ffac9160ff8bb93bd74288/specification/network/resource-manager/Microsoft.Network/Network/Network/NetworkSecurityPerimeter.tsp#L50,microsoft.network/networksecurityperimeters|/subscriptions/{}/resourcegroups/{}/providers/microsoft.network/networksecurityperimeters/{},Microsoft.Network/networkSecurityPerimeters,/subscriptions/{subscriptionId}/resourceGroups/{resourceGroupName}/providers/Microsoft.Network/networkSecurityPerimeters/{networkSecurityPerimeterName},NetworkSecurityPerimeter
get|/subscriptions/{}/resourcegroups/{}/providers/microsoft.network/networksecurityperimeters,list,get,/subscriptions/{subscriptionId}/resourceGroups/{resourceGroupName}/providers/Microsoft.Network/networkSecurityPerimeters,list,https://github.com/Azure/azure-rest-api-specs/blob/bf9983dd77d8691739ffac9160ff8bb93bd74288/specification/network/resource-manager/Microsoft.Network/Network/Network/NetworkSecurityPerimeter.tsp#L95,microsoft.network/networksecurityperimeters|/subscriptions/{}/resourcegroups/{}/providers/microsoft.network/networksecurityperimeters/{},Microsoft.Network/networkSecurityPerimeters,/subscriptions/{subscriptionId}/resourceGroups/{resourceGroupName}/providers/Microsoft.Network/networkSecurityPerimeters/{networkSecurityPerimeterName},NetworkSecurityPerimeter
get|/subscriptions/{}/providers/microsoft.network/networksecurityperimeters,listBySubscription,get,/subscriptions/{subscriptionId}/providers/Microsoft.Network/networkSecurityPerimeters,list,https://github.com/Azure/azure-rest-api-specs/blob/bf9983dd77d8691739ffac9160ff8bb93bd74288/specification/network/resource-manager/Microsoft.Network/Network/Network/NetworkSecurityPerimeter.tsp#L118,microsoft.network/networksecurityperimeters|/subscriptions/{}/resourcegroups/{}/providers/microsoft.network/networksecurityperimeters/{},Microsoft.Network/networkSecurityPerimeters,/subscriptions/{subscriptionId}/resourceGroups/{resourceGroupName}/providers/Microsoft.Network/networkSecurityPerimeters/{networkSecurityPerimeterName},NetworkSecurityPerimeter
patch|/subscriptions/{}/resourcegroups/{}/providers/microsoft.network/networksecurityperimeters/{},patch,patch,/subscriptions/{subscriptionId}/resourceGroups/{resourceGroupName}/providers/Microsoft.Network/networkSecurityPerimeters/{networkSecurityPerimeterName},update,https://github.com/Azure/azure-rest-api-specs/blob/bf9983dd77d8691739ffac9160ff8bb93bd74288/specification/network/resource-manager/Microsoft.Network/Network/Network/NetworkSecurityPerimeter.tsp#L64,microsoft.network/networksecurityperimeters|/subscriptions/{}/resourcegroups/{}/providers/microsoft.network/networksecurityperimeters/{},Microsoft.Network/networkSecurityPerimeters,/subscriptions/{subscriptionId}/resourceGroups/{resourceGroupName}/providers/Microsoft.Network/networkSecurityPerimeters/{networkSecurityPerimeterName},NetworkSecurityPerimeter
post|/subscriptions/{}/resourcegroups/{}/providers/microsoft.network/networkvirtualappliances/{}/abortmigration,abortMigration,post,/subscriptions/{subscriptionId}/resourceGroups/{resourceGroupName}/providers/Microsoft.Network/networkVirtualAppliances/{networkVirtualApplianceName}/abortMigration,action,https://github.com/Azure/azure-rest-api-specs/blob/bf9983dd77d8691739ffac9160ff8bb93bd74288/specification/network/resource-manager/Microsoft.Network/Network/Network/NetworkVirtualAppliance.tsp#L282,microsoft.network/networkvirtualappliances|/subscriptions/{}/resourcegroups/{}/providers/microsoft.network/networkvirtualappliances/{},Microsoft.Network/networkVirtualAppliances,/subscriptions/{subscriptionId}/resourceGroups/{resourceGroupName}/providers/Microsoft.Network/networkVirtualAppliances/{networkVirtualApplianceName},NetworkVirtualAppliance
post|/subscriptions/{}/resourcegroups/{}/providers/microsoft.network/networkvirtualappliances/{}/commitmigration,commitMigration,post,/subscriptions/{subscriptionId}/resourceGroups/{resourceGroupName}/providers/Microsoft.Network/networkVirtualAppliances/{networkVirtualApplianceName}/commitMigration,action,https://github.com/Azure/azure-rest-api-specs/blob/bf9983dd77d8691739ffac9160ff8bb93bd74288/specification/network/resource-manager/Microsoft.Network/Network/Network/NetworkVirtualAppliance.tsp#L268,microsoft.network/networkvirtualappliances|/subscriptions/{}/resourcegroups/{}/providers/microsoft.network/networkvirtualappliances/{},Microsoft.Network/networkVirtualAppliances,/subscriptions/{subscriptionId}/resourceGroups/{resourceGroupName}/providers/Microsoft.Network/networkVirtualAppliances/{networkVirtualApplianceName},NetworkVirtualAppliance
put|/subscriptions/{}/resourcegroups/{}/providers/microsoft.network/networkvirtualappliances/{},createOrUpdate,put,/subscriptions/{subscriptionId}/resourceGroups/{resourceGroupName}/providers/Microsoft.Network/networkVirtualAppliances/{networkVirtualApplianceName},createOrUpdate,https://github.com/Azure/azure-rest-api-specs/blob/bf9983dd77d8691739ffac9160ff8bb93bd74288/specification/network/resource-manager/Microsoft.Network/Network/Network/NetworkVirtualAppliance.tsp#L161,microsoft.network/networkvirtualappliances|/subscriptions/{}/resourcegroups/{}/providers/microsoft.network/networkvirtualappliances/{},Microsoft.Network/networkVirtualAppliances,/subscriptions/{subscriptionId}/resourceGroups/{resourceGroupName}/providers/Microsoft.Network/networkVirtualAppliances/{networkVirtualApplianceName},NetworkVirtualAppliance
delete|/subscriptions/{}/resourcegroups/{}/providers/microsoft.network/networkvirtualappliances/{},delete,delete,/subscriptions/{subscriptionId}/resourceGroups/{resourceGroupName}/providers/Microsoft.Network/networkVirtualAppliances/{networkVirtualApplianceName},delete,https://github.com/Azure/azure-rest-api-specs/blob/bf9983dd77d8691739ffac9160ff8bb93bd74288/specification/network/resource-manager/Microsoft.Network/Network/Network/NetworkVirtualAppliance.tsp#L182,microsoft.network/networkvirtualappliances|/subscriptions/{}/resourcegroups/{}/providers/microsoft.network/networkvirtualappliances/{},Microsoft.Network/networkVirtualAppliances,/subscriptions/{subscriptionId}/resourceGroups/{resourceGroupName}/providers/Microsoft.Network/networkVirtualAppliances/{networkVirtualApplianceName},NetworkVirtualAppliance
post|/subscriptions/{}/resourcegroups/{}/providers/microsoft.network/networkvirtualappliances/{}/executemigration,executeMigration,post,/subscriptions/{subscriptionId}/resourceGroups/{resourceGroupName}/providers/Microsoft.Network/networkVirtualAppliances/{networkVirtualApplianceName}/executeMigration,action,https://github.com/Azure/azure-rest-api-specs/blob/bf9983dd77d8691739ffac9160ff8bb93bd74288/specification/network/resource-manager/Microsoft.Network/Network/Network/NetworkVirtualAppliance.tsp#L254,microsoft.network/networkvirtualappliances|/subscriptions/{}/resourcegroups/{}/providers/microsoft.network/networkvirtualappliances/{},Microsoft.Network/networkVirtualAppliances,/subscriptions/{subscriptionId}/resourceGroups/{resourceGroupName}/providers/Microsoft.Network/networkVirtualAppliances/{networkVirtualApplianceName},NetworkVirtualAppliance
get|/subscriptions/{}/resourcegroups/{}/providers/microsoft.network/networkvirtualappliances/{},get,get,/subscriptions/{subscriptionId}/resourceGroups/{resourceGroupName}/providers/Microsoft.Network/networkVirtualAppliances/{networkVirtualApplianceName},read,https://github.com/Azure/azure-rest-api-specs/blob/bf9983dd77d8691739ffac9160ff8bb93bd74288/specification/network/resource-manager/Microsoft.Network/Network/Network/NetworkVirtualAppliance.tsp#L145,microsoft.network/networkvirtualappliances|/subscriptions/{}/resourcegroups/{}/providers/microsoft.network/networkvirtualappliances/{},Microsoft.Network/networkVirtualAppliances,/subscriptions/{subscriptionId}/resourceGroups/{resourceGroupName}/providers/Microsoft.Network/networkVirtualAppliances/{networkVirtualApplianceName},NetworkVirtualAppliance
post|/subscriptions/{}/resourcegroups/{}/providers/microsoft.network/networkvirtualappliances/{}/getbootdiagnosticlogs,getBootDiagnosticLogs,post,/subscriptions/{subscriptionId}/resourceGroups/{resourceGroupName}/providers/Microsoft.Network/networkVirtualAppliances/{networkVirtualApplianceName}/getBootDiagnosticLogs,action,https://github.com/Azure/azure-rest-api-specs/blob/bf9983dd77d8691739ffac9160ff8bb93bd74288/specification/network/resource-manager/Microsoft.Network/Network/Network/NetworkVirtualAppliance.tsp#L229,microsoft.network/networkvirtualappliances|/subscriptions/{}/resourcegroups/{}/providers/microsoft.network/networkvirtualappliances/{},Microsoft.Network/networkVirtualAppliances,/subscriptions/{subscriptionId}/resourceGroups/{resourceGroupName}/providers/Microsoft.Network/networkVirtualAppliances/{networkVirtualApplianceName},NetworkVirtualAppliance
get|/subscriptions/{}/providers/microsoft.network/networkvirtualappliances,list,get,/subscriptions/{subscriptionId}/providers/Microsoft.Network/networkVirtualAppliances,list,https://github.com/Azure/azure-rest-api-specs/blob/bf9983dd77d8691739ffac9160ff8bb93bd74288/specification/network/resource-manager/Microsoft.Network/Network/Network/NetworkVirtualAppliance.tsp#L202,microsoft.network/networkvirtualappliances|/subscriptions/{}/resourcegroups/{}/providers/microsoft.network/networkvirtualappliances/{},Microsoft.Network/networkVirtualAppliances,/subscriptions/{subscriptionId}/resourceGroups/{resourceGroupName}/providers/Microsoft.Network/networkVirtualAppliances/{networkVirtualApplianceName},NetworkVirtualAppliance
get|/subscriptions/{}/resourcegroups/{}/providers/microsoft.network/networkvirtualappliances,listByResourceGroup,get,/subscriptions/{subscriptionId}/resourceGroups/{resourceGroupName}/providers/Microsoft.Network/networkVirtualAppliances,list,https://github.com/Azure/azure-rest-api-specs/blob/bf9983dd77d8691739ffac9160ff8bb93bd74288/specification/network/resource-manager/Microsoft.Network/Network/Network/NetworkVirtualAppliance.tsp#L194,microsoft.network/networkvirtualappliances|/subscriptions/{}/resourcegroups/{}/providers/microsoft.network/networkvirtualappliances/{},Microsoft.Network/networkVirtualAppliances,/subscriptions/{subscriptionId}/resourceGroups/{resourceGroupName}/providers/Microsoft.Network/networkVirtualAppliances/{networkVirtualApplianceName},NetworkVirtualAppliance
put|/subscriptions/{}/resourcegroups/{}/providers/microsoft.network/networkvirtualappliances/{}/networkvirtualapplianceconnections/{},networkVirtualApplianceConnectionsCreateOrUpdate,put,/subscriptions/{subscriptionId}/resourceGroups/{resourceGroupName}/providers/Microsoft.Network/networkVirtualAppliances/{networkVirtualApplianceName}/networkVirtualApplianceConnections/{connectionName},action,https://github.com/Azure/azure-rest-api-specs/blob/bf9983dd77d8691739ffac9160ff8bb93bd74288/specification/network/resource-manager/Microsoft.Network/Network/Network/NetworkVirtualAppliance.tsp#L79,microsoft.network/networkvirtualappliances|/subscriptions/{}/resourcegroups/{}/providers/microsoft.network/networkvirtualappliances/{},Microsoft.Network/networkVirtualAppliances,/subscriptions/{subscriptionId}/resourceGroups/{resourceGroupName}/providers/Microsoft.Network/networkVirtualAppliances/{networkVirtualApplianceName},NetworkVirtualAppliance
delete|/subscriptions/{}/resourcegroups/{}/providers/microsoft.network/networkvirtualappliances/{}/networkvirtualapplianceconnections/{},networkVirtualApplianceConnectionsDelete,delete,/subscriptions/{subscriptionId}/resourceGroups/{resourceGroupName}/providers/Microsoft.Network/networkVirtualAppliances/{networkVirtualApplianceName}/networkVirtualApplianceConnections/{connectionName},action,https://github.com/Azure/azure-rest-api-specs/blob/bf9983dd77d8691739ffac9160ff8bb93bd74288/specification/network/resource-manager/Microsoft.Network/Network/Network/NetworkVirtualAppliance.tsp#L110,microsoft.network/networkvirtualappliances|/subscriptions/{}/resourcegroups/{}/providers/microsoft.network/networkvirtualappliances/{},Microsoft.Network/networkVirtualAppliances,/subscriptions/{subscriptionId}/resourceGroups/{resourceGroupName}/providers/Microsoft.Network/networkVirtualAppliances/{networkVirtualApplianceName},NetworkVirtualAppliance
get|/subscriptions/{}/resourcegroups/{}/providers/microsoft.network/networkvirtualappliances/{}/networkvirtualapplianceconnections/{},networkVirtualApplianceConnectionsGet,get,/subscriptions/{subscriptionId}/resourceGroups/{resourceGroupName}/providers/Microsoft.Network/networkVirtualAppliances/{networkVirtualApplianceName}/networkVirtualApplianceConnections/{connectionName},action,https://github.com/Azure/azure-rest-api-specs/blob/bf9983dd77d8691739ffac9160ff8bb93bd74288/specification/network/resource-manager/Microsoft.Network/Network/Network/NetworkVirtualAppliance.tsp#L98,microsoft.network/networkvirtualappliances|/subscriptions/{}/resourcegroups/{}/providers/microsoft.network/networkvirtualappliances/{},Microsoft.Network/networkVirtualAppliances,/subscriptions/{subscriptionId}/resourceGroups/{resourceGroupName}/providers/Microsoft.Network/networkVirtualAppliances/{networkVirtualApplianceName},NetworkVirtualAppliance
get|/subscriptions/{}/resourcegroups/{}/providers/microsoft.network/networkvirtualappliances/{}/networkvirtualapplianceconnections,networkVirtualApplianceConnectionsList,get,/subscriptions/{subscriptionId}/resourceGroups/{resourceGroupName}/providers/Microsoft.Network/networkVirtualAppliances/{networkVirtualApplianceName}/networkVirtualApplianceConnections,action,https://github.com/Azure/azure-rest-api-specs/blob/bf9983dd77d8691739ffac9160ff8bb93bd74288/specification/network/resource-manager/Microsoft.Network/Network/Network/NetworkVirtualAppliance.tsp#L130,microsoft.network/networkvirtualappliances|/subscriptions/{}/resourcegroups/{}/providers/microsoft.network/networkvirtualappliances/{},Microsoft.Network/networkVirtualAppliances,/subscriptions/{subscriptionId}/resourceGroups/{resourceGroupName}/providers/Microsoft.Network/networkVirtualAppliances/{networkVirtualApplianceName},NetworkVirtualAppliance
post|/subscriptions/{}/resourcegroups/{}/providers/microsoft.network/networkvirtualappliances/{}/preparemigration,prepareMigration,post,/subscriptions/{subscriptionId}/resourceGroups/{resourceGroupName}/providers/Microsoft.Network/networkVirtualAppliances/{networkVirtualApplianceName}/prepareMigration,action,https://github.com/Azure/azure-rest-api-specs/blob/bf9983dd77d8691739ffac9160ff8bb93bd74288/specification/network/resource-manager/Microsoft.Network/Network/Network/NetworkVirtualAppliance.tsp#L240,microsoft.network/networkvirtualappliances|/subscriptions/{}/resourcegroups/{}/providers/microsoft.network/networkvirtualappliances/{},Microsoft.Network/networkVirtualAppliances,/subscriptions/{subscriptionId}/resourceGroups/{resourceGroupName}/providers/Microsoft.Network/networkVirtualAppliances/{networkVirtualApplianceName},NetworkVirtualAppliance
post|/subscriptions/{}/resourcegroups/{}/providers/microsoft.network/networkvirtualappliances/{}/reimage,reimage,post,/subscriptions/{subscriptionId}/resourceGroups/{resourceGroupName}/providers/Microsoft.Network/networkVirtualAppliances/{networkVirtualApplianceName}/reimage,action,https://github.com/Azure/azure-rest-api-specs/blob/bf9983dd77d8691739ffac9160ff8bb93bd74288/specification/network/resource-manager/Microsoft.Network/Network/Network/NetworkVirtualAppliance.tsp#L218,microsoft.network/networkvirtualappliances|/subscriptions/{}/resourcegroups/{}/providers/microsoft.network/networkvirtualappliances/{},Microsoft.Network/networkVirtualAppliances,/subscriptions/{subscriptionId}/resourceGroups/{resourceGroupName}/providers/Microsoft.Network/networkVirtualAppliances/{networkVirtualApplianceName},NetworkVirtualAppliance
post|/subscriptions/{}/resourcegroups/{}/providers/microsoft.network/networkvirtualappliances/{}/restart,restart,post,/subscriptions/{subscriptionId}/resourceGroups/{resourceGroupName}/providers/Microsoft.Network/networkVirtualAppliances/{networkVirtualApplianceName}/restart,action,https://github.com/Azure/azure-rest-api-specs/blob/bf9983dd77d8691739ffac9160ff8bb93bd74288/specification/network/resource-manager/Microsoft.Network/Network/Network/NetworkVirtualAppliance.tsp#L207,microsoft.network/networkvirtualappliances|/subscriptions/{}/resourcegroups/{}/providers/microsoft.network/networkvirtualappliances/{},Microsoft.Network/networkVirtualAppliances,/subscriptions/{subscriptionId}/resourceGroups/{resourceGroupName}/providers/Microsoft.Network/networkVirtualAppliances/{networkVirtualApplianceName},NetworkVirtualAppliance
patch|/subscriptions/{}/resourcegroups/{}/providers/microsoft.network/networkvirtualappliances/{},updateTags,patch,/subscriptions/{subscriptionId}/resourceGroups/{resourceGroupName}/providers/Microsoft.Network/networkVirtualAppliances/{networkVirtualApplianceName},update,https://github.com/Azure/azure-rest-api-specs/blob/bf9983dd77d8691739ffac9160ff8bb93bd74288/specification/network/resource-manager/Microsoft.Network/Network/Network/NetworkVirtualAppliance.tsp#L172,microsoft.network/networkvirtualappliances|/subscriptions/{}/resourcegroups/{}/providers/microsoft.network/networkvirtualappliances/{},Microsoft.Network/networkVirtualAppliances,/subscriptions/{subscriptionId}/resourceGroups/{resourceGroupName}/providers/Microsoft.Network/networkVirtualAppliances/{networkVirtualApplianceName},NetworkVirtualAppliance
get|/subscriptions/{}/providers/microsoft.network/networkvirtualapplianceskus/{},get,get,/subscriptions/{subscriptionId}/providers/Microsoft.Network/networkVirtualApplianceSkus/{skuName},read,https://github.com/Azure/azure-rest-api-specs/blob/bf9983dd77d8691739ffac9160ff8bb93bd74288/specification/network/resource-manager/Microsoft.Network/Network/Network/NetworkVirtualApplianceSku.tsp#L49,microsoft.network/networkvirtualapplianceskus|/subscriptions/{}/providers/microsoft.network/networkvirtualapplianceskus/{},Microsoft.Network/networkVirtualApplianceSkus,/subscriptions/{subscriptionId}/providers/Microsoft.Network/networkVirtualApplianceSkus/{skuName},NetworkVirtualApplianceSku
get|/subscriptions/{}/providers/microsoft.network/networkvirtualapplianceskus,list,get,/subscriptions/{subscriptionId}/providers/Microsoft.Network/networkVirtualApplianceSkus,list,https://github.com/Azure/azure-rest-api-specs/blob/bf9983dd77d8691739ffac9160ff8bb93bd74288/specification/network/resource-manager/Microsoft.Network/Network/Network/NetworkVirtualApplianceSku.tsp#L59,microsoft.network/networkvirtualapplianceskus|/subscriptions/{}/providers/microsoft.network/networkvirtualapplianceskus/{},Microsoft.Network/networkVirtualApplianceSkus,/subscriptions/{subscriptionId}/providers/Microsoft.Network/networkVirtualApplianceSkus/{skuName},NetworkVirtualApplianceSku
put|/subscriptions/{}/resourcegroups/{}/providers/microsoft.network/networksecurityperimeters/{}/profiles/{}/accessrules/{},createOrUpdate,put,/subscriptions/{subscriptionId}/resourceGroups/{resourceGroupName}/providers/Microsoft.Network/networkSecurityPerimeters/{networkSecurityPerimeterName}/profiles/{profileName}/accessRules/{accessRuleName},createOrUpdate,https://github.com/Azure/azure-rest-api-specs/blob/bf9983dd77d8691739ffac9160ff8bb93bd74288/specification/network/resource-manager/Microsoft.Network/Network/Network/NspAccessRule.tsp#L59,microsoft.network/networksecurityperimeters/profiles/accessrules|/subscriptions/{}/resourcegroups/{}/providers/microsoft.network/networksecurityperimeters/{}/profiles/{}/accessrules/{},Microsoft.Network/networkSecurityPerimeters/profiles/accessRules,/subscriptions/{subscriptionId}/resourceGroups/{resourceGroupName}/providers/Microsoft.Network/networkSecurityPerimeters/{networkSecurityPerimeterName}/profiles/{profileName}/accessRules/{accessRuleName},NspAccessRule
delete|/subscriptions/{}/resourcegroups/{}/providers/microsoft.network/networksecurityperimeters/{}/profiles/{}/accessrules/{},delete,delete,/subscriptions/{subscriptionId}/resourceGroups/{resourceGroupName}/providers/Microsoft.Network/networkSecurityPerimeters/{networkSecurityPerimeterName}/profiles/{profileName}/accessRules/{accessRuleName},delete,https://github.com/Azure/azure-rest-api-specs/blob/bf9983dd77d8691739ffac9160ff8bb93bd74288/specification/network/resource-manager/Microsoft.Network/Network/Network/NspAccessRule.tsp#L68,microsoft.network/networksecurityperimeters/profiles/accessrules|/subscriptions/{}/resourcegroups/{}/providers/microsoft.network/networksecurityperimeters/{}/profiles/{}/accessrules/{},Microsoft.Network/networkSecurityPerimeters/profiles/accessRules,/subscriptions/{subscriptionId}/resourceGroups/{resourceGroupName}/providers/Microsoft.Network/networkSecurityPerimeters/{networkSecurityPerimeterName}/profiles/{profileName}/accessRules/{accessRuleName},NspAccessRule
get|/subscriptions/{}/resourcegroups/{}/providers/microsoft.network/networksecurityperimeters/{}/profiles/{}/accessrules/{},get,get,/subscriptions/{subscriptionId}/resourceGroups/{resourceGroupName}/providers/Microsoft.Network/networkSecurityPerimeters/{networkSecurityPerimeterName}/profiles/{profileName}/accessRules/{accessRuleName},read,https://github.com/Azure/azure-rest-api-specs/blob/bf9983dd77d8691739ffac9160ff8bb93bd74288/specification/network/resource-manager/Microsoft.Network/Network/Network/NspAccessRule.tsp#L53,microsoft.network/networksecurityperimeters/profiles/accessrules|/subscriptions/{}/resourcegroups/{}/providers/microsoft.network/networksecurityperimeters/{}/profiles/{}/accessrules/{},Microsoft.Network/networkSecurityPerimeters/profiles/accessRules,/subscriptions/{subscriptionId}/resourceGroups/{resourceGroupName}/providers/Microsoft.Network/networkSecurityPerimeters/{networkSecurityPerimeterName}/profiles/{profileName}/accessRules/{accessRuleName},NspAccessRule
get|/subscriptions/{}/resourcegroups/{}/providers/microsoft.network/networksecurityperimeters/{}/profiles/{}/accessrules,list,get,/subscriptions/{subscriptionId}/resourceGroups/{resourceGroupName}/providers/Microsoft.Network/networkSecurityPerimeters/{networkSecurityPerimeterName}/profiles/{profileName}/accessRules,list,https://github.com/Azure/azure-rest-api-specs/blob/bf9983dd77d8691739ffac9160ff8bb93bd74288/specification/network/resource-manager/Microsoft.Network/Network/Network/NspAccessRule.tsp#L74,microsoft.network/networksecurityperimeters/profiles/accessrules|/subscriptions/{}/resourcegroups/{}/providers/microsoft.network/networksecurityperimeters/{}/profiles/{}/accessrules/{},Microsoft.Network/networkSecurityPerimeters/profiles/accessRules,/subscriptions/{subscriptionId}/resourceGroups/{resourceGroupName}/providers/Microsoft.Network/networkSecurityPerimeters/{networkSecurityPerimeterName}/profiles/{profileName}/accessRules/{accessRuleName},NspAccessRule
post|/subscriptions/{}/resourcegroups/{}/providers/microsoft.network/networksecurityperimeters/{}/profiles/{}/accessrules/{}/reconcile,reconcile,post,/subscriptions/{subscriptionId}/resourceGroups/{resourceGroupName}/providers/Microsoft.Network/networkSecurityPerimeters/{networkSecurityPerimeterName}/profiles/{profileName}/accessRules/{accessRuleName}/reconcile,action,https://github.com/Azure/azure-rest-api-specs/blob/bf9983dd77d8691739ffac9160ff8bb93bd74288/specification/network/resource-manager/Microsoft.Network/Network/Network/NspAccessRule.tsp#L98,microsoft.network/networksecurityperimeters/profiles/accessrules|/subscriptions/{}/resourcegroups/{}/providers/microsoft.network/networksecurityperimeters/{}/profiles/{}/accessrules/{},Microsoft.Network/networkSecurityPerimeters/profiles/accessRules,/subscriptions/{subscriptionId}/resourceGroups/{resourceGroupName}/providers/Microsoft.Network/networkSecurityPerimeters/{networkSecurityPerimeterName}/profiles/{profileName}/accessRules/{accessRuleName},NspAccessRule
put|/subscriptions/{}/resourcegroups/{}/providers/microsoft.network/networksecurityperimeters/{}/resourceassociations/{},createOrUpdate,put,/subscriptions/{subscriptionId}/resourceGroups/{resourceGroupName}/providers/Microsoft.Network/networkSecurityPerimeters/{networkSecurityPerimeterName}/resourceAssociations/{associationName},createOrUpdate,https://github.com/Azure/azure-rest-api-specs/blob/bf9983dd77d8691739ffac9160ff8bb93bd74288/specification/network/resource-manager/Microsoft.Network/Network/Network/NspAssociation.tsp#L62,microsoft.network/networksecurityperimeters/resourceassociations|/subscriptions/{}/resourcegroups/{}/providers/microsoft.network/networksecurityperimeters/{}/resourceassociations/{},Microsoft.Network/networkSecurityPerimeters/resourceAssociations,/subscriptions/{subscriptionId}/resourceGroups/{resourceGroupName}/providers/Microsoft.Network/networkSecurityPerimeters/{networkSecurityPerimeterName}/resourceAssociations/{associationName},NspAssociation
delete|/subscriptions/{}/resourcegroups/{}/providers/microsoft.network/networksecurityperimeters/{}/resourceassociations/{},delete,delete,/subscriptions/{subscriptionId}/resourceGroups/{resourceGroupName}/providers/Microsoft.Network/networkSecurityPerimeters/{networkSecurityPerimeterName}/resourceAssociations/{associationName},delete,https://github.com/Azure/azure-rest-api-specs/blob/bf9983dd77d8691739ffac9160ff8bb93bd74288/specification/network/resource-manager/Microsoft.Network/Network/Network/NspAssociation.tsp#L81,microsoft.network/networksecurityperimeters/resourceassociations|/subscriptions/{}/resourcegroups/{}/providers/microsoft.network/networksecurityperimeters/{}/resourceassociations/{},Microsoft.Network/networkSecurityPerimeters/resourceAssociations,/subscriptions/{subscriptionId}/resourceGroups/{resourceGroupName}/providers/Microsoft.Network/networkSecurityPerimeters/{networkSecurityPerimeterName}/resourceAssociations/{associationName},NspAssociation
get|/subscriptions/{}/resourcegroups/{}/providers/microsoft.network/networksecurityperimeters/{}/resourceassociations/{},get,get,/subscriptions/{subscriptionId}/resourceGroups/{resourceGroupName}/providers/Microsoft.Network/networkSecurityPerimeters/{networkSecurityPerimeterName}/resourceAssociations/{associationName},read,https://github.com/Azure/azure-rest-api-specs/blob/bf9983dd77d8691739ffac9160ff8bb93bd74288/specification/network/resource-manager/Microsoft.Network/Network/Network/NspAssociation.tsp#L53,microsoft.network/networksecurityperimeters/resourceassociations|/subscriptions/{}/resourcegroups/{}/providers/microsoft.network/networksecurityperimeters/{}/resourceassociations/{},Microsoft.Network/networkSecurityPerimeters/resourceAssociations,/subscriptions/{subscriptionId}/resourceGroups/{resourceGroupName}/providers/Microsoft.Network/networkSecurityPerimeters/{networkSecurityPerimeterName}/resourceAssociations/{associationName},NspAssociation
get|/subscriptions/{}/resourcegroups/{}/providers/microsoft.network/networksecurityperimeters/{}/resourceassociations,list,get,/subscriptions/{subscriptionId}/resourceGroups/{resourceGroupName}/providers/Microsoft.Network/networkSecurityPerimeters/{networkSecurityPerimeterName}/resourceAssociations,list,https://github.com/Azure/azure-rest-api-specs/blob/bf9983dd77d8691739ffac9160ff8bb93bd74288/specification/network/resource-manager/Microsoft.Network/Network/Network/NspAssociation.tsp#L95,microsoft.network/networksecurityperimeters/resourceassociations|/subscriptions/{}/resourcegroups/{}/providers/microsoft.network/networksecurityperimeters/{}/resourceassociations/{},Microsoft.Network/networkSecurityPerimeters/resourceAssociations,/subscriptions/{subscriptionId}/resourceGroups/{resourceGroupName}/providers/Microsoft.Network/networkSecurityPerimeters/{networkSecurityPerimeterName}/resourceAssociations/{associationName},NspAssociation
post|/subscriptions/{}/resourcegroups/{}/providers/microsoft.network/networksecurityperimeters/{}/resourceassociations/{}/reconcile,reconcile,post,/subscriptions/{subscriptionId}/resourceGroups/{resourceGroupName}/providers/Microsoft.Network/networkSecurityPerimeters/{networkSecurityPerimeterName}/resourceAssociations/{associationName}/reconcile,action,https://github.com/Azure/azure-rest-api-specs/blob/bf9983dd77d8691739ffac9160ff8bb93bd74288/specification/network/resource-manager/Microsoft.Network/Network/Network/NspAssociation.tsp#L120,microsoft.network/networksecurityperimeters/resourceassociations|/subscriptions/{}/resourcegroups/{}/providers/microsoft.network/networksecurityperimeters/{}/resourceassociations/{},Microsoft.Network/networkSecurityPerimeters/resourceAssociations,/subscriptions/{subscriptionId}/resourceGroups/{resourceGroupName}/providers/Microsoft.Network/networkSecurityPerimeters/{networkSecurityPerimeterName}/resourceAssociations/{associationName},NspAssociation
put|/subscriptions/{}/resourcegroups/{}/providers/microsoft.network/networksecurityperimeters/{}/links/{},createOrUpdate,put,/subscriptions/{subscriptionId}/resourceGroups/{resourceGroupName}/providers/Microsoft.Network/networkSecurityPerimeters/{networkSecurityPerimeterName}/links/{linkName},createOrUpdate,https://github.com/Azure/azure-rest-api-specs/blob/bf9983dd77d8691739ffac9160ff8bb93bd74288/specification/network/resource-manager/Microsoft.Network/Network/Network/NspLink.tsp#L59,microsoft.network/networksecurityperimeters/links|/subscriptions/{}/resourcegroups/{}/providers/microsoft.network/networksecurityperimeters/{}/links/{},Microsoft.Network/networkSecurityPerimeters/links,/subscriptions/{subscriptionId}/resourceGroups/{resourceGroupName}/providers/Microsoft.Network/networkSecurityPerimeters/{networkSecurityPerimeterName}/links/{linkName},NspLink
delete|/subscriptions/{}/resourcegroups/{}/providers/microsoft.network/networksecurityperimeters/{}/links/{},delete,delete,/subscriptions/{subscriptionId}/resourceGroups/{resourceGroupName}/providers/Microsoft.Network/networkSecurityPerimeters/{networkSecurityPerimeterName}/links/{linkName},delete,https://github.com/Azure/azure-rest-api-specs/blob/bf9983dd77d8691739ffac9160ff8bb93bd74288/specification/network/resource-manager/Microsoft.Network/Network/Network/NspLink.tsp#L66,microsoft.network/networksecurityperimeters/links|/subscriptions/{}/resourcegroups/{}/providers/microsoft.network/networksecurityperimeters/{}/links/{},Microsoft.Network/networkSecurityPerimeters/links,/subscriptions/{subscriptionId}/resourceGroups/{resourceGroupName}/providers/Microsoft.Network/networkSecurityPerimeters/{networkSecurityPerimeterName}/links/{linkName},NspLink
get|/subscriptions/{}/resourcegroups/{}/providers/microsoft.network/networksecurityperimeters/{}/links/{},get,get,/subscriptions/{subscriptionId}/resourceGroups/{resourceGroupName}/providers/Microsoft.Network/networkSecurityPerimeters/{networkSecurityPerimeterName}/links/{linkName},read,https://github.com/Azure/azure-rest-api-specs/blob/bf9983dd77d8691739ffac9160ff8bb93bd74288/specification/network/resource-manager/Microsoft.Network/Network/Network/NspLink.tsp#L53,microsoft.network/networksecurityperimeters/links|/subscriptions/{}/resourcegroups/{}/providers/microsoft.network/networksecurityperimeters/{}/links/{},Microsoft.Network/networkSecurityPerimeters/links,/subscriptions/{subscriptionId}/resourceGroups/{resourceGroupName}/providers/Microsoft.Network/networkSecurityPerimeters/{networkSecurityPerimeterName}/links/{linkName},NspLink
get|/subscriptions/{}/resourcegroups/{}/providers/microsoft.network/networksecurityperimeters/{}/links,list,get,/subscriptions/{subscriptionId}/resourceGroups/{resourceGroupName}/providers/Microsoft.Network/networkSecurityPerimeters/{networkSecurityPerimeterName}/links,list,https://github.com/Azure/azure-rest-api-specs/blob/bf9983dd77d8691739ffac9160ff8bb93bd74288/specification/network/resource-manager/Microsoft.Network/Network/Network/NspLink.tsp#L79,microsoft.network/networksecurityperimeters/links|/subscriptions/{}/resourcegroups/{}/providers/microsoft.network/networksecurityperimeters/{}/links/{},Microsoft.Network/networkSecurityPerimeters/links,/subscriptions/{subscriptionId}/resourceGroups/{resourceGroupName}/providers/Microsoft.Network/networkSecurityPerimeters/{networkSecurityPerimeterName}/links/{linkName},NspLink
delete|/subscriptions/{}/resourcegroups/{}/providers/microsoft.network/networksecurityperimeters/{}/linkreferences/{},delete,delete,/subscriptions/{subscriptionId}/resourceGroups/{resourceGroupName}/providers/Microsoft.Network/networkSecurityPerimeters/{networkSecurityPerimeterName}/linkReferences/{linkReferenceName},delete,https://github.com/Azure/azure-rest-api-specs/blob/bf9983dd77d8691739ffac9160ff8bb93bd74288/specification/network/resource-manager/Microsoft.Network/Network/Network/NspLinkReference.tsp#L60,microsoft.network/networksecurityperimeters/linkreferences|/subscriptions/{}/resourcegroups/{}/providers/microsoft.network/networksecurityperimeters/{}/linkreferences/{},Microsoft.Network/networkSecurityPerimeters/linkReferences,/subscriptions/{subscriptionId}/resourceGroups/{resourceGroupName}/providers/Microsoft.Network/networkSecurityPerimeters/{networkSecurityPerimeterName}/linkReferences/{linkReferenceName},NspLinkReference
get|/subscriptions/{}/resourcegroups/{}/providers/microsoft.network/networksecurityperimeters/{}/linkreferences/{},get,get,/subscriptions/{subscriptionId}/resourceGroups/{resourceGroupName}/providers/Microsoft.Network/networkSecurityPerimeters/{networkSecurityPerimeterName}/linkReferences/{linkReferenceName},read,https://github.com/Azure/azure-rest-api-specs/blob/bf9983dd77d8691739ffac9160ff8bb93bd74288/specification/network/resource-manager/Microsoft.Network/Network/Network/NspLinkReference.tsp#L53,microsoft.network/networksecurityperimeters/linkreferences|/subscriptions/{}/resourcegroups/{}/providers/microsoft.network/networksecurityperimeters/{}/linkreferences/{},Microsoft.Network/networkSecurityPerimeters/linkReferences,/subscriptions/{subscriptionId}/resourceGroups/{resourceGroupName}/providers/Microsoft.Network/networkSecurityPerimeters/{networkSecurityPerimeterName}/linkReferences/{linkReferenceName},NspLinkReference
get|/subscriptions/{}/resourcegroups/{}/providers/microsoft.network/networksecurityperimeters/{}/linkreferences,list,get,/subscriptions/{subscriptionId}/resourceGroups/{resourceGroupName}/providers/Microsoft.Network/networkSecurityPerimeters/{networkSecurityPerimeterName}/linkReferences,list,https://github.com/Azure/azure-rest-api-specs/blob/bf9983dd77d8691739ffac9160ff8bb93bd74288/specification/network/resource-manager/Microsoft.Network/Network/Network/NspLinkReference.tsp#L73,microsoft.network/networksecurityperimeters/linkreferences|/subscriptions/{}/resourcegroups/{}/providers/microsoft.network/networksecurityperimeters/{}/linkreferences/{},Microsoft.Network/networkSecurityPerimeters/linkReferences,/subscriptions/{subscriptionId}/resourceGroups/{resourceGroupName}/providers/Microsoft.Network/networkSecurityPerimeters/{networkSecurityPerimeterName}/linkReferences/{linkReferenceName},NspLinkReference
put|/subscriptions/{}/resourcegroups/{}/providers/microsoft.network/networksecurityperimeters/{}/loggingconfigurations/{},createOrUpdate,put,/subscriptions/{subscriptionId}/resourceGroups/{resourceGroupName}/providers/Microsoft.Network/networkSecurityPerimeters/{networkSecurityPerimeterName}/loggingConfigurations/{loggingConfigurationName},createOrUpdate,https://github.com/Azure/azure-rest-api-specs/blob/bf9983dd77d8691739ffac9160ff8bb93bd74288/specification/network/resource-manager/Microsoft.Network/Network/Network/NspLoggingConfiguration.tsp#L59,microsoft.network/networksecurityperimeters/loggingconfigurations|/subscriptions/{}/resourcegroups/{}/providers/microsoft.network/networksecurityperimeters/{}/loggingconfigurations/{},Microsoft.Network/networkSecurityPerimeters/loggingConfigurations,/subscriptions/{subscriptionId}/resourceGroups/{resourceGroupName}/providers/Microsoft.Network/networkSecurityPerimeters/{networkSecurityPerimeterName}/loggingConfigurations/{loggingConfigurationName},NspLoggingConfiguration
delete|/subscriptions/{}/resourcegroups/{}/providers/microsoft.network/networksecurityperimeters/{}/loggingconfigurations/{},delete,delete,/subscriptions/{subscriptionId}/resourceGroups/{resourceGroupName}/providers/Microsoft.Network/networkSecurityPerimeters/{networkSecurityPerimeterName}/loggingConfigurations/{loggingConfigurationName},delete,https://github.com/Azure/azure-rest-api-specs/blob/bf9983dd77d8691739ffac9160ff8bb93bd74288/specification/network/resource-manager/Microsoft.Network/Network/Network/NspLoggingConfiguration.tsp#L68,microsoft.network/networksecurityperimeters/loggingconfigurations|/subscriptions/{}/resourcegroups/{}/providers/microsoft.network/networksecurityperimeters/{}/loggingconfigurations/{},Microsoft.Network/networkSecurityPerimeters/loggingConfigurations,/subscriptions/{subscriptionId}/resourceGroups/{resourceGroupName}/providers/Microsoft.Network/networkSecurityPerimeters/{networkSecurityPerimeterName}/loggingConfigurations/{loggingConfigurationName},NspLoggingConfiguration
get|/subscriptions/{}/resourcegroups/{}/providers/microsoft.network/networksecurityperimeters/{}/loggingconfigurations/{},get,get,/subscriptions/{subscriptionId}/resourceGroups/{resourceGroupName}/providers/Microsoft.Network/networkSecurityPerimeters/{networkSecurityPerimeterName}/loggingConfigurations/{loggingConfigurationName},read,https://github.com/Azure/azure-rest-api-specs/blob/bf9983dd77d8691739ffac9160ff8bb93bd74288/specification/network/resource-manager/Microsoft.Network/Network/Network/NspLoggingConfiguration.tsp#L53,microsoft.network/networksecurityperimeters/loggingconfigurations|/subscriptions/{}/resourcegroups/{}/providers/microsoft.network/networksecurityperimeters/{}/loggingconfigurations/{},Microsoft.Network/networkSecurityPerimeters/loggingConfigurations,/subscriptions/{subscriptionId}/resourceGroups/{resourceGroupName}/providers/Microsoft.Network/networkSecurityPerimeters/{networkSecurityPerimeterName}/loggingConfigurations/{loggingConfigurationName},NspLoggingConfiguration
get|/subscriptions/{}/resourcegroups/{}/providers/microsoft.network/networksecurityperimeters/{}/loggingconfigurations,list,get,/subscriptions/{subscriptionId}/resourceGroups/{resourceGroupName}/providers/Microsoft.Network/networkSecurityPerimeters/{networkSecurityPerimeterName}/loggingConfigurations,list,https://github.com/Azure/azure-rest-api-specs/blob/bf9983dd77d8691739ffac9160ff8bb93bd74288/specification/network/resource-manager/Microsoft.Network/Network/Network/NspLoggingConfiguration.tsp#L74,microsoft.network/networksecurityperimeters/loggingconfigurations|/subscriptions/{}/resourcegroups/{}/providers/microsoft.network/networksecurityperimeters/{}/loggingconfigurations/{},Microsoft.Network/networkSecurityPerimeters/loggingConfigurations,/subscriptions/{subscriptionId}/resourceGroups/{resourceGroupName}/providers/Microsoft.Network/networkSecurityPerimeters/{networkSecurityPerimeterName}/loggingConfigurations/{loggingConfigurationName},NspLoggingConfiguration
put|/subscriptions/{}/resourcegroups/{}/providers/microsoft.network/networksecurityperimeters/{}/profiles/{},createOrUpdate,put,/subscriptions/{subscriptionId}/resourceGroups/{resourceGroupName}/providers/Microsoft.Network/networkSecurityPerimeters/{networkSecurityPerimeterName}/profiles/{profileName},createOrUpdate,https://github.com/Azure/azure-rest-api-specs/blob/bf9983dd77d8691739ffac9160ff8bb93bd74288/specification/network/resource-manager/Microsoft.Network/Network/Network/NspProfile.tsp#L59,microsoft.network/networksecurityperimeters/profiles|/subscriptions/{}/resourcegroups/{}/providers/microsoft.network/networksecurityperimeters/{}/profiles/{},Microsoft.Network/networkSecurityPerimeters/profiles,/subscriptions/{subscriptionId}/resourceGroups/{resourceGroupName}/providers/Microsoft.Network/networkSecurityPerimeters/{networkSecurityPerimeterName}/profiles/{profileName},NspProfile
delete|/subscriptions/{}/resourcegroups/{}/providers/microsoft.network/networksecurityperimeters/{}/profiles/{},delete,delete,/subscriptions/{subscriptionId}/resourceGroups/{resourceGroupName}/providers/Microsoft.Network/networkSecurityPerimeters/{networkSecurityPerimeterName}/profiles/{profileName},delete,https://github.com/Azure/azure-rest-api-specs/blob/bf9983dd77d8691739ffac9160ff8bb93bd74288/specification/network/resource-manager/Microsoft.Network/Network/Network/NspProfile.tsp#L68,microsoft.network/networksecurityperimeters/profiles|/subscriptions/{}/resourcegroups/{}/providers/microsoft.network/networksecurityperimeters/{}/profiles/{},Microsoft.Network/networkSecurityPerimeters/profiles,/subscriptions/{subscriptionId}/resourceGroups/{resourceGroupName}/providers/Microsoft.Network/networkSecurityPerimeters/{networkSecurityPerimeterName}/profiles/{profileName},NspProfile
get|/subscriptions/{}/resourcegroups/{}/providers/microsoft.network/networksecurityperimeters/{}/profiles/{},get,get,/subscriptions/{subscriptionId}/resourceGroups/{resourceGroupName}/providers/Microsoft.Network/networkSecurityPerimeters/{networkSecurityPerimeterName}/profiles/{profileName},read,https://github.com/Azure/azure-rest-api-specs/blob/bf9983dd77d8691739ffac9160ff8bb93bd74288/specification/network/resource-manager/Microsoft.Network/Network/Network/NspProfile.tsp#L53,microsoft.network/networksecurityperimeters/profiles|/subscriptions/{}/resourcegroups/{}/providers/microsoft.network/networksecurityperimeters/{}/profiles/{},Microsoft.Network/networkSecurityPerimeters/profiles,/subscriptions/{subscriptionId}/resourceGroups/{resourceGroupName}/providers/Microsoft.Network/networkSecurityPerimeters/{networkSecurityPerimeterName}/profiles/{profileName},NspProfile
get|/subscriptions/{}/resourcegroups/{}/providers/microsoft.network/networksecurityperimeters/{}/profiles,list,get,/subscriptions/{subscriptionId}/resourceGroups/{resourceGroupName}/providers/Microsoft.Network/networkSecurityPerimeters/{networkSecurityPerimeterName}/profiles,list,https://github.com/Azure/azure-rest-api-specs/blob/bf9983dd77d8691739ffac9160ff8bb93bd74288/specification/network/resource-manager/Microsoft.Network/Network/Network/NspProfile.tsp#L74,microsoft.network/networksecurityperimeters/profiles|/subscriptions/{}/resourcegroups/{}/providers/microsoft.network/networksecurityperimeters/{}/profiles/{},Microsoft.Network/networkSecurityPerimeters/profiles,/subscriptions/{subscriptionId}/resourceGroups/{resourceGroupName}/providers/Microsoft.Network/networkSecurityPerimeters/{networkSecurityPerimeterName}/profiles/{profileName},NspProfile
put|/subscriptions/{}/resourcegroups/{}/providers/microsoft.network/p2svpngateways/{},createOrUpdate,put,/subscriptions/{subscriptionId}/resourceGroups/{resourceGroupName}/providers/Microsoft.Network/p2svpnGateways/{gatewayName},createOrUpdate,https://github.com/Azure/azure-rest-api-specs/blob/bf9983dd77d8691739ffac9160ff8bb93bd74288/specification/network/resource-manager/Microsoft.Network/Network/Network/P2SVpnGateway.tsp#L71,microsoft.network/p2svpngateways|/subscriptions/{}/resourcegroups/{}/providers/microsoft.network/p2svpngateways/{},Microsoft.Network/p2svpnGateways,/subscriptions/{subscriptionId}/resourceGroups/{resourceGroupName}/providers/Microsoft.Network/p2svpnGateways/{gatewayName},P2SVpnGateway
delete|/subscriptions/{}/resourcegroups/{}/providers/microsoft.network/p2svpngateways/{},delete,delete,/subscriptions/{subscriptionId}/resourceGroups/{resourceGroupName}/providers/Microsoft.Network/p2svpnGateways/{gatewayName},delete,https://github.com/Azure/azure-rest-api-specs/blob/bf9983dd77d8691739ffac9160ff8bb93bd74288/specification/network/resource-manager/Microsoft.Network/Network/Network/P2SVpnGateway.tsp#L94,microsoft.network/p2svpngateways|/subscriptions/{}/resourcegroups/{}/providers/microsoft.network/p2svpngateways/{},Microsoft.Network/p2svpnGateways,/subscriptions/{subscriptionId}/resourceGroups/{resourceGroupName}/providers/Microsoft.Network/p2svpnGateways/{gatewayName},P2SVpnGateway
post|/subscriptions/{}/resourcegroups/{}/providers/microsoft.network/p2svpngateways/{}/disconnectp2svpnconnections,disconnectP2sVpnConnections,post,/subscriptions/{subscriptionId}/resourceGroups/{resourceGroupName}/providers/Microsoft.Network/p2svpnGateways/{p2sVpnGatewayName}/disconnectP2sVpnConnections,action,https://github.com/Azure/azure-rest-api-specs/blob/bf9983dd77d8691739ffac9160ff8bb93bd74288/specification/network/resource-manager/Microsoft.Network/Network/Network/P2SVpnGateway.tsp#L170,microsoft.network/p2svpngateways|/subscriptions/{}/resourcegroups/{}/providers/microsoft.network/p2svpngateways/{},Microsoft.Network/p2svpnGateways,/subscriptions/{subscriptionId}/resourceGroups/{resourceGroupName}/providers/Microsoft.Network/p2svpnGateways/{gatewayName},P2SVpnGateway
post|/subscriptions/{}/resourcegroups/{}/providers/microsoft.network/p2svpngateways/{}/generatevpnprofile,generateVpnProfile,post,/subscriptions/{subscriptionId}/resourceGroups/{resourceGroupName}/providers/Microsoft.Network/p2svpnGateways/{gatewayName}/generatevpnprofile,action,https://github.com/Azure/azure-rest-api-specs/blob/bf9983dd77d8691739ffac9160ff8bb93bd74288/specification/network/resource-manager/Microsoft.Network/Network/Network/P2SVpnGateway.tsp#L137,microsoft.network/p2svpngateways|/subscriptions/{}/resourcegroups/{}/providers/microsoft.network/p2svpngateways/{},Microsoft.Network/p2svpnGateways,/subscriptions/{subscriptionId}/resourceGroups/{resourceGroupName}/providers/Microsoft.Network/p2svpnGateways/{gatewayName},P2SVpnGateway
get|/subscriptions/{}/resourcegroups/{}/providers/microsoft.network/p2svpngateways/{},get,get,/subscriptions/{subscriptionId}/resourceGroups/{resourceGroupName}/providers/Microsoft.Network/p2svpnGateways/{gatewayName},read,https://github.com/Azure/azure-rest-api-specs/blob/bf9983dd77d8691739ffac9160ff8bb93bd74288/specification/network/resource-manager/Microsoft.Network/Network/Network/P2SVpnGateway.tsp#L66,microsoft.network/p2svpngateways|/subscriptions/{}/resourcegroups/{}/providers/microsoft.network/p2svpngateways/{},Microsoft.Network/p2svpnGateways,/subscriptions/{subscriptionId}/resourceGroups/{resourceGroupName}/providers/Microsoft.Network/p2svpnGateways/{gatewayName},P2SVpnGateway
post|/subscriptions/{}/resourcegroups/{}/providers/microsoft.network/p2svpngateways/{}/getp2svpnconnectionhealth,getP2sVpnConnectionHealth,post,/subscriptions/{subscriptionId}/resourceGroups/{resourceGroupName}/providers/Microsoft.Network/p2svpnGateways/{gatewayName}/getP2sVpnConnectionHealth,action,https://github.com/Azure/azure-rest-api-specs/blob/bf9983dd77d8691739ffac9160ff8bb93bd74288/specification/network/resource-manager/Microsoft.Network/Network/Network/P2SVpnGateway.tsp#L148,microsoft.network/p2svpngateways|/subscriptions/{}/resourcegroups/{}/providers/microsoft.network/p2svpngateways/{},Microsoft.Network/p2svpnGateways,/subscriptions/{subscriptionId}/resourceGroups/{resourceGroupName}/providers/Microsoft.Network/p2svpnGateways/{gatewayName},P2SVpnGateway
post|/subscriptions/{}/resourcegroups/{}/providers/microsoft.network/p2svpngateways/{}/getp2svpnconnectionhealthdetailed,getP2sVpnConnectionHealthDetailed,post,/subscriptions/{subscriptionId}/resourceGroups/{resourceGroupName}/providers/Microsoft.Network/p2svpnGateways/{gatewayName}/getP2sVpnConnectionHealthDetailed,action,https://github.com/Azure/azure-rest-api-specs/blob/bf9983dd77d8691739ffac9160ff8bb93bd74288/specification/network/resource-manager/Microsoft.Network/Network/Network/P2SVpnGateway.tsp#L159,microsoft.network/p2svpngateways|/subscriptions/{}/resourcegroups/{}/providers/microsoft.network/p2svpngateways/{},Microsoft.Network/p2svpnGateways,/subscriptions/{subscriptionId}/resourceGroups/{resourceGroupName}/providers/Microsoft.Network/p2svpnGateways/{gatewayName},P2SVpnGateway
get|/subscriptions/{}/providers/microsoft.network/p2svpngateways,list,get,/subscriptions/{subscriptionId}/providers/Microsoft.Network/p2svpnGateways,list,https://github.com/Azure/azure-rest-api-specs/blob/bf9983dd77d8691739ffac9160ff8bb93bd74288/specification/network/resource-manager/Microsoft.Network/Network/Network/P2SVpnGateway.tsp#L115,microsoft.network/p2svpngateways|/subscriptions/{}/resourcegroups/{}/providers/microsoft.network/p2svpngateways/{},Microsoft.Network/p2svpnGateways,/subscriptions/{subscriptionId}/resourceGroups/{resourceGroupName}/providers/Microsoft.Network/p2svpnGateways/{gatewayName},P2SVpnGateway
get|/subscriptions/{}/resourcegroups/{}/providers/microsoft.network/p2svpngateways,listByResourceGroup,get,/subscriptions/{subscriptionId}/resourceGroups/{resourceGroupName}/providers/Microsoft.Network/p2svpnGateways,list,https://github.com/Azure/azure-rest-api-specs/blob/bf9983dd77d8691739ffac9160ff8bb93bd74288/specification/network/resource-manager/Microsoft.Network/Network/Network/P2SVpnGateway.tsp#L106,microsoft.network/p2svpngateways|/subscriptions/{}/resourcegroups/{}/providers/microsoft.network/p2svpngateways/{},Microsoft.Network/p2svpnGateways,/subscriptions/{subscriptionId}/resourceGroups/{resourceGroupName}/providers/Microsoft.Network/p2svpnGateways/{gatewayName},P2SVpnGateway
post|/subscriptions/{}/resourcegroups/{}/providers/microsoft.network/p2svpngateways/{}/reset,reset,post,/subscriptions/{subscriptionId}/resourceGroups/{resourceGroupName}/providers/Microsoft.Network/p2svpnGateways/{gatewayName}/reset,action,https://github.com/Azure/azure-rest-api-specs/blob/bf9983dd77d8691739ffac9160ff8bb93bd74288/specification/network/resource-manager/Microsoft.Network/Network/Network/P2SVpnGateway.tsp#L125,microsoft.network/p2svpngateways|/subscriptions/{}/resourcegroups/{}/providers/microsoft.network/p2svpngateways/{},Microsoft.Network/p2svpnGateways,/subscriptions/{subscriptionId}/resourceGroups/{resourceGroupName}/providers/Microsoft.Network/p2svpnGateways/{gatewayName},P2SVpnGateway
patch|/subscriptions/{}/resourcegroups/{}/providers/microsoft.network/p2svpngateways/{},updateTags,patch,/subscriptions/{subscriptionId}/resourceGroups/{resourceGroupName}/providers/Microsoft.Network/p2svpnGateways/{gatewayName},update,https://github.com/Azure/azure-rest-api-specs/blob/bf9983dd77d8691739ffac9160ff8bb93bd74288/specification/network/resource-manager/Microsoft.Network/Network/Network/P2SVpnGateway.tsp#L82,microsoft.network/p2svpngateways|/subscriptions/{}/resourcegroups/{}/providers/microsoft.network/p2svpngateways/{},Microsoft.Network/p2svpnGateways,/subscriptions/{subscriptionId}/resourceGroups/{resourceGroupName}/providers/Microsoft.Network/p2svpnGateways/{gatewayName},P2SVpnGateway
get|/subscriptions/{}/resourcegroups/{}/providers/microsoft.network/expressroutecircuits/{}/peerings/{}/peerconnections/{},get,get,/subscriptions/{subscriptionId}/resourceGroups/{resourceGroupName}/providers/Microsoft.Network/expressRouteCircuits/{circuitName}/peerings/{peeringName}/peerConnections/{connectionName},read,https://github.com/Azure/azure-rest-api-specs/blob/bf9983dd77d8691739ffac9160ff8bb93bd74288/specification/network/resource-manager/Microsoft.Network/Network/Network/PeerExpressRouteCircuitConnection.tsp#L53,microsoft.network/expressroutecircuits/peerings/peerconnections|/subscriptions/{}/resourcegroups/{}/providers/microsoft.network/expressroutecircuits/{}/peerings/{}/peerconnections/{},Microsoft.Network/expressRouteCircuits/peerings/peerConnections,/subscriptions/{subscriptionId}/resourceGroups/{resourceGroupName}/providers/Microsoft.Network/expressRouteCircuits/{circuitName}/peerings/{peeringName}/peerConnections/{connectionName},PeerExpressRouteCircuitConnection
get|/subscriptions/{}/resourcegroups/{}/providers/microsoft.network/expressroutecircuits/{}/peerings/{}/peerconnections,list,get,/subscriptions/{subscriptionId}/resourceGroups/{resourceGroupName}/providers/Microsoft.Network/expressRouteCircuits/{circuitName}/peerings/{peeringName}/peerConnections,list,https://github.com/Azure/azure-rest-api-specs/blob/bf9983dd77d8691739ffac9160ff8bb93bd74288/specification/network/resource-manager/Microsoft.Network/Network/Network/PeerExpressRouteCircuitConnection.tsp#L58,microsoft.network/expressroutecircuits/peerings/peerconnections|/subscriptions/{}/resourcegroups/{}/providers/microsoft.network/expressroutecircuits/{}/peerings/{}/peerconnections/{},Microsoft.Network/expressRouteCircuits/peerings/peerConnections,/subscriptions/{subscriptionId}/resourceGroups/{resourceGroupName}/providers/Microsoft.Network/expressRouteCircuits/{circuitName}/peerings/{peeringName}/peerConnections/{connectionName},PeerExpressRouteCircuitConnection
put|/subscriptions/{}/resourcegroups/{}/providers/microsoft.network/publicipprefixes/{},createOrUpdate,put,/subscriptions/{subscriptionId}/resourceGroups/{resourceGroupName}/providers/Microsoft.Network/publicIPPrefixes/{publicIpPrefixName},createOrUpdate,https://github.com/Azure/azure-rest-api-specs/blob/bf9983dd77d8691739ffac9160ff8bb93bd74288/specification/network/resource-manager/Microsoft.Network/Network/Network/PublicIPPrefix.tsp#L82,microsoft.network/publicipprefixes|/subscriptions/{}/resourcegroups/{}/providers/microsoft.network/publicipprefixes/{},Microsoft.Network/publicIPPrefixes,/subscriptions/{subscriptionId}/resourceGroups/{resourceGroupName}/providers/Microsoft.Network/publicIPPrefixes/{publicIpPrefixName},PublicIPPrefix
delete|/subscriptions/{}/resourcegroups/{}/providers/microsoft.network/publicipprefixes/{},delete,delete,/subscriptions/{subscriptionId}/resourceGroups/{resourceGroupName}/providers/Microsoft.Network/publicIPPrefixes/{publicIpPrefixName},delete,https://github.com/Azure/azure-rest-api-specs/blob/bf9983dd77d8691739ffac9160ff8bb93bd74288/specification/network/resource-manager/Microsoft.Network/Network/Network/PublicIPPrefix.tsp#L103,microsoft.network/publicipprefixes|/subscriptions/{}/resourcegroups/{}/providers/microsoft.network/publicipprefixes/{},Microsoft.Network/publicIPPrefixes,/subscriptions/{subscriptionId}/resourceGroups/{resourceGroupName}/providers/Microsoft.Network/publicIPPrefixes/{publicIpPrefixName},PublicIPPrefix
get|/subscriptions/{}/resourcegroups/{}/providers/microsoft.network/publicipprefixes/{},get,get,/subscriptions/{subscriptionId}/resourceGroups/{resourceGroupName}/providers/Microsoft.Network/publicIPPrefixes/{publicIpPrefixName},read,https://github.com/Azure/azure-rest-api-specs/blob/bf9983dd77d8691739ffac9160ff8bb93bd74288/specification/network/resource-manager/Microsoft.Network/Network/Network/PublicIPPrefix.tsp#L67,microsoft.network/publicipprefixes|/subscriptions/{}/resourcegroups/{}/providers/microsoft.network/publicipprefixes/{},Microsoft.Network/publicIPPrefixes,/subscriptions/{subscriptionId}/resourceGroups/{resourceGroupName}/providers/Microsoft.Network/publicIPPrefixes/{publicIpPrefixName},PublicIPPrefix
get|/subscriptions/{}/resourcegroups/{}/providers/microsoft.network/publicipprefixes,list,get,/subscriptions/{subscriptionId}/resourceGroups/{resourceGroupName}/providers/Microsoft.Network/publicIPPrefixes,list,https://github.com/Azure/azure-rest-api-specs/blob/bf9983dd77d8691739ffac9160ff8bb93bd74288/specification/network/resource-manager/Microsoft.Network/Network/Network/PublicIPPrefix.tsp#L115,microsoft.network/publicipprefixes|/subscriptions/{}/resourcegroups/{}/providers/microsoft.network/publicipprefixes/{},Microsoft.Network/publicIPPrefixes,/subscriptions/{subscriptionId}/resourceGroups/{resourceGroupName}/providers/Microsoft.Network/publicIPPrefixes/{publicIpPrefixName},PublicIPPrefix
get|/subscriptions/{}/providers/microsoft.network/publicipprefixes,listAll,get,/subscriptions/{subscriptionId}/providers/Microsoft.Network/publicIPPrefixes,list,https://github.com/Azure/azure-rest-api-specs/blob/bf9983dd77d8691739ffac9160ff8bb93bd74288/specification/network/resource-manager/Microsoft.Network/Network/Network/PublicIPPrefix.tsp#L120,microsoft.network/publicipprefixes|/subscriptions/{}/resourcegroups/{}/providers/microsoft.network/publicipprefixes/{},Microsoft.Network/publicIPPrefixes,/subscriptions/{subscriptionId}/resourceGroups/{resourceGroupName}/providers/Microsoft.Network/publicIPPrefixes/{publicIpPrefixName},PublicIPPrefix
patch|/subscriptions/{}/resourcegroups/{}/providers/microsoft.network/publicipprefixes/{},updateTags,patch,/subscriptions/{subscriptionId}/resourceGroups/{resourceGroupName}/providers/Microsoft.Network/publicIPPrefixes/{publicIpPrefixName},update,https://github.com/Azure/azure-rest-api-specs/blob/bf9983dd77d8691739ffac9160ff8bb93bd74288/specification/network/resource-manager/Microsoft.Network/Network/Network/PublicIPPrefix.tsp#L93,microsoft.network/publicipprefixes|/subscriptions/{}/resourcegroups/{}/providers/microsoft.network/publicipprefixes/{},Microsoft.Network/publicIPPrefixes,/subscriptions/{subscriptionId}/resourceGroups/{resourceGroupName}/providers/Microsoft.Network/publicIPPrefixes/{publicIpPrefixName},PublicIPPrefix
put|/subscriptions/{}/resourcegroups/{}/providers/microsoft.network/networkmanagers/{}/verifierworkspaces/{}/reachabilityanalysisintents/{},create,put,/subscriptions/{subscriptionId}/resourceGroups/{resourceGroupName}/providers/Microsoft.Network/networkManagers/{networkManagerName}/verifierWorkspaces/{workspaceName}/reachabilityAnalysisIntents/{reachabilityAnalysisIntentName},createOrUpdate,https://github.com/Azure/azure-rest-api-specs/blob/bf9983dd77d8691739ffac9160ff8bb93bd74288/specification/network/resource-manager/Microsoft.Network/Network/Network/ReachabilityAnalysisIntent.tsp#L68,microsoft.network/networkmanagers/verifierworkspaces/reachabilityanalysisintents|/subscriptions/{}/resourcegroups/{}/providers/microsoft.network/networkmanagers/{}/verifierworkspaces/{}/reachabilityanalysisintents/{},Microsoft.Network/networkManagers/verifierWorkspaces/reachabilityAnalysisIntents,/subscriptions/{subscriptionId}/resourceGroups/{resourceGroupName}/providers/Microsoft.Network/networkManagers/{networkManagerName}/verifierWorkspaces/{workspaceName}/reachabilityAnalysisIntents/{reachabilityAnalysisIntentName},ReachabilityAnalysisIntent
delete|/subscriptions/{}/resourcegroups/{}/providers/microsoft.network/networkmanagers/{}/verifierworkspaces/{}/reachabilityanalysisintents/{},delete,delete,/subscriptions/{subscriptionId}/resourceGroups/{resourceGroupName}/providers/Microsoft.Network/networkManagers/{networkManagerName}/verifierWorkspaces/{workspaceName}/reachabilityAnalysisIntents/{reachabilityAnalysisIntentName},delete,https://github.com/Azure/azure-rest-api-specs/blob/bf9983dd77d8691739ffac9160ff8bb93bd74288/specification/network/resource-manager/Microsoft.Network/Network/Network/ReachabilityAnalysisIntent.tsp#L78,microsoft.network/networkmanagers/verifierworkspaces/reachabilityanalysisintents|/subscriptions/{}/resourcegroups/{}/providers/microsoft.network/networkmanagers/{}/verifierworkspaces/{}/reachabilityanalysisintents/{},Microsoft.Network/networkManagers/verifierWorkspaces/reachabilityAnalysisIntents,/subscriptions/{subscriptionId}/resourceGroups/{resourceGroupName}/providers/Microsoft.Network/networkManagers/{networkManagerName}/verifierWorkspaces/{workspaceName}/reachabilityAnalysisIntents/{reachabilityAnalysisIntentName},ReachabilityAnalysisIntent
get|/subscriptions/{}/resourcegroups/{}/providers/microsoft.network/networkmanagers/{}/verifierworkspaces/{}/reachabilityanalysisintents/{},get,get,/subscriptions/{subscriptionId}/resourceGroups/{resourceGroupName}/providers/Microsoft.Network/networkManagers/{networkManagerName}/verifierWorkspaces/{workspaceName}/reachabilityAnalysisIntents/{reachabilityAnalysisIntentName},read,https://github.com/Azure/azure-rest-api-specs/blob/bf9983dd77d8691739ffac9160ff8bb93bd74288/specification/network/resource-manager/Microsoft.Network/Network/Network/ReachabilityAnalysisIntent.tsp#L58,microsoft.network/networkmanagers/verifierworkspaces/reachabilityanalysisintents|/subscriptions/{}/resourcegroups/{}/providers/microsoft.network/networkmanagers/{}/verifierworkspaces/{}/reachabilityanalysisintents/{},Microsoft.Network/networkManagers/verifierWorkspaces/reachabilityAnalysisIntents,/subscriptions/{subscriptionId}/resourceGroups/{resourceGroupName}/providers/Microsoft.Network/networkManagers/{networkManagerName}/verifierWorkspaces/{workspaceName}/reachabilityAnalysisIntents/{reachabilityAnalysisIntentName},ReachabilityAnalysisIntent
get|/subscriptions/{}/resourcegroups/{}/providers/microsoft.network/networkmanagers/{}/verifierworkspaces/{}/reachabilityanalysisintents,list,get,/subscriptions/{subscriptionId}/resourceGroups/{resourceGroupName}/providers/Microsoft.Network/networkManagers/{networkManagerName}/verifierWorkspaces/{workspaceName}/reachabilityAnalysisIntents,list,https://github.com/Azure/azure-rest-api-specs/blob/bf9983dd77d8691739ffac9160ff8bb93bd74288/specification/network/resource-manager/Microsoft.Network/Network/Network/ReachabilityAnalysisIntent.tsp#L88,microsoft.network/networkmanagers/verifierworkspaces/reachabilityanalysisintents|/subscriptions/{}/resourcegroups/{}/providers/microsoft.network/networkmanagers/{}/verifierworkspaces/{}/reachabilityanalysisintents/{},Microsoft.Network/networkManagers/verifierWorkspaces/reachabilityAnalysisIntents,/subscriptions/{subscriptionId}/resourceGroups/{resourceGroupName}/providers/Microsoft.Network/networkManagers/{networkManagerName}/verifierWorkspaces/{workspaceName}/reachabilityAnalysisIntents/{reachabilityAnalysisIntentName},ReachabilityAnalysisIntent
put|/subscriptions/{}/resourcegroups/{}/providers/microsoft.network/networkmanagers/{}/verifierworkspaces/{}/reachabilityanalysisruns/{},create,put,/subscriptions/{subscriptionId}/resourceGroups/{resourceGroupName}/providers/Microsoft.Network/networkManagers/{networkManagerName}/verifierWorkspaces/{workspaceName}/reachabilityAnalysisRuns/{reachabilityAnalysisRunName},createOrUpdate,https://github.com/Azure/azure-rest-api-specs/blob/bf9983dd77d8691739ffac9160ff8bb93bd74288/specification/network/resource-manager/Microsoft.Network/Network/Network/ReachabilityAnalysisRun.tsp#L63,microsoft.network/networkmanagers/verifierworkspaces/reachabilityanalysisruns|/subscriptions/{}/resourcegroups/{}/providers/microsoft.network/networkmanagers/{}/verifierworkspaces/{}/reachabilityanalysisruns/{},Microsoft.Network/networkManagers/verifierWorkspaces/reachabilityAnalysisRuns,/subscriptions/{subscriptionId}/resourceGroups/{resourceGroupName}/providers/Microsoft.Network/networkManagers/{networkManagerName}/verifierWorkspaces/{workspaceName}/reachabilityAnalysisRuns/{reachabilityAnalysisRunName},ReachabilityAnalysisRun
delete|/subscriptions/{}/resourcegroups/{}/providers/microsoft.network/networkmanagers/{}/verifierworkspaces/{}/reachabilityanalysisruns/{},delete,delete,/subscriptions/{subscriptionId}/resourceGroups/{resourceGroupName}/providers/Microsoft.Network/networkManagers/{networkManagerName}/verifierWorkspaces/{workspaceName}/reachabilityAnalysisRuns/{reachabilityAnalysisRunName},delete,https://github.com/Azure/azure-rest-api-specs/blob/bf9983dd77d8691739ffac9160ff8bb93bd74288/specification/network/resource-manager/Microsoft.Network/Network/Network/ReachabilityAnalysisRun.tsp#L72,microsoft.network/networkmanagers/verifierworkspaces/reachabilityanalysisruns|/subscriptions/{}/resourcegroups/{}/providers/microsoft.network/networkmanagers/{}/verifierworkspaces/{}/reachabilityanalysisruns/{},Microsoft.Network/networkManagers/verifierWorkspaces/reachabilityAnalysisRuns,/subscriptions/{subscriptionId}/resourceGroups/{resourceGroupName}/providers/Microsoft.Network/networkManagers/{networkManagerName}/verifierWorkspaces/{workspaceName}/reachabilityAnalysisRuns/{reachabilityAnalysisRunName},ReachabilityAnalysisRun
get|/subscriptions/{}/resourcegroups/{}/providers/microsoft.network/networkmanagers/{}/verifierworkspaces/{}/reachabilityanalysisruns/{},get,get,/subscriptions/{subscriptionId}/resourceGroups/{resourceGroupName}/providers/Microsoft.Network/networkManagers/{networkManagerName}/verifierWorkspaces/{workspaceName}/reachabilityAnalysisRuns/{reachabilityAnalysisRunName},read,https://github.com/Azure/azure-rest-api-specs/blob/bf9983dd77d8691739ffac9160ff8bb93bd74288/specification/network/resource-manager/Microsoft.Network/Network/Network/ReachabilityAnalysisRun.tsp#L57,microsoft.network/networkmanagers/verifierworkspaces/reachabilityanalysisruns|/subscriptions/{}/resourcegroups/{}/providers/microsoft.network/networkmanagers/{}/verifierworkspaces/{}/reachabilityanalysisruns/{},Microsoft.Network/networkManagers/verifierWorkspaces/reachabilityAnalysisRuns,/subscriptions/{subscriptionId}/resourceGroups/{resourceGroupName}/providers/Microsoft.Network/networkManagers/{networkManagerName}/verifierWorkspaces/{workspaceName}/reachabilityAnalysisRuns/{reachabilityAnalysisRunName},ReachabilityAnalysisRun
get|/subscriptions/{}/resourcegroups/{}/providers/microsoft.network/networkmanagers/{}/verifierworkspaces/{}/reachabilityanalysisruns,list,get,/subscriptions/{subscriptionId}/resourceGroups/{resourceGroupName}/providers/Microsoft.Network/networkManagers/{networkManagerName}/verifierWorkspaces/{workspaceName}/reachabilityAnalysisRuns,list,https://github.com/Azure/azure-rest-api-specs/blob/bf9983dd77d8691739ffac9160ff8bb93bd74288/specification/network/resource-manager/Microsoft.Network/Network/Network/ReachabilityAnalysisRun.tsp#L81,microsoft.network/networkmanagers/verifierworkspaces/reachabilityanalysisruns|/subscriptions/{}/resourcegroups/{}/providers/microsoft.network/networkmanagers/{}/verifierworkspaces/{}/reachabilityanalysisruns/{},Microsoft.Network/networkManagers/verifierWorkspaces/reachabilityAnalysisRuns,/subscriptions/{subscriptionId}/resourceGroups/{resourceGroupName}/providers/Microsoft.Network/networkManagers/{networkManagerName}/verifierWorkspaces/{workspaceName}/reachabilityAnalysisRuns/{reachabilityAnalysisRunName},ReachabilityAnalysisRun
put|/subscriptions/{}/resourcegroups/{}/providers/microsoft.network/routefilters/{},createOrUpdate,put,/subscriptions/{subscriptionId}/resourceGroups/{resourceGroupName}/providers/Microsoft.Network/routeFilters/{routeFilterName},createOrUpdate,https://github.com/Azure/azure-rest-api-specs/blob/bf9983dd77d8691739ffac9160ff8bb93bd74288/specification/network/resource-manager/Microsoft.Network/Network/Network/RouteFilter.tsp#L89,microsoft.network/routefilters|/subscriptions/{}/resourcegroups/{}/providers/microsoft.network/routefilters/{},Microsoft.Network/routeFilters,/subscriptions/{subscriptionId}/resourceGroups/{resourceGroupName}/providers/Microsoft.Network/routeFilters/{routeFilterName},RouteFilter
delete|/subscriptions/{}/resourcegroups/{}/providers/microsoft.network/routefilters/{},delete,delete,/subscriptions/{subscriptionId}/resourceGroups/{resourceGroupName}/providers/Microsoft.Network/routeFilters/{routeFilterName},delete,https://github.com/Azure/azure-rest-api-specs/blob/bf9983dd77d8691739ffac9160ff8bb93bd74288/specification/network/resource-manager/Microsoft.Network/Network/Network/RouteFilter.tsp#L114,microsoft.network/routefilters|/subscriptions/{}/resourcegroups/{}/providers/microsoft.network/routefilters/{},Microsoft.Network/routeFilters,/subscriptions/{subscriptionId}/resourceGroups/{resourceGroupName}/providers/Microsoft.Network/routeFilters/{routeFilterName},RouteFilter
get|/subscriptions/{}/resourcegroups/{}/providers/microsoft.network/routefilters/{},get,get,/subscriptions/{subscriptionId}/resourceGroups/{resourceGroupName}/providers/Microsoft.Network/routeFilters/{routeFilterName},read,https://github.com/Azure/azure-rest-api-specs/blob/bf9983dd77d8691739ffac9160ff8bb93bd74288/specification/network/resource-manager/Microsoft.Network/Network/Network/RouteFilter.tsp#L72,microsoft.network/routefilters|/subscriptions/{}/resourcegroups/{}/providers/microsoft.network/routefilters/{},Microsoft.Network/routeFilters,/subscriptions/{subscriptionId}/resourceGroups/{resourceGroupName}/providers/Microsoft.Network/routeFilters/{routeFilterName},RouteFilter
get|/subscriptions/{}/providers/microsoft.network/routefilters,list,get,/subscriptions/{subscriptionId}/providers/Microsoft.Network/routeFilters,list,https://github.com/Azure/azure-rest-api-specs/blob/bf9983dd77d8691739ffac9160ff8bb93bd74288/specification/network/resource-manager/Microsoft.Network/Network/Network/RouteFilter.tsp#L139,microsoft.network/routefilters|/subscriptions/{}/resourcegroups/{}/providers/microsoft.network/routefilters/{},Microsoft.Network/routeFilters,/subscriptions/{subscriptionId}/resourceGroups/{resourceGroupName}/providers/Microsoft.Network/routeFilters/{routeFilterName},RouteFilter
get|/subscriptions/{}/resourcegroups/{}/providers/microsoft.network/routefilters,listByResourceGroup,get,/subscriptions/{subscriptionId}/resourceGroups/{resourceGroupName}/providers/Microsoft.Network/routeFilters,list,https://github.com/Azure/azure-rest-api-specs/blob/bf9983dd77d8691739ffac9160ff8bb93bd74288/specification/network/resource-manager/Microsoft.Network/Network/Network/RouteFilter.tsp#L129,microsoft.network/routefilters|/subscriptions/{}/resourcegroups/{}/providers/microsoft.network/routefilters/{},Microsoft.Network/routeFilters,/subscriptions/{subscriptionId}/resourceGroups/{resourceGroupName}/providers/Microsoft.Network/routeFilters/{routeFilterName},RouteFilter
get|/subscriptions/{}/resourcegroups/{}/providers/microsoft.network/routefilters/{}/routefilterrules,listByRouteFilter,get,/subscriptions/{subscriptionId}/resourceGroups/{resourceGroupName}/providers/Microsoft.Network/routeFilters/{routeFilterName}/routeFilterRules,action,https://github.com/Azure/azure-rest-api-specs/blob/bf9983dd77d8691739ffac9160ff8bb93bd74288/specification/network/resource-manager/Microsoft.Network/Network/Network/RouteFilter.tsp#L207,microsoft.network/routefilters|/subscriptions/{}/resourcegroups/{}/providers/microsoft.network/routefilters/{},Microsoft.Network/routeFilters,/subscriptions/{subscriptionId}/resourceGroups/{resourceGroupName}/providers/Microsoft.Network/routeFilters/{routeFilterName},RouteFilter
put|/subscriptions/{}/resourcegroups/{}/providers/microsoft.network/routefilters/{}/routefilterrules/{},routeFilterRulesCreateOrUpdate,put,/subscriptions/{subscriptionId}/resourceGroups/{resourceGroupName}/providers/Microsoft.Network/routeFilters/{routeFilterName}/routeFilterRules/{ruleName},action,https://github.com/Azure/azure-rest-api-specs/blob/bf9983dd77d8691739ffac9160ff8bb93bd74288/specification/network/resource-manager/Microsoft.Network/Network/Network/RouteFilter.tsp#L185,microsoft.network/routefilters|/subscriptions/{}/resourcegroups/{}/providers/microsoft.network/routefilters/{},Microsoft.Network/routeFilters,/subscriptions/{subscriptionId}/resourceGroups/{resourceGroupName}/providers/Microsoft.Network/routeFilters/{routeFilterName},RouteFilter
delete|/subscriptions/{}/resourcegroups/{}/providers/microsoft.network/routefilters/{}/routefilterrules/{},routeFilterRulesDelete,delete,/subscriptions/{subscriptionId}/resourceGroups/{resourceGroupName}/providers/Microsoft.Network/routeFilters/{routeFilterName}/routeFilterRules/{ruleName},action,https://github.com/Azure/azure-rest-api-specs/blob/bf9983dd77d8691739ffac9160ff8bb93bd74288/specification/network/resource-manager/Microsoft.Network/Network/Network/RouteFilter.tsp#L148,microsoft.network/routefilters|/subscriptions/{}/resourcegroups/{}/providers/microsoft.network/routefilters/{},Microsoft.Network/routeFilters,/subscriptions/{subscriptionId}/resourceGroups/{resourceGroupName}/providers/Microsoft.Network/routeFilters/{routeFilterName},RouteFilter
get|/subscriptions/{}/resourcegroups/{}/providers/microsoft.network/routefilters/{}/routefilterrules/{},routeFilterRulesGet,get,/subscriptions/{subscriptionId}/resourceGroups/{resourceGroupName}/providers/Microsoft.Network/routeFilters/{routeFilterName}/routeFilterRules/{ruleName},action,https://github.com/Azure/azure-rest-api-specs/blob/bf9983dd77d8691739ffac9160ff8bb93bd74288/specification/network/resource-manager/Microsoft.Network/Network/Network/RouteFilter.tsp#L170,microsoft.network/routefilters|/subscriptions/{}/resourcegroups/{}/providers/microsoft.network/routefilters/{},Microsoft.Network/routeFilters,/subscriptions/{subscriptionId}/resourceGroups/{resourceGroupName}/providers/Microsoft.Network/routeFilters/{routeFilterName},RouteFilter
patch|/subscriptions/{}/resourcegroups/{}/providers/microsoft.network/routefilters/{},updateTags,patch,/subscriptions/{subscriptionId}/resourceGroups/{resourceGroupName}/providers/Microsoft.Network/routeFilters/{routeFilterName},update,https://github.com/Azure/azure-rest-api-specs/blob/bf9983dd77d8691739ffac9160ff8bb93bd74288/specification/network/resource-manager/Microsoft.Network/Network/Network/RouteFilter.tsp#L100,microsoft.network/routefilters|/subscriptions/{}/resourcegroups/{}/providers/microsoft.network/routefilters/{},Microsoft.Network/routeFilters,/subscriptions/{subscriptionId}/resourceGroups/{resourceGroupName}/providers/Microsoft.Network/routeFilters/{routeFilterName},RouteFilter
put|/subscriptions/{}/resourcegroups/{}/providers/microsoft.network/virtualhubs/{}/routemaps/{},createOrUpdate,put,/subscriptions/{subscriptionId}/resourceGroups/{resourceGroupName}/providers/Microsoft.Network/virtualHubs/{virtualHubName}/routeMaps/{routeMapName},createOrUpdate,https://github.com/Azure/azure-rest-api-specs/blob/bf9983dd77d8691739ffac9160ff8bb93bd74288/specification/network/resource-manager/Microsoft.Network/Network/Network/RouteMap.tsp#L58,microsoft.network/virtualhubs/routemaps|/subscriptions/{}/resourcegroups/{}/providers/microsoft.network/virtualhubs/{}/routemaps/{},Microsoft.Network/virtualHubs/routeMaps,/subscriptions/{subscriptionId}/resourceGroups/{resourceGroupName}/providers/Microsoft.Network/virtualHubs/{virtualHubName}/routeMaps/{routeMapName},RouteMap
delete|/subscriptions/{}/resourcegroups/{}/providers/microsoft.network/virtualhubs/{}/routemaps/{},delete,delete,/subscriptions/{subscriptionId}/resourceGroups/{resourceGroupName}/providers/Microsoft.Network/virtualHubs/{virtualHubName}/routeMaps/{routeMapName},delete,https://github.com/Azure/azure-rest-api-specs/blob/bf9983dd77d8691739ffac9160ff8bb93bd74288/specification/network/resource-manager/Microsoft.Network/Network/Network/RouteMap.tsp#L67,microsoft.network/virtualhubs/routemaps|/subscriptions/{}/resourcegroups/{}/providers/microsoft.network/virtualhubs/{}/routemaps/{},Microsoft.Network/virtualHubs/routeMaps,/subscriptions/{subscriptionId}/resourceGroups/{resourceGroupName}/providers/Microsoft.Network/virtualHubs/{virtualHubName}/routeMaps/{routeMapName},RouteMap
get|/subscriptions/{}/resourcegroups/{}/providers/microsoft.network/virtualhubs/{}/routemaps/{},get,get,/subscriptions/{subscriptionId}/resourceGroups/{resourceGroupName}/providers/Microsoft.Network/virtualHubs/{virtualHubName}/routeMaps/{routeMapName},read,https://github.com/Azure/azure-rest-api-specs/blob/bf9983dd77d8691739ffac9160ff8bb93bd74288/specification/network/resource-manager/Microsoft.Network/Network/Network/RouteMap.tsp#L53,microsoft.network/virtualhubs/routemaps|/subscriptions/{}/resourcegroups/{}/providers/microsoft.network/virtualhubs/{}/routemaps/{},Microsoft.Network/virtualHubs/routeMaps,/subscriptions/{subscriptionId}/resourceGroups/{resourceGroupName}/providers/Microsoft.Network/virtualHubs/{virtualHubName}/routeMaps/{routeMapName},RouteMap
get|/subscriptions/{}/resourcegroups/{}/providers/microsoft.network/virtualhubs/{}/routemaps,list,get,/subscriptions/{subscriptionId}/resourceGroups/{resourceGroupName}/providers/Microsoft.Network/virtualHubs/{virtualHubName}/routeMaps,list,https://github.com/Azure/azure-rest-api-specs/blob/bf9983dd77d8691739ffac9160ff8bb93bd74288/specification/network/resource-manager/Microsoft.Network/Network/Network/RouteMap.tsp#L79,microsoft.network/virtualhubs/routemaps|/subscriptions/{}/resourcegroups/{}/providers/microsoft.network/virtualhubs/{}/routemaps/{},Microsoft.Network/virtualHubs/routeMaps,/subscriptions/{subscriptionId}/resourceGroups/{resourceGroupName}/providers/Microsoft.Network/virtualHubs/{virtualHubName}/routeMaps/{routeMapName},RouteMap
put|/subscriptions/{}/resourcegroups/{}/providers/microsoft.network/virtualhubs/{}/routingintent/{},createOrUpdate,put,/subscriptions/{subscriptionId}/resourceGroups/{resourceGroupName}/providers/Microsoft.Network/virtualHubs/{virtualHubName}/routingIntent/{routingIntentName},createOrUpdate,https://github.com/Azure/azure-rest-api-specs/blob/bf9983dd77d8691739ffac9160ff8bb93bd74288/specification/network/resource-manager/Microsoft.Network/Network/Network/RoutingIntent.tsp#L57,microsoft.network/virtualhubs/routingintent|/subscriptions/{}/resourcegroups/{}/providers/microsoft.network/virtualhubs/{}/routingintent/{},Microsoft.Network/virtualHubs/routingIntent,/subscriptions/{subscriptionId}/resourceGroups/{resourceGroupName}/providers/Microsoft.Network/virtualHubs/{virtualHubName}/routingIntent/{routingIntentName},RoutingIntent
delete|/subscriptions/{}/resourcegroups/{}/providers/microsoft.network/virtualhubs/{}/routingintent/{},delete,delete,/subscriptions/{subscriptionId}/resourceGroups/{resourceGroupName}/providers/Microsoft.Network/virtualHubs/{virtualHubName}/routingIntent/{routingIntentName},delete,https://github.com/Azure/azure-rest-api-specs/blob/bf9983dd77d8691739ffac9160ff8bb93bd74288/specification/network/resource-manager/Microsoft.Network/Network/Network/RoutingIntent.tsp#L66,microsoft.network/virtualhubs/routingintent|/subscriptions/{}/resourcegroups/{}/providers/microsoft.network/virtualhubs/{}/routingintent/{},Microsoft.Network/virtualHubs/routingIntent,/subscriptions/{subscriptionId}/resourceGroups/{resourceGroupName}/providers/Microsoft.Network/virtualHubs/{virtualHubName}/routingIntent/{routingIntentName},RoutingIntent
get|/subscriptions/{}/resourcegroups/{}/providers/microsoft.network/virtualhubs/{}/routingintent/{},get,get,/subscriptions/{subscriptionId}/resourceGroups/{resourceGroupName}/providers/Microsoft.Network/virtualHubs/{virtualHubName}/routingIntent/{routingIntentName},read,https://github.com/Azure/azure-rest-api-specs/blob/bf9983dd77d8691739ffac9160ff8bb93bd74288/specification/network/resource-manager/Microsoft.Network/Network/Network/RoutingIntent.tsp#L52,microsoft.network/virtualhubs/routingintent|/subscriptions/{}/resourcegroups/{}/providers/microsoft.network/virtualhubs/{}/routingintent/{},Microsoft.Network/virtualHubs/routingIntent,/subscriptions/{subscriptionId}/resourceGroups/{resourceGroupName}/providers/Microsoft.Network/virtualHubs/{virtualHubName}/routingIntent/{routingIntentName},RoutingIntent
get|/subscriptions/{}/resourcegroups/{}/providers/microsoft.network/virtualhubs/{}/routingintent,list,get,/subscriptions/{subscriptionId}/resourceGroups/{resourceGroupName}/providers/Microsoft.Network/virtualHubs/{virtualHubName}/routingIntent,list,https://github.com/Azure/azure-rest-api-specs/blob/bf9983dd77d8691739ffac9160ff8bb93bd74288/specification/network/resource-manager/Microsoft.Network/Network/Network/RoutingIntent.tsp#L78,microsoft.network/virtualhubs/routingintent|/subscriptions/{}/resourcegroups/{}/providers/microsoft.network/virtualhubs/{}/routingintent/{},Microsoft.Network/virtualHubs/routingIntent,/subscriptions/{subscriptionId}/resourceGroups/{resourceGroupName}/providers/Microsoft.Network/virtualHubs/{virtualHubName}/routingIntent/{routingIntentName},RoutingIntent
put|/subscriptions/{}/resourcegroups/{}/providers/microsoft.network/networkmanagers/{}/routingconfigurations/{}/rulecollections/{}/rules/{},createOrUpdate,put,/subscriptions/{subscriptionId}/resourceGroups/{resourceGroupName}/providers/Microsoft.Network/networkManagers/{networkManagerName}/routingConfigurations/{configurationName}/ruleCollections/{ruleCollectionName}/rules/{ruleName},createOrUpdate,https://github.com/Azure/azure-rest-api-specs/blob/bf9983dd77d8691739ffac9160ff8bb93bd74288/specification/network/resource-manager/Microsoft.Network/Network/Network/RoutingRule.tsp#L55,microsoft.network/networkmanagers/routingconfigurations/rulecollections/rules|/subscriptions/{}/resourcegroups/{}/providers/microsoft.network/networkmanagers/{}/routingconfigurations/{}/rulecollections/{}/rules/{},Microsoft.Network/networkManagers/routingConfigurations/ruleCollections/rules,/subscriptions/{subscriptionId}/resourceGroups/{resourceGroupName}/providers/Microsoft.Network/networkManagers/{networkManagerName}/routingConfigurations/{configurationName}/ruleCollections/{ruleCollectionName}/rules/{ruleName},RoutingRule
delete|/subscriptions/{}/resourcegroups/{}/providers/microsoft.network/networkmanagers/{}/routingconfigurations/{}/rulecollections/{}/rules/{},delete,delete,/subscriptions/{subscriptionId}/resourceGroups/{resourceGroupName}/providers/Microsoft.Network/networkManagers/{networkManagerName}/routingConfigurations/{configurationName}/ruleCollections/{ruleCollectionName}/rules/{ruleName},delete,https://github.com/Azure/azure-rest-api-specs/blob/bf9983dd77d8691739ffac9160ff8bb93bd74288/specification/network/resource-manager/Microsoft.Network/Network/Network/RoutingRule.tsp#L64,microsoft.network/networkmanagers/routingconfigurations/rulecollections/rules|/subscriptions/{}/resourcegroups/{}/providers/microsoft.network/networkmanagers/{}/routingconfigurations/{}/rulecollections/{}/rules/{},Microsoft.Network/networkManagers/routingConfigurations/ruleCollections/rules,/subscriptions/{subscriptionId}/resourceGroups/{resourceGroupName}/providers/Microsoft.Network/networkManagers/{networkManagerName}/routingConfigurations/{configurationName}/ruleCollections/{ruleCollectionName}/rules/{ruleName},RoutingRule
get|/subscriptions/{}/resourcegroups/{}/providers/microsoft.network/networkmanagers/{}/routingconfigurations/{}/rulecollections/{}/rules/{},get,get,/subscriptions/{subscriptionId}/resourceGroups/{resourceGroupName}/providers/Microsoft.Network/networkManagers/{networkManagerName}/routingConfigurations/{configurationName}/ruleCollections/{ruleCollectionName}/rules/{ruleName},read,https://github.com/Azure/azure-rest-api-specs/blob/bf9983dd77d8691739ffac9160ff8bb93bd74288/specification/network/resource-manager/Microsoft.Network/Network/Network/RoutingRule.tsp#L50,microsoft.network/networkmanagers/routingconfigurations/rulecollections/rules|/subscriptions/{}/resourcegroups/{}/providers/microsoft.network/networkmanagers/{}/routingconfigurations/{}/rulecollections/{}/rules/{},Microsoft.Network/networkManagers/routingConfigurations/ruleCollections/rules,/subscriptions/{subscriptionId}/resourceGroups/{resourceGroupName}/providers/Microsoft.Network/networkManagers/{networkManagerName}/routingConfigurations/{configurationName}/ruleCollections/{ruleCollectionName}/rules/{ruleName},RoutingRule
get|/subscriptions/{}/resourcegroups/{}/providers/microsoft.network/networkmanagers/{}/routingconfigurations/{}/rulecollections/{}/rules,list,get,/subscriptions/{subscriptionId}/resourceGroups/{resourceGroupName}/providers/Microsoft.Network/networkManagers/{networkManagerName}/routingConfigurations/{configurationName}/ruleCollections/{ruleCollectionName}/rules,list,https://github.com/Azure/azure-rest-api-specs/blob/bf9983dd77d8691739ffac9160ff8bb93bd74288/specification/network/resource-manager/Microsoft.Network/Network/Network/RoutingRule.tsp#L83,microsoft.network/networkmanagers/routingconfigurations/rulecollections/rules|/subscriptions/{}/resourcegroups/{}/providers/microsoft.network/networkmanagers/{}/routingconfigurations/{}/rulecollections/{}/rules/{},Microsoft.Network/networkManagers/routingConfigurations/ruleCollections/rules,/subscriptions/{subscriptionId}/resourceGroups/{resourceGroupName}/providers/Microsoft.Network/networkManagers/{networkManagerName}/routingConfigurations/{configurationName}/ruleCollections/{ruleCollectionName}/rules/{ruleName},RoutingRule
put|/subscriptions/{}/resourcegroups/{}/providers/microsoft.network/networkmanagers/{}/routingconfigurations/{}/rulecollections/{},createOrUpdate,put,/subscriptions/{subscriptionId}/resourceGroups/{resourceGroupName}/providers/Microsoft.Network/networkManagers/{networkManagerName}/routingConfigurations/{configurationName}/ruleCollections/{ruleCollectionName},createOrUpdate,https://github.com/Azure/azure-rest-api-specs/blob/bf9983dd77d8691739ffac9160ff8bb93bd74288/specification/network/resource-manager/Microsoft.Network/Network/Network/RoutingRuleCollection.tsp#L55,microsoft.network/networkmanagers/routingconfigurations/rulecollections|/subscriptions/{}/resourcegroups/{}/providers/microsoft.network/networkmanagers/{}/routingconfigurations/{}/rulecollections/{},Microsoft.Network/networkManagers/routingConfigurations/ruleCollections,/subscriptions/{subscriptionId}/resourceGroups/{resourceGroupName}/providers/Microsoft.Network/networkManagers/{networkManagerName}/routingConfigurations/{configurationName}/ruleCollections/{ruleCollectionName},RoutingRuleCollection
delete|/subscriptions/{}/resourcegroups/{}/providers/microsoft.network/networkmanagers/{}/routingconfigurations/{}/rulecollections/{},delete,delete,/subscriptions/{subscriptionId}/resourceGroups/{resourceGroupName}/providers/Microsoft.Network/networkManagers/{networkManagerName}/routingConfigurations/{configurationName}/ruleCollections/{ruleCollectionName},delete,https://github.com/Azure/azure-rest-api-specs/blob/bf9983dd77d8691739ffac9160ff8bb93bd74288/specification/network/resource-manager/Microsoft.Network/Network/Network/RoutingRuleCollection.tsp#L64,microsoft.network/networkmanagers/routingconfigurations/rulecollections|/subscriptions/{}/resourcegroups/{}/providers/microsoft.network/networkmanagers/{}/routingconfigurations/{}/rulecollections/{},Microsoft.Network/networkManagers/routingConfigurations/ruleCollections,/subscriptions/{subscriptionId}/resourceGroups/{resourceGroupName}/providers/Microsoft.Network/networkManagers/{networkManagerName}/routingConfigurations/{configurationName}/ruleCollections/{ruleCollectionName},RoutingRuleCollection
get|/subscriptions/{}/resourcegroups/{}/providers/microsoft.network/networkmanagers/{}/routingconfigurations/{}/rulecollections/{},get,get,/subscriptions/{subscriptionId}/resourceGroups/{resourceGroupName}/providers/Microsoft.Network/networkManagers/{networkManagerName}/routingConfigurations/{configurationName}/ruleCollections/{ruleCollectionName},read,https://github.com/Azure/azure-rest-api-specs/blob/bf9983dd77d8691739ffac9160ff8bb93bd74288/specification/network/resource-manager/Microsoft.Network/Network/Network/RoutingRuleCollection.tsp#L50,microsoft.network/networkmanagers/routingconfigurations/rulecollections|/subscriptions/{}/resourcegroups/{}/providers/microsoft.network/networkmanagers/{}/routingconfigurations/{}/rulecollections/{},Microsoft.Network/networkManagers/routingConfigurations/ruleCollections,/subscriptions/{subscriptionId}/resourceGroups/{resourceGroupName}/providers/Microsoft.Network/networkManagers/{networkManagerName}/routingConfigurations/{configurationName}/ruleCollections/{ruleCollectionName},RoutingRuleCollection
get|/subscriptions/{}/resourcegroups/{}/providers/microsoft.network/networkmanagers/{}/routingconfigurations/{}/rulecollections,list,get,/subscriptions/{subscriptionId}/resourceGroups/{resourceGroupName}/providers/Microsoft.Network/networkManagers/{networkManagerName}/routingConfigurations/{configurationName}/ruleCollections,list,https://github.com/Azure/azure-rest-api-specs/blob/bf9983dd77d8691739ffac9160ff8bb93bd74288/specification/network/resource-manager/Microsoft.Network/Network/Network/RoutingRuleCollection.tsp#L83,microsoft.network/networkmanagers/routingconfigurations/rulecollections|/subscriptions/{}/resourcegroups/{}/providers/microsoft.network/networkmanagers/{}/routingconfigurations/{}/rulecollections/{},Microsoft.Network/networkManagers/routingConfigurations/ruleCollections,/subscriptions/{subscriptionId}/resourceGroups/{resourceGroupName}/providers/Microsoft.Network/networkManagers/{networkManagerName}/routingConfigurations/{configurationName}/ruleCollections/{ruleCollectionName},RoutingRuleCollection
put|/subscriptions/{}/resourcegroups/{}/providers/microsoft.network/networkmanagers/{}/scopeconnections/{},createOrUpdate,put,/subscriptions/{subscriptionId}/resourceGroups/{resourceGroupName}/providers/Microsoft.Network/networkManagers/{networkManagerName}/scopeConnections/{scopeConnectionName},createOrUpdate,https://github.com/Azure/azure-rest-api-specs/blob/bf9983dd77d8691739ffac9160ff8bb93bd74288/specification/network/resource-manager/Microsoft.Network/Network/Network/ScopeConnection.tsp#L61,microsoft.network/networkmanagers/scopeconnections|/subscriptions/{}/resourcegroups/{}/providers/microsoft.network/networkmanagers/{}/scopeconnections/{},Microsoft.Network/networkManagers/scopeConnections,/subscriptions/{subscriptionId}/resourceGroups/{resourceGroupName}/providers/Microsoft.Network/networkManagers/{networkManagerName}/scopeConnections/{scopeConnectionName},ScopeConnection
delete|/subscriptions/{}/resourcegroups/{}/providers/microsoft.network/networkmanagers/{}/scopeconnections/{},delete,delete,/subscriptions/{subscriptionId}/resourceGroups/{resourceGroupName}/providers/Microsoft.Network/networkManagers/{networkManagerName}/scopeConnections/{scopeConnectionName},delete,https://github.com/Azure/azure-rest-api-specs/blob/bf9983dd77d8691739ffac9160ff8bb93bd74288/specification/network/resource-manager/Microsoft.Network/Network/Network/ScopeConnection.tsp#L69,microsoft.network/networkmanagers/scopeconnections|/subscriptions/{}/resourcegroups/{}/providers/microsoft.network/networkmanagers/{}/scopeconnections/{},Microsoft.Network/networkManagers/scopeConnections,/subscriptions/{subscriptionId}/resourceGroups/{resourceGroupName}/providers/Microsoft.Network/networkManagers/{networkManagerName}/scopeConnections/{scopeConnectionName},ScopeConnection
get|/subscriptions/{}/resourcegroups/{}/providers/microsoft.network/networkmanagers/{}/scopeconnections/{},get,get,/subscriptions/{subscriptionId}/resourceGroups/{resourceGroupName}/providers/Microsoft.Network/networkManagers/{networkManagerName}/scopeConnections/{scopeConnectionName},read,https://github.com/Azure/azure-rest-api-specs/blob/bf9983dd77d8691739ffac9160ff8bb93bd74288/specification/network/resource-manager/Microsoft.Network/Network/Network/ScopeConnection.tsp#L56,microsoft.network/networkmanagers/scopeconnections|/subscriptions/{}/resourcegroups/{}/providers/microsoft.network/networkmanagers/{}/scopeconnections/{},Microsoft.Network/networkManagers/scopeConnections,/subscriptions/{subscriptionId}/resourceGroups/{resourceGroupName}/providers/Microsoft.Network/networkManagers/{networkManagerName}/scopeConnections/{scopeConnectionName},ScopeConnection
get|/subscriptions/{}/resourcegroups/{}/providers/microsoft.network/networkmanagers/{}/scopeconnections,list,get,/subscriptions/{subscriptionId}/resourceGroups/{resourceGroupName}/providers/Microsoft.Network/networkManagers/{networkManagerName}/scopeConnections,list,https://github.com/Azure/azure-rest-api-specs/blob/bf9983dd77d8691739ffac9160ff8bb93bd74288/specification/network/resource-manager/Microsoft.Network/Network/Network/ScopeConnection.tsp#L74,microsoft.network/networkmanagers/scopeconnections|/subscriptions/{}/resourcegroups/{}/providers/microsoft.network/networkmanagers/{}/scopeconnections/{},Microsoft.Network/networkManagers/scopeConnections,/subscriptions/{subscriptionId}/resourceGroups/{resourceGroupName}/providers/Microsoft.Network/networkManagers/{networkManagerName}/scopeConnections/{scopeConnectionName},ScopeConnection
put|/subscriptions/{}/resourcegroups/{}/providers/microsoft.network/networkmanagers/{}/securityadminconfigurations/{},createOrUpdate,put,/subscriptions/{subscriptionId}/resourceGroups/{resourceGroupName}/providers/Microsoft.Network/networkManagers/{networkManagerName}/securityAdminConfigurations/{configurationName},createOrUpdate,https://github.com/Azure/azure-rest-api-specs/blob/bf9983dd77d8691739ffac9160ff8bb93bd74288/specification/network/resource-manager/Microsoft.Network/Network/Network/SecurityAdminConfiguration.tsp#L57,microsoft.network/networkmanagers/securityadminconfigurations|/subscriptions/{}/resourcegroups/{}/providers/microsoft.network/networkmanagers/{}/securityadminconfigurations/{},Microsoft.Network/networkManagers/securityAdminConfigurations,/subscriptions/{subscriptionId}/resourceGroups/{resourceGroupName}/providers/Microsoft.Network/networkManagers/{networkManagerName}/securityAdminConfigurations/{configurationName},SecurityAdminConfiguration
delete|/subscriptions/{}/resourcegroups/{}/providers/microsoft.network/networkmanagers/{}/securityadminconfigurations/{},delete,delete,/subscriptions/{subscriptionId}/resourceGroups/{resourceGroupName}/providers/Microsoft.Network/networkManagers/{networkManagerName}/securityAdminConfigurations/{configurationName},delete,https://github.com/Azure/azure-rest-api-specs/blob/bf9983dd77d8691739ffac9160ff8bb93bd74288/specification/network/resource-manager/Microsoft.Network/Network/Network/SecurityAdminConfiguration.tsp#L66,microsoft.network/networkmanagers/securityadminconfigurations|/subscriptions/{}/resourcegroups/{}/providers/microsoft.network/networkmanagers/{}/securityadminconfigurations/{},Microsoft.Network/networkManagers/securityAdminConfigurations,/subscriptions/{subscriptionId}/resourceGroups/{resourceGroupName}/providers/Microsoft.Network/networkManagers/{networkManagerName}/securityAdminConfigurations/{configurationName},SecurityAdminConfiguration
get|/subscriptions/{}/resourcegroups/{}/providers/microsoft.network/networkmanagers/{}/securityadminconfigurations/{},get,get,/subscriptions/{subscriptionId}/resourceGroups/{resourceGroupName}/providers/Microsoft.Network/networkManagers/{networkManagerName}/securityAdminConfigurations/{configurationName},read,https://github.com/Azure/azure-rest-api-specs/blob/bf9983dd77d8691739ffac9160ff8bb93bd74288/specification/network/resource-manager/Microsoft.Network/Network/Network/SecurityAdminConfiguration.tsp#L49,microsoft.network/networkmanagers/securityadminconfigurations|/subscriptions/{}/resourcegroups/{}/providers/microsoft.network/networkmanagers/{}/securityadminconfigurations/{},Microsoft.Network/networkManagers/securityAdminConfigurations,/subscriptions/{subscriptionId}/resourceGroups/{resourceGroupName}/providers/Microsoft.Network/networkManagers/{networkManagerName}/securityAdminConfigurations/{configurationName},SecurityAdminConfiguration
get|/subscriptions/{}/resourcegroups/{}/providers/microsoft.network/networkmanagers/{}/securityadminconfigurations,list,get,/subscriptions/{subscriptionId}/resourceGroups/{resourceGroupName}/providers/Microsoft.Network/networkManagers/{networkManagerName}/securityAdminConfigurations,list,https://github.com/Azure/azure-rest-api-specs/blob/bf9983dd77d8691739ffac9160ff8bb93bd74288/specification/network/resource-manager/Microsoft.Network/Network/Network/SecurityAdminConfiguration.tsp#L85,microsoft.network/networkmanagers/securityadminconfigurations|/subscriptions/{}/resourcegroups/{}/providers/microsoft.network/networkmanagers/{}/securityadminconfigurations/{},Microsoft.Network/networkManagers/securityAdminConfigurations,/subscriptions/{subscriptionId}/resourceGroups/{resourceGroupName}/providers/Microsoft.Network/networkManagers/{networkManagerName}/securityAdminConfigurations/{configurationName},SecurityAdminConfiguration
put|/subscriptions/{}/resourcegroups/{}/providers/microsoft.network/securitypartnerproviders/{},createOrUpdate,put,/subscriptions/{subscriptionId}/resourceGroups/{resourceGroupName}/providers/Microsoft.Network/securityPartnerProviders/{securityPartnerProviderName},createOrUpdate,https://github.com/Azure/azure-rest-api-specs/blob/bf9983dd77d8691739ffac9160ff8bb93bd74288/specification/network/resource-manager/Microsoft.Network/Network/Network/SecurityPartnerProvider.tsp#L53,microsoft.network/securitypartnerproviders|/subscriptions/{}/resourcegroups/{}/providers/microsoft.network/securitypartnerproviders/{},Microsoft.Network/securityPartnerProviders,/subscriptions/{subscriptionId}/resourceGroups/{resourceGroupName}/providers/Microsoft.Network/securityPartnerProviders/{securityPartnerProviderName},SecurityPartnerProvider
delete|/subscriptions/{}/resourcegroups/{}/providers/microsoft.network/securitypartnerproviders/{},delete,delete,/subscriptions/{subscriptionId}/resourceGroups/{resourceGroupName}/providers/Microsoft.Network/securityPartnerProviders/{securityPartnerProviderName},delete,https://github.com/Azure/azure-rest-api-specs/blob/bf9983dd77d8691739ffac9160ff8bb93bd74288/specification/network/resource-manager/Microsoft.Network/Network/Network/SecurityPartnerProvider.tsp#L72,microsoft.network/securitypartnerproviders|/subscriptions/{}/resourcegroups/{}/providers/microsoft.network/securitypartnerproviders/{},Microsoft.Network/securityPartnerProviders,/subscriptions/{subscriptionId}/resourceGroups/{resourceGroupName}/providers/Microsoft.Network/securityPartnerProviders/{securityPartnerProviderName},SecurityPartnerProvider
get|/subscriptions/{}/resourcegroups/{}/providers/microsoft.network/securitypartnerproviders/{},get,get,/subscriptions/{subscriptionId}/resourceGroups/{resourceGroupName}/providers/Microsoft.Network/securityPartnerProviders/{securityPartnerProviderName},read,https://github.com/Azure/azure-rest-api-specs/blob/bf9983dd77d8691739ffac9160ff8bb93bd74288/specification/network/resource-manager/Microsoft.Network/Network/Network/SecurityPartnerProvider.tsp#L48,microsoft.network/securitypartnerproviders|/subscriptions/{}/resourcegroups/{}/providers/microsoft.network/securitypartnerproviders/{},Microsoft.Network/securityPartnerProviders,/subscriptions/{subscriptionId}/resourceGroups/{resourceGroupName}/providers/Microsoft.Network/securityPartnerProviders/{securityPartnerProviderName},SecurityPartnerProvider
get|/subscriptions/{}/providers/microsoft.network/securitypartnerproviders,list,get,/subscriptions/{subscriptionId}/providers/Microsoft.Network/securityPartnerProviders,list,https://github.com/Azure/azure-rest-api-specs/blob/bf9983dd77d8691739ffac9160ff8bb93bd74288/specification/network/resource-manager/Microsoft.Network/Network/Network/SecurityPartnerProvider.tsp#L92,microsoft.network/securitypartnerproviders|/subscriptions/{}/resourcegroups/{}/providers/microsoft.network/securitypartnerproviders/{},Microsoft.Network/securityPartnerProviders,/subscriptions/{subscriptionId}/resourceGroups/{resourceGroupName}/providers/Microsoft.Network/securityPartnerProviders/{securityPartnerProviderName},SecurityPartnerProvider
get|/subscriptions/{}/resourcegroups/{}/providers/microsoft.network/securitypartnerproviders,listByResourceGroup,get,/subscriptions/{subscriptionId}/resourceGroups/{resourceGroupName}/providers/Microsoft.Network/securityPartnerProviders,list,https://github.com/Azure/azure-rest-api-specs/blob/bf9983dd77d8691739ffac9160ff8bb93bd74288/specification/network/resource-manager/Microsoft.Network/Network/Network/SecurityPartnerProvider.tsp#L84,microsoft.network/securitypartnerproviders|/subscriptions/{}/resourcegroups/{}/providers/microsoft.network/securitypartnerproviders/{},Microsoft.Network/securityPartnerProviders,/subscriptions/{subscriptionId}/resourceGroups/{resourceGroupName}/providers/Microsoft.Network/securityPartnerProviders/{securityPartnerProviderName},SecurityPartnerProvider
patch|/subscriptions/{}/resourcegroups/{}/providers/microsoft.network/securitypartnerproviders/{},updateTags,patch,/subscriptions/{subscriptionId}/resourceGroups/{resourceGroupName}/providers/Microsoft.Network/securityPartnerProviders/{securityPartnerProviderName},update,https://github.com/Azure/azure-rest-api-specs/blob/bf9983dd77d8691739ffac9160ff8bb93bd74288/specification/network/resource-manager/Microsoft.Network/Network/Network/SecurityPartnerProvider.tsp#L62,microsoft.network/securitypartnerproviders|/subscriptions/{}/resourcegroups/{}/providers/microsoft.network/securitypartnerproviders/{},Microsoft.Network/securityPartnerProviders,/subscriptions/{subscriptionId}/resourceGroups/{resourceGroupName}/providers/Microsoft.Network/securityPartnerProviders/{securityPartnerProviderName},SecurityPartnerProvider
put|/subscriptions/{}/resourcegroups/{}/providers/microsoft.network/networkmanagers/{}/securityuserconfigurations/{},createOrUpdate,put,/subscriptions/{subscriptionId}/resourceGroups/{resourceGroupName}/providers/Microsoft.Network/networkManagers/{networkManagerName}/securityUserConfigurations/{configurationName},createOrUpdate,https://github.com/Azure/azure-rest-api-specs/blob/bf9983dd77d8691739ffac9160ff8bb93bd74288/specification/network/resource-manager/Microsoft.Network/Network/Network/SecurityUserConfiguration.tsp#L55,microsoft.network/networkmanagers/securityuserconfigurations|/subscriptions/{}/resourcegroups/{}/providers/microsoft.network/networkmanagers/{}/securityuserconfigurations/{},Microsoft.Network/networkManagers/securityUserConfigurations,/subscriptions/{subscriptionId}/resourceGroups/{resourceGroupName}/providers/Microsoft.Network/networkManagers/{networkManagerName}/securityUserConfigurations/{configurationName},SecurityUserConfiguration
delete|/subscriptions/{}/resourcegroups/{}/providers/microsoft.network/networkmanagers/{}/securityuserconfigurations/{},delete,delete,/subscriptions/{subscriptionId}/resourceGroups/{resourceGroupName}/providers/Microsoft.Network/networkManagers/{networkManagerName}/securityUserConfigurations/{configurationName},delete,https://github.com/Azure/azure-rest-api-specs/blob/bf9983dd77d8691739ffac9160ff8bb93bd74288/specification/network/resource-manager/Microsoft.Network/Network/Network/SecurityUserConfiguration.tsp#L64,microsoft.network/networkmanagers/securityuserconfigurations|/subscriptions/{}/resourcegroups/{}/providers/microsoft.network/networkmanagers/{}/securityuserconfigurations/{},Microsoft.Network/networkManagers/securityUserConfigurations,/subscriptions/{subscriptionId}/resourceGroups/{resourceGroupName}/providers/Microsoft.Network/networkManagers/{networkManagerName}/securityUserConfigurations/{configurationName},SecurityUserConfiguration
get|/subscriptions/{}/resourcegroups/{}/providers/microsoft.network/networkmanagers/{}/securityuserconfigurations/{},get,get,/subscriptions/{subscriptionId}/resourceGroups/{resourceGroupName}/providers/Microsoft.Network/networkManagers/{networkManagerName}/securityUserConfigurations/{configurationName},read,https://github.com/Azure/azure-rest-api-specs/blob/bf9983dd77d8691739ffac9160ff8bb93bd74288/specification/network/resource-manager/Microsoft.Network/Network/Network/SecurityUserConfiguration.tsp#L50,microsoft.network/networkmanagers/securityuserconfigurations|/subscriptions/{}/resourcegroups/{}/providers/microsoft.network/networkmanagers/{}/securityuserconfigurations/{},Microsoft.Network/networkManagers/securityUserConfigurations,/subscriptions/{subscriptionId}/resourceGroups/{resourceGroupName}/providers/Microsoft.Network/networkManagers/{networkManagerName}/securityUserConfigurations/{configurationName},SecurityUserConfiguration
get|/subscriptions/{}/resourcegroups/{}/providers/microsoft.network/networkmanagers/{}/securityuserconfigurations,list,get,/subscriptions/{subscriptionId}/resourceGroups/{resourceGroupName}/providers/Microsoft.Network/networkManagers/{networkManagerName}/securityUserConfigurations,list,https://github.com/Azure/azure-rest-api-specs/blob/bf9983dd77d8691739ffac9160ff8bb93bd74288/specification/network/resource-manager/Microsoft.Network/Network/Network/SecurityUserConfiguration.tsp#L83,microsoft.network/networkmanagers/securityuserconfigurations|/subscriptions/{}/resourcegroups/{}/providers/microsoft.network/networkmanagers/{}/securityuserconfigurations/{},Microsoft.Network/networkManagers/securityUserConfigurations,/subscriptions/{subscriptionId}/resourceGroups/{resourceGroupName}/providers/Microsoft.Network/networkManagers/{networkManagerName}/securityUserConfigurations/{configurationName},SecurityUserConfiguration
put|/subscriptions/{}/resourcegroups/{}/providers/microsoft.network/networkmanagers/{}/securityuserconfigurations/{}/rulecollections/{}/rules/{},createOrUpdate,put,/subscriptions/{subscriptionId}/resourceGroups/{resourceGroupName}/providers/Microsoft.Network/networkManagers/{networkManagerName}/securityUserConfigurations/{configurationName}/ruleCollections/{ruleCollectionName}/rules/{ruleName},createOrUpdate,https://github.com/Azure/azure-rest-api-specs/blob/bf9983dd77d8691739ffac9160ff8bb93bd74288/specification/network/resource-manager/Microsoft.Network/Network/Network/SecurityUserRule.tsp#L55,microsoft.network/networkmanagers/securityuserconfigurations/rulecollections/rules|/subscriptions/{}/resourcegroups/{}/providers/microsoft.network/networkmanagers/{}/securityuserconfigurations/{}/rulecollections/{}/rules/{},Microsoft.Network/networkManagers/securityUserConfigurations/ruleCollections/rules,/subscriptions/{subscriptionId}/resourceGroups/{resourceGroupName}/providers/Microsoft.Network/networkManagers/{networkManagerName}/securityUserConfigurations/{configurationName}/ruleCollections/{ruleCollectionName}/rules/{ruleName},SecurityUserRule
delete|/subscriptions/{}/resourcegroups/{}/providers/microsoft.network/networkmanagers/{}/securityuserconfigurations/{}/rulecollections/{}/rules/{},delete,delete,/subscriptions/{subscriptionId}/resourceGroups/{resourceGroupName}/providers/Microsoft.Network/networkManagers/{networkManagerName}/securityUserConfigurations/{configurationName}/ruleCollections/{ruleCollectionName}/rules/{ruleName},delete,https://github.com/Azure/azure-rest-api-specs/blob/bf9983dd77d8691739ffac9160ff8bb93bd74288/specification/network/resource-manager/Microsoft.Network/Network/Network/SecurityUserRule.tsp#L64,microsoft.network/networkmanagers/securityuserconfigurations/rulecollections/rules|/subscriptions/{}/resourcegroups/{}/providers/microsoft.network/networkmanagers/{}/securityuserconfigurations/{}/rulecollections/{}/rules/{},Microsoft.Network/networkManagers/securityUserConfigurations/ruleCollections/rules,/subscriptions/{subscriptionId}/resourceGroups/{resourceGroupName}/providers/Microsoft.Network/networkManagers/{networkManagerName}/securityUserConfigurations/{configurationName}/ruleCollections/{ruleCollectionName}/rules/{ruleName},SecurityUserRule
get|/subscriptions/{}/resourcegroups/{}/providers/microsoft.network/networkmanagers/{}/securityuserconfigurations/{}/rulecollections/{}/rules/{},get,get,/subscriptions/{subscriptionId}/resourceGroups/{resourceGroupName}/providers/Microsoft.Network/networkManagers/{networkManagerName}/securityUserConfigurations/{configurationName}/ruleCollections/{ruleCollectionName}/rules/{ruleName},read,https://github.com/Azure/azure-rest-api-specs/blob/bf9983dd77d8691739ffac9160ff8bb93bd74288/specification/network/resource-manager/Microsoft.Network/Network/Network/SecurityUserRule.tsp#L50,microsoft.network/networkmanagers/securityuserconfigurations/rulecollections/rules|/subscriptions/{}/resourcegroups/{}/providers/microsoft.network/networkmanagers/{}/securityuserconfigurations/{}/rulecollections/{}/rules/{},Microsoft.Network/networkManagers/securityUserConfigurations/ruleCollections/rules,/subscriptions/{subscriptionId}/resourceGroups/{resourceGroupName}/providers/Microsoft.Network/networkManagers/{networkManagerName}/securityUserConfigurations/{configurationName}/ruleCollections/{ruleCollectionName}/rules/{ruleName},SecurityUserRule
get|/subscriptions/{}/resourcegroups/{}/providers/microsoft.network/networkmanagers/{}/securityuserconfigurations/{}/rulecollections/{}/rules,list,get,/subscriptions/{subscriptionId}/resourceGroups/{resourceGroupName}/providers/Microsoft.Network/networkManagers/{networkManagerName}/securityUserConfigurations/{configurationName}/ruleCollections/{ruleCollectionName}/rules,list,https://github.com/Azure/azure-rest-api-specs/blob/bf9983dd77d8691739ffac9160ff8bb93bd74288/specification/network/resource-manager/Microsoft.Network/Network/Network/SecurityUserRule.tsp#L83,microsoft.network/networkmanagers/securityuserconfigurations/rulecollections/rules|/subscriptions/{}/resourcegroups/{}/providers/microsoft.network/networkmanagers/{}/securityuserconfigurations/{}/rulecollections/{}/rules/{},Microsoft.Network/networkManagers/securityUserConfigurations/ruleCollections/rules,/subscriptions/{subscriptionId}/resourceGroups/{resourceGroupName}/providers/Microsoft.Network/networkManagers/{networkManagerName}/securityUserConfigurations/{configurationName}/ruleCollections/{ruleCollectionName}/rules/{ruleName},SecurityUserRule
put|/subscriptions/{}/resourcegroups/{}/providers/microsoft.network/networkmanagers/{}/securityuserconfigurations/{}/rulecollections/{},createOrUpdate,put,/subscriptions/{subscriptionId}/resourceGroups/{resourceGroupName}/providers/Microsoft.Network/networkManagers/{networkManagerName}/securityUserConfigurations/{configurationName}/ruleCollections/{ruleCollectionName},createOrUpdate,https://github.com/Azure/azure-rest-api-specs/blob/bf9983dd77d8691739ffac9160ff8bb93bd74288/specification/network/resource-manager/Microsoft.Network/Network/Network/SecurityUserRuleCollection.tsp#L55,microsoft.network/networkmanagers/securityuserconfigurations/rulecollections|/subscriptions/{}/resourcegroups/{}/providers/microsoft.network/networkmanagers/{}/securityuserconfigurations/{}/rulecollections/{},Microsoft.Network/networkManagers/securityUserConfigurations/ruleCollections,/subscriptions/{subscriptionId}/resourceGroups/{resourceGroupName}/providers/Microsoft.Network/networkManagers/{networkManagerName}/securityUserConfigurations/{configurationName}/ruleCollections/{ruleCollectionName},SecurityUserRuleCollection
delete|/subscriptions/{}/resourcegroups/{}/providers/microsoft.network/networkmanagers/{}/securityuserconfigurations/{}/rulecollections/{},delete,delete,/subscriptions/{subscriptionId}/resourceGroups/{resourceGroupName}/providers/Microsoft.Network/networkManagers/{networkManagerName}/securityUserConfigurations/{configurationName}/ruleCollections/{ruleCollectionName},delete,https://github.com/Azure/azure-rest-api-specs/blob/bf9983dd77d8691739ffac9160ff8bb93bd74288/specification/network/resource-manager/Microsoft.Network/Network/Network/SecurityUserRuleCollection.tsp#L64,microsoft.network/networkmanagers/securityuserconfigurations/rulecollections|/subscriptions/{}/resourcegroups/{}/providers/microsoft.network/networkmanagers/{}/securityuserconfigurations/{}/rulecollections/{},Microsoft.Network/networkManagers/securityUserConfigurations/ruleCollections,/subscriptions/{subscriptionId}/resourceGroups/{resourceGroupName}/providers/Microsoft.Network/networkManagers/{networkManagerName}/securityUserConfigurations/{configurationName}/ruleCollections/{ruleCollectionName},SecurityUserRuleCollection
get|/subscriptions/{}/resourcegroups/{}/providers/microsoft.network/networkmanagers/{}/securityuserconfigurations/{}/rulecollections/{},get,get,/subscriptions/{subscriptionId}/resourceGroups/{resourceGroupName}/providers/Microsoft.Network/networkManagers/{networkManagerName}/securityUserConfigurations/{configurationName}/ruleCollections/{ruleCollectionName},read,https://github.com/Azure/azure-rest-api-specs/blob/bf9983dd77d8691739ffac9160ff8bb93bd74288/specification/network/resource-manager/Microsoft.Network/Network/Network/SecurityUserRuleCollection.tsp#L50,microsoft.network/networkmanagers/securityuserconfigurations/rulecollections|/subscriptions/{}/resourcegroups/{}/providers/microsoft.network/networkmanagers/{}/securityuserconfigurations/{}/rulecollections/{},Microsoft.Network/networkManagers/securityUserConfigurations/ruleCollections,/subscriptions/{subscriptionId}/resourceGroups/{resourceGroupName}/providers/Microsoft.Network/networkManagers/{networkManagerName}/securityUserConfigurations/{configurationName}/ruleCollections/{ruleCollectionName},SecurityUserRuleCollection
get|/subscriptions/{}/resourcegroups/{}/providers/microsoft.network/networkmanagers/{}/securityuserconfigurations/{}/rulecollections,list,get,/subscriptions/{subscriptionId}/resourceGroups/{resourceGroupName}/providers/Microsoft.Network/networkManagers/{networkManagerName}/securityUserConfigurations/{configurationName}/ruleCollections,list,https://github.com/Azure/azure-rest-api-specs/blob/bf9983dd77d8691739ffac9160ff8bb93bd74288/specification/network/resource-manager/Microsoft.Network/Network/Network/SecurityUserRuleCollection.tsp#L83,microsoft.network/networkmanagers/securityuserconfigurations/rulecollections|/subscriptions/{}/resourcegroups/{}/providers/microsoft.network/networkmanagers/{}/securityuserconfigurations/{}/rulecollections/{},Microsoft.Network/networkManagers/securityUserConfigurations/ruleCollections,/subscriptions/{subscriptionId}/resourceGroups/{resourceGroupName}/providers/Microsoft.Network/networkManagers/{networkManagerName}/securityUserConfigurations/{configurationName}/ruleCollections/{ruleCollectionName},SecurityUserRuleCollection
put|/subscriptions/{}/resourcegroups/{}/providers/microsoft.network/servicegateways/{},createOrUpdate,put,/subscriptions/{subscriptionId}/resourceGroups/{resourceGroupName}/providers/Microsoft.Network/serviceGateways/{serviceGatewayName},createOrUpdate,https://github.com/Azure/azure-rest-api-specs/blob/bf9983dd77d8691739ffac9160ff8bb93bd74288/specification/network/resource-manager/Microsoft.Network/Network/Network/ServiceGateway.tsp#L87,microsoft.network/servicegateways|/subscriptions/{}/resourcegroups/{}/providers/microsoft.network/servicegateways/{},Microsoft.Network/serviceGateways,/subscriptions/{subscriptionId}/resourceGroups/{resourceGroupName}/providers/Microsoft.Network/serviceGateways/{serviceGatewayName},ServiceGateway
delete|/subscriptions/{}/resourcegroups/{}/providers/microsoft.network/servicegateways/{},delete,delete,/subscriptions/{subscriptionId}/resourceGroups/{resourceGroupName}/providers/Microsoft.Network/serviceGateways/{serviceGatewayName},delete,https://github.com/Azure/azure-rest-api-specs/blob/bf9983dd77d8691739ffac9160ff8bb93bd74288/specification/network/resource-manager/Microsoft.Network/Network/Network/ServiceGateway.tsp#L105,microsoft.network/servicegateways|/subscriptions/{}/resourcegroups/{}/providers/microsoft.network/servicegateways/{},Microsoft.Network/serviceGateways,/subscriptions/{subscriptionId}/resourceGroups/{resourceGroupName}/providers/Microsoft.Network/serviceGateways/{serviceGatewayName},ServiceGateway
get|/subscriptions/{}/resourcegroups/{}/providers/microsoft.network/servicegateways/{},get,get,/subscriptions/{subscriptionId}/resourceGroups/{resourceGroupName}/providers/Microsoft.Network/serviceGateways/{serviceGatewayName},read,https://github.com/Azure/azure-rest-api-specs/blob/bf9983dd77d8691739ffac9160ff8bb93bd74288/specification/network/resource-manager/Microsoft.Network/Network/Network/ServiceGateway.tsp#L82,microsoft.network/servicegateways|/subscriptions/{}/resourcegroups/{}/providers/microsoft.network/servicegateways/{},Microsoft.Network/serviceGateways,/subscriptions/{subscriptionId}/resourceGroups/{resourceGroupName}/providers/Microsoft.Network/serviceGateways/{serviceGatewayName},ServiceGateway
get|/subscriptions/{}/resourcegroups/{}/providers/microsoft.network/servicegateways/{}/addresslocations,getAddressLocations,get,/subscriptions/{subscriptionId}/resourceGroups/{resourceGroupName}/providers/Microsoft.Network/serviceGateways/{serviceGatewayName}/addressLocations,action,https://github.com/Azure/azure-rest-api-specs/blob/bf9983dd77d8691739ffac9160ff8bb93bd74288/specification/network/resource-manager/Microsoft.Network/Network/Network/ServiceGateway.tsp#L205,microsoft.network/servicegateways|/subscriptions/{}/resourcegroups/{}/providers/microsoft.network/servicegateways/{},Microsoft.Network/serviceGateways,/subscriptions/{subscriptionId}/resourceGroups/{resourceGroupName}/providers/Microsoft.Network/serviceGateways/{serviceGatewayName},ServiceGateway
get|/subscriptions/{}/resourcegroups/{}/providers/microsoft.network/servicegateways/{}/services,getServices,get,/subscriptions/{subscriptionId}/resourceGroups/{resourceGroupName}/providers/Microsoft.Network/serviceGateways/{serviceGatewayName}/services,action,https://github.com/Azure/azure-rest-api-specs/blob/bf9983dd77d8691739ffac9160ff8bb93bd74288/specification/network/resource-manager/Microsoft.Network/Network/Network/ServiceGateway.tsp#L218,microsoft.network/servicegateways|/subscriptions/{}/resourcegroups/{}/providers/microsoft.network/servicegateways/{},Microsoft.Network/serviceGateways,/subscriptions/{subscriptionId}/resourceGroups/{resourceGroupName}/providers/Microsoft.Network/serviceGateways/{serviceGatewayName},ServiceGateway
get|/subscriptions/{}/resourcegroups/{}/providers/microsoft.network/servicegateways,list,get,/subscriptions/{subscriptionId}/resourceGroups/{resourceGroupName}/providers/Microsoft.Network/serviceGateways,list,https://github.com/Azure/azure-rest-api-specs/blob/bf9983dd77d8691739ffac9160ff8bb93bd74288/specification/network/resource-manager/Microsoft.Network/Network/Network/ServiceGateway.tsp#L110,microsoft.network/servicegateways|/subscriptions/{}/resourcegroups/{}/providers/microsoft.network/servicegateways/{},Microsoft.Network/serviceGateways,/subscriptions/{subscriptionId}/resourceGroups/{resourceGroupName}/providers/Microsoft.Network/serviceGateways/{serviceGatewayName},ServiceGateway
get|/subscriptions/{}/providers/microsoft.network/servicegateways,listAll,get,/subscriptions/{subscriptionId}/providers/Microsoft.Network/serviceGateways,list,https://github.com/Azure/azure-rest-api-specs/blob/bf9983dd77d8691739ffac9160ff8bb93bd74288/specification/network/resource-manager/Microsoft.Network/Network/Network/ServiceGateway.tsp#L115,microsoft.network/servicegateways|/subscriptions/{}/resourcegroups/{}/providers/microsoft.network/servicegateways/{},Microsoft.Network/serviceGateways,/subscriptions/{subscriptionId}/resourceGroups/{resourceGroupName}/providers/Microsoft.Network/serviceGateways/{serviceGatewayName},ServiceGateway
post|/subscriptions/{}/resourcegroups/{}/providers/microsoft.network/servicegateways/{}/updateaddresslocations,updateAddressLocations,post,/subscriptions/{subscriptionId}/resourceGroups/{resourceGroupName}/providers/Microsoft.Network/serviceGateways/{serviceGatewayName}/updateAddressLocations,action,https://github.com/Azure/azure-rest-api-specs/blob/bf9983dd77d8691739ffac9160ff8bb93bd74288/specification/network/resource-manager/Microsoft.Network/Network/Network/ServiceGateway.tsp#L157,microsoft.network/servicegateways|/subscriptions/{}/resourcegroups/{}/providers/microsoft.network/servicegateways/{},Microsoft.Network/serviceGateways,/subscriptions/{subscriptionId}/resourceGroups/{resourceGroupName}/providers/Microsoft.Network/serviceGateways/{serviceGatewayName},ServiceGateway
post|/subscriptions/{}/resourcegroups/{}/providers/microsoft.network/servicegateways/{}/updateaddresslocations,updateAddressLocationsLro,post,/subscriptions/{subscriptionId}/resourceGroups/{resourceGroupName}/providers/Microsoft.Network/serviceGateways/{serviceGatewayName}/updateAddressLocations,action,https://github.com/Azure/azure-rest-api-specs/blob/bf9983dd77d8691739ffac9160ff8bb93bd74288/specification/network/resource-manager/Microsoft.Network/Network/Network/ServiceGateway.tsp#L133,microsoft.network/servicegateways|/subscriptions/{}/resourcegroups/{}/providers/microsoft.network/servicegateways/{},Microsoft.Network/serviceGateways,/subscriptions/{subscriptionId}/resourceGroups/{resourceGroupName}/providers/Microsoft.Network/serviceGateways/{serviceGatewayName},ServiceGateway
post|/subscriptions/{}/resourcegroups/{}/providers/microsoft.network/servicegateways/{}/updateservices,updateServices,post,/subscriptions/{subscriptionId}/resourceGroups/{resourceGroupName}/providers/Microsoft.Network/serviceGateways/{serviceGatewayName}/updateServices,action,https://github.com/Azure/azure-rest-api-specs/blob/bf9983dd77d8691739ffac9160ff8bb93bd74288/specification/network/resource-manager/Microsoft.Network/Network/Network/ServiceGateway.tsp#L192,microsoft.network/servicegateways|/subscriptions/{}/resourcegroups/{}/providers/microsoft.network/servicegateways/{},Microsoft.Network/serviceGateways,/subscriptions/{subscriptionId}/resourceGroups/{resourceGroupName}/providers/Microsoft.Network/serviceGateways/{serviceGatewayName},ServiceGateway
post|/subscriptions/{}/resourcegroups/{}/providers/microsoft.network/servicegateways/{}/updateservices,updateServicesLro,post,/subscriptions/{subscriptionId}/resourceGroups/{resourceGroupName}/providers/Microsoft.Network/serviceGateways/{serviceGatewayName}/updateServices,action,https://github.com/Azure/azure-rest-api-specs/blob/bf9983dd77d8691739ffac9160ff8bb93bd74288/specification/network/resource-manager/Microsoft.Network/Network/Network/ServiceGateway.tsp#L174,microsoft.network/servicegateways|/subscriptions/{}/resourcegroups/{}/providers/microsoft.network/servicegateways/{},Microsoft.Network/serviceGateways,/subscriptions/{subscriptionId}/resourceGroups/{resourceGroupName}/providers/Microsoft.Network/serviceGateways/{serviceGatewayName},ServiceGateway
patch|/subscriptions/{}/resourcegroups/{}/providers/microsoft.network/servicegateways/{},updateTags,patch,/subscriptions/{subscriptionId}/resourceGroups/{resourceGroupName}/providers/Microsoft.Network/serviceGateways/{serviceGatewayName},update,https://github.com/Azure/azure-rest-api-specs/blob/bf9983dd77d8691739ffac9160ff8bb93bd74288/specification/network/resource-manager/Microsoft.Network/Network/Network/ServiceGateway.tsp#L96,microsoft.network/servicegateways|/subscriptions/{}/resourcegroups/{}/providers/microsoft.network/servicegateways/{},Microsoft.Network/serviceGateways,/subscriptions/{subscriptionId}/resourceGroups/{resourceGroupName}/providers/Microsoft.Network/serviceGateways/{serviceGatewayName},ServiceGateway
get|/subscriptions/{}/resourcegroups/{}/providers/microsoft.network/firewallpolicies/{}/signatureoverrides/default,get,get,/subscriptions/{subscriptionId}/resourceGroups/{resourceGroupName}/providers/Microsoft.Network/firewallPolicies/{firewallPolicyName}/signatureOverrides/default,read,https://github.com/Azure/azure-rest-api-specs/blob/bf9983dd77d8691739ffac9160ff8bb93bd74288/specification/network/resource-manager/Microsoft.Network/Network/Network/SignaturesOverrides.tsp#L74,microsoft.network/firewallpolicies/signatureoverrides|/subscriptions/{}/resourcegroups/{}/providers/microsoft.network/firewallpolicies/{}/signatureoverrides/default,Microsoft.Network/firewallPolicies/signatureOverrides,/subscriptions/{subscriptionId}/resourceGroups/{resourceGroupName}/providers/Microsoft.Network/firewallPolicies/{firewallPolicyName}/signatureOverrides/default,SignaturesOverrides
patch|/subscriptions/{}/resourcegroups/{}/providers/microsoft.network/firewallpolicies/{}/signatureoverrides/default,patch,patch,/subscriptions/{subscriptionId}/resourceGroups/{resourceGroupName}/providers/Microsoft.Network/firewallPolicies/{firewallPolicyName}/signatureOverrides/default,update,https://github.com/Azure/azure-rest-api-specs/blob/bf9983dd77d8691739ffac9160ff8bb93bd74288/specification/network/resource-manager/Microsoft.Network/Network/Network/SignaturesOverrides.tsp#L90,microsoft.network/firewallpolicies/signatureoverrides|/subscriptions/{}/resourcegroups/{}/providers/microsoft.network/firewallpolicies/{}/signatureoverrides/default,Microsoft.Network/firewallPolicies/signatureOverrides,/subscriptions/{subscriptionId}/resourceGroups/{resourceGroupName}/providers/Microsoft.Network/firewallPolicies/{firewallPolicyName}/signatureOverrides/default,SignaturesOverrides
put|/subscriptions/{}/resourcegroups/{}/providers/microsoft.network/firewallpolicies/{}/signatureoverrides/default,put,put,/subscriptions/{subscriptionId}/resourceGroups/{resourceGroupName}/providers/Microsoft.Network/firewallPolicies/{firewallPolicyName}/signatureOverrides/default,createOrUpdate,https://github.com/Azure/azure-rest-api-specs/blob/bf9983dd77d8691739ffac9160ff8bb93bd74288/specification/network/resource-manager/Microsoft.Network/Network/Network/SignaturesOverrides.tsp#L80,microsoft.network/firewallpolicies/signatureoverrides|/subscriptions/{}/resourcegroups/{}/providers/microsoft.network/firewallpolicies/{}/signatureoverrides/default,Microsoft.Network/firewallPolicies/signatureOverrides,/subscriptions/{subscriptionId}/resourceGroups/{resourceGroupName}/providers/Microsoft.Network/firewallPolicies/{firewallPolicyName}/signatureOverrides/default,SignaturesOverrides
delete|/subscriptions/{}/resourcegroups/{}/providers/microsoft.network/networkmanagers/{}/ipampools/{}/staticcidrs/{},delete,delete,/subscriptions/{subscriptionId}/resourceGroups/{resourceGroupName}/providers/Microsoft.Network/networkManagers/{networkManagerName}/ipamPools/{poolName}/staticCidrs/{staticCidrName},delete,https://github.com/Azure/azure-rest-api-specs/blob/bf9983dd77d8691739ffac9160ff8bb93bd74288/specification/network/resource-manager/Microsoft.Network/Network/Network/StaticCidr.tsp#L100,microsoft.network/networkmanagers/ipampools/staticcidrs|/subscriptions/{}/resourcegroups/{}/providers/microsoft.network/networkmanagers/{}/ipampools/{}/staticcidrs/{},Microsoft.Network/networkManagers/ipamPools/staticCidrs,/subscriptions/{subscriptionId}/resourceGroups/{resourceGroupName}/providers/Microsoft.Network/networkManagers/{networkManagerName}/ipamPools/{poolName}/staticCidrs/{staticCidrName},StaticCidr
get|/subscriptions/{}/resourcegroups/{}/providers/microsoft.network/networkmanagers/{}/ipampools/{}/staticcidrs/{},get,get,/subscriptions/{subscriptionId}/resourceGroups/{resourceGroupName}/providers/Microsoft.Network/networkManagers/{networkManagerName}/ipamPools/{poolName}/staticCidrs/{staticCidrName},read,https://github.com/Azure/azure-rest-api-specs/blob/bf9983dd77d8691739ffac9160ff8bb93bd74288/specification/network/resource-manager/Microsoft.Network/Network/Network/StaticCidr.tsp#L84,microsoft.network/networkmanagers/ipampools/staticcidrs|/subscriptions/{}/resourcegroups/{}/providers/microsoft.network/networkmanagers/{}/ipampools/{}/staticcidrs/{},Microsoft.Network/networkManagers/ipamPools/staticCidrs,/subscriptions/{subscriptionId}/resourceGroups/{resourceGroupName}/providers/Microsoft.Network/networkManagers/{networkManagerName}/ipamPools/{poolName}/staticCidrs/{staticCidrName},StaticCidr
get|/subscriptions/{}/resourcegroups/{}/providers/microsoft.network/networkmanagers/{}/ipampools/{}/staticcidrs,list,get,/subscriptions/{subscriptionId}/resourceGroups/{resourceGroupName}/providers/Microsoft.Network/networkManagers/{networkManagerName}/ipamPools/{poolName}/staticCidrs,list,https://github.com/Azure/azure-rest-api-specs/blob/bf9983dd77d8691739ffac9160ff8bb93bd74288/specification/network/resource-manager/Microsoft.Network/Network/Network/StaticCidr.tsp#L109,microsoft.network/networkmanagers/ipampools/staticcidrs|/subscriptions/{}/resourcegroups/{}/providers/microsoft.network/networkmanagers/{}/ipampools/{}/staticcidrs/{},Microsoft.Network/networkManagers/ipamPools/staticCidrs,/subscriptions/{subscriptionId}/resourceGroups/{resourceGroupName}/providers/Microsoft.Network/networkManagers/{networkManagerName}/ipamPools/{poolName}/staticCidrs/{staticCidrName},StaticCidr
put|/subscriptions/{}/resourcegroups/{}/providers/microsoft.network/networkmanagers/{}/networkgroups/{}/staticmembers/{},createOrUpdate,put,/subscriptions/{subscriptionId}/resourceGroups/{resourceGroupName}/providers/Microsoft.Network/networkManagers/{networkManagerName}/networkGroups/{networkGroupName}/staticMembers/{staticMemberName},createOrUpdate,https://github.com/Azure/azure-rest-api-specs/blob/bf9983dd77d8691739ffac9160ff8bb93bd74288/specification/network/resource-manager/Microsoft.Network/Network/Network/StaticMember.tsp#L54,microsoft.network/networkmanagers/networkgroups/staticmembers|/subscriptions/{}/resourcegroups/{}/providers/microsoft.network/networkmanagers/{}/networkgroups/{}/staticmembers/{},Microsoft.Network/networkManagers/networkGroups/staticMembers,/subscriptions/{subscriptionId}/resourceGroups/{resourceGroupName}/providers/Microsoft.Network/networkManagers/{networkManagerName}/networkGroups/{networkGroupName}/staticMembers/{staticMemberName},StaticMember
delete|/subscriptions/{}/resourcegroups/{}/providers/microsoft.network/networkmanagers/{}/networkgroups/{}/staticmembers/{},delete,delete,/subscriptions/{subscriptionId}/resourceGroups/{resourceGroupName}/providers/Microsoft.Network/networkManagers/{networkManagerName}/networkGroups/{networkGroupName}/staticMembers/{staticMemberName},delete,https://github.com/Azure/azure-rest-api-specs/blob/bf9983dd77d8691739ffac9160ff8bb93bd74288/specification/network/resource-manager/Microsoft.Network/Network/Network/StaticMember.tsp#L62,microsoft.network/networkmanagers/networkgroups/staticmembers|/subscriptions/{}/resourcegroups/{}/providers/microsoft.network/networkmanagers/{}/networkgroups/{}/staticmembers/{},Microsoft.Network/networkManagers/networkGroups/staticMembers,/subscriptions/{subscriptionId}/resourceGroups/{resourceGroupName}/providers/Microsoft.Network/networkManagers/{networkManagerName}/networkGroups/{networkGroupName}/staticMembers/{staticMemberName},StaticMember
get|/subscriptions/{}/resourcegroups/{}/providers/microsoft.network/networkmanagers/{}/networkgroups/{}/staticmembers/{},get,get,/subscriptions/{subscriptionId}/resourceGroups/{resourceGroupName}/providers/Microsoft.Network/networkManagers/{networkManagerName}/networkGroups/{networkGroupName}/staticMembers/{staticMemberName},read,https://github.com/Azure/azure-rest-api-specs/blob/bf9983dd77d8691739ffac9160ff8bb93bd74288/specification/network/resource-manager/Microsoft.Network/Network/Network/StaticMember.tsp#L49,microsoft.network/networkmanagers/networkgroups/staticmembers|/subscriptions/{}/resourcegroups/{}/providers/microsoft.network/networkmanagers/{}/networkgroups/{}/staticmembers/{},Microsoft.Network/networkManagers/networkGroups/staticMembers,/subscriptions/{subscriptionId}/resourceGroups/{resourceGroupName}/providers/Microsoft.Network/networkManagers/{networkManagerName}/networkGroups/{networkGroupName}/staticMembers/{staticMemberName},StaticMember
get|/subscriptions/{}/resourcegroups/{}/providers/microsoft.network/networkmanagers/{}/networkgroups/{}/staticmembers,list,get,/subscriptions/{subscriptionId}/resourceGroups/{resourceGroupName}/providers/Microsoft.Network/networkManagers/{networkManagerName}/networkGroups/{networkGroupName}/staticMembers,list,https://github.com/Azure/azure-rest-api-specs/blob/bf9983dd77d8691739ffac9160ff8bb93bd74288/specification/network/resource-manager/Microsoft.Network/Network/Network/StaticMember.tsp#L67,microsoft.network/networkmanagers/networkgroups/staticmembers|/subscriptions/{}/resourcegroups/{}/providers/microsoft.network/networkmanagers/{}/networkgroups/{}/staticmembers/{},Microsoft.Network/networkManagers/networkGroups/staticMembers,/subscriptions/{subscriptionId}/resourceGroups/{resourceGroupName}/providers/Microsoft.Network/networkManagers/{networkManagerName}/networkGroups/{networkGroupName}/staticMembers/{staticMemberName},StaticMember
get|/subscriptions/{}/resourcegroups/{}/providers/microsoft.network/interconnectgroups/{}/subgroups/{},get,get,/subscriptions/{subscriptionId}/resourceGroups/{resourceGroupName}/providers/Microsoft.Network/interconnectGroups/{interconnectGroupName}/subgroups/{subgroupName},read,https://github.com/Azure/azure-rest-api-specs/blob/bf9983dd77d8691739ffac9160ff8bb93bd74288/specification/network/resource-manager/Microsoft.Network/Network/Network/InterconnectGroup.tsp#L139,microsoft.network/interconnectgroups/subgroups|/subscriptions/{}/resourcegroups/{}/providers/microsoft.network/interconnectgroups/{}/subgroups/{},Microsoft.Network/interconnectGroups/subgroups,/subscriptions/{subscriptionId}/resourceGroups/{resourceGroupName}/providers/Microsoft.Network/interconnectGroups/{interconnectGroupName}/subgroups/{subgroupName},Subgroup
get|/subscriptions/{}/resourcegroups/{}/providers/microsoft.network/interconnectgroups/{}/subgroups,list,get,/subscriptions/{subscriptionId}/resourceGroups/{resourceGroupName}/providers/Microsoft.Network/interconnectGroups/{interconnectGroupName}/subgroups,list,https://github.com/Azure/azure-rest-api-specs/blob/bf9983dd77d8691739ffac9160ff8bb93bd74288/specification/network/resource-manager/Microsoft.Network/Network/Network/InterconnectGroup.tsp#L144,microsoft.network/interconnectgroups/subgroups|/subscriptions/{}/resourcegroups/{}/providers/microsoft.network/interconnectgroups/{}/subgroups/{},Microsoft.Network/interconnectGroups/subgroups,/subscriptions/{subscriptionId}/resourceGroups/{resourceGroupName}/providers/Microsoft.Network/interconnectGroups/{interconnectGroupName}/subgroups/{subgroupName},Subgroup
put|/subscriptions/{}/providers/microsoft.network/networkmanagerconnections/{},createOrUpdate,put,/subscriptions/{subscriptionId}/providers/Microsoft.Network/networkManagerConnections/{networkManagerConnectionName},createOrUpdate,https://github.com/Azure/azure-rest-api-specs/blob/bf9983dd77d8691739ffac9160ff8bb93bd74288/specification/network/resource-manager/Microsoft.Network/Network/Network/NetworkManagerConnection.tsp#L77,microsoft.network/networkmanagerconnections|/subscriptions/{}/providers/microsoft.network/networkmanagerconnections/{},Microsoft.Network/networkManagerConnections,/subscriptions/{subscriptionId}/providers/Microsoft.Network/networkManagerConnections/{networkManagerConnectionName},SubscriptionsNetworkManagerConnections
delete|/subscriptions/{}/providers/microsoft.network/networkmanagerconnections/{},delete,delete,/subscriptions/{subscriptionId}/providers/Microsoft.Network/networkManagerConnections/{networkManagerConnectionName},delete,https://github.com/Azure/azure-rest-api-specs/blob/bf9983dd77d8691739ffac9160ff8bb93bd74288/specification/network/resource-manager/Microsoft.Network/Network/Network/NetworkManagerConnection.tsp#L85,microsoft.network/networkmanagerconnections|/subscriptions/{}/providers/microsoft.network/networkmanagerconnections/{},Microsoft.Network/networkManagerConnections,/subscriptions/{subscriptionId}/providers/Microsoft.Network/networkManagerConnections/{networkManagerConnectionName},SubscriptionsNetworkManagerConnections
get|/subscriptions/{}/providers/microsoft.network/networkmanagerconnections/{},get,get,/subscriptions/{subscriptionId}/providers/Microsoft.Network/networkManagerConnections/{networkManagerConnectionName},read,https://github.com/Azure/azure-rest-api-specs/blob/bf9983dd77d8691739ffac9160ff8bb93bd74288/specification/network/resource-manager/Microsoft.Network/Network/Network/NetworkManagerConnection.tsp#L69,microsoft.network/networkmanagerconnections|/subscriptions/{}/providers/microsoft.network/networkmanagerconnections/{},Microsoft.Network/networkManagerConnections,/subscriptions/{subscriptionId}/providers/Microsoft.Network/networkManagerConnections/{networkManagerConnectionName},SubscriptionsNetworkManagerConnections
get|/subscriptions/{}/providers/microsoft.network/networkmanagerconnections,list,get,/subscriptions/{subscriptionId}/providers/Microsoft.Network/networkManagerConnections,list,https://github.com/Azure/azure-rest-api-specs/blob/bf9983dd77d8691739ffac9160ff8bb93bd74288/specification/network/resource-manager/Microsoft.Network/Network/Network/NetworkManagerConnection.tsp#L93,microsoft.network/networkmanagerconnections|/subscriptions/{}/providers/microsoft.network/networkmanagerconnections/{},Microsoft.Network/networkManagerConnections,/subscriptions/{subscriptionId}/providers/Microsoft.Network/networkManagerConnections/{networkManagerConnectionName},SubscriptionsNetworkManagerConnections
put|/subscriptions/{}/resourcegroups/{}/providers/microsoft.network/networkmanagers/{}/verifierworkspaces/{},create,put,/subscriptions/{subscriptionId}/resourceGroups/{resourceGroupName}/providers/Microsoft.Network/networkManagers/{networkManagerName}/verifierWorkspaces/{workspaceName},createOrUpdate,https://github.com/Azure/azure-rest-api-specs/blob/bf9983dd77d8691739ffac9160ff8bb93bd74288/specification/network/resource-manager/Microsoft.Network/Network/Network/VerifierWorkspace.tsp#L69,microsoft.network/networkmanagers/verifierworkspaces|/subscriptions/{}/resourcegroups/{}/providers/microsoft.network/networkmanagers/{}/verifierworkspaces/{},Microsoft.Network/networkManagers/verifierWorkspaces,/subscriptions/{subscriptionId}/resourceGroups/{resourceGroupName}/providers/Microsoft.Network/networkManagers/{networkManagerName}/verifierWorkspaces/{workspaceName},VerifierWorkspace
delete|/subscriptions/{}/resourcegroups/{}/providers/microsoft.network/networkmanagers/{}/verifierworkspaces/{},delete,delete,/subscriptions/{subscriptionId}/resourceGroups/{resourceGroupName}/providers/Microsoft.Network/networkManagers/{networkManagerName}/verifierWorkspaces/{workspaceName},delete,https://github.com/Azure/azure-rest-api-specs/blob/bf9983dd77d8691739ffac9160ff8bb93bd74288/specification/network/resource-manager/Microsoft.Network/Network/Network/VerifierWorkspace.tsp#L106,microsoft.network/networkmanagers/verifierworkspaces|/subscriptions/{}/resourcegroups/{}/providers/microsoft.network/networkmanagers/{}/verifierworkspaces/{},Microsoft.Network/networkManagers/verifierWorkspaces,/subscriptions/{subscriptionId}/resourceGroups/{resourceGroupName}/providers/Microsoft.Network/networkManagers/{networkManagerName}/verifierWorkspaces/{workspaceName},VerifierWorkspace
get|/subscriptions/{}/resourcegroups/{}/providers/microsoft.network/networkmanagers/{}/verifierworkspaces/{},get,get,/subscriptions/{subscriptionId}/resourceGroups/{resourceGroupName}/providers/Microsoft.Network/networkManagers/{networkManagerName}/verifierWorkspaces/{workspaceName},read,https://github.com/Azure/azure-rest-api-specs/blob/bf9983dd77d8691739ffac9160ff8bb93bd74288/specification/network/resource-manager/Microsoft.Network/Network/Network/VerifierWorkspace.tsp#L63,microsoft.network/networkmanagers/verifierworkspaces|/subscriptions/{}/resourcegroups/{}/providers/microsoft.network/networkmanagers/{}/verifierworkspaces/{},Microsoft.Network/networkManagers/verifierWorkspaces,/subscriptions/{subscriptionId}/resourceGroups/{resourceGroupName}/providers/Microsoft.Network/networkManagers/{networkManagerName}/verifierWorkspaces/{workspaceName},VerifierWorkspace
get|/subscriptions/{}/resourcegroups/{}/providers/microsoft.network/networkmanagers/{}/verifierworkspaces,list,get,/subscriptions/{subscriptionId}/resourceGroups/{resourceGroupName}/providers/Microsoft.Network/networkManagers/{networkManagerName}/verifierWorkspaces,list,https://github.com/Azure/azure-rest-api-specs/blob/bf9983dd77d8691739ffac9160ff8bb93bd74288/specification/network/resource-manager/Microsoft.Network/Network/Network/VerifierWorkspace.tsp#L123,microsoft.network/networkmanagers/verifierworkspaces|/subscriptions/{}/resourcegroups/{}/providers/microsoft.network/networkmanagers/{}/verifierworkspaces/{},Microsoft.Network/networkManagers/verifierWorkspaces,/subscriptions/{subscriptionId}/resourceGroups/{resourceGroupName}/providers/Microsoft.Network/networkManagers/{networkManagerName}/verifierWorkspaces/{workspaceName},VerifierWorkspace
patch|/subscriptions/{}/resourcegroups/{}/providers/microsoft.network/networkmanagers/{}/verifierworkspaces/{},update,patch,/subscriptions/{subscriptionId}/resourceGroups/{resourceGroupName}/providers/Microsoft.Network/networkManagers/{networkManagerName}/verifierWorkspaces/{workspaceName},update,https://github.com/Azure/azure-rest-api-specs/blob/bf9983dd77d8691739ffac9160ff8bb93bd74288/specification/network/resource-manager/Microsoft.Network/Network/Network/VerifierWorkspace.tsp#L87,microsoft.network/networkmanagers/verifierworkspaces|/subscriptions/{}/resourcegroups/{}/providers/microsoft.network/networkmanagers/{}/verifierworkspaces/{},Microsoft.Network/networkManagers/verifierWorkspaces,/subscriptions/{subscriptionId}/resourceGroups/{resourceGroupName}/providers/Microsoft.Network/networkManagers/{networkManagerName}/verifierWorkspaces/{workspaceName},VerifierWorkspace
put|/subscriptions/{}/resourcegroups/{}/providers/microsoft.network/networkvirtualappliances/{}/virtualappliancesites/{},createOrUpdate,put,/subscriptions/{subscriptionId}/resourceGroups/{resourceGroupName}/providers/Microsoft.Network/networkVirtualAppliances/{networkVirtualApplianceName}/virtualApplianceSites/{siteName},createOrUpdate,https://github.com/Azure/azure-rest-api-specs/blob/bf9983dd77d8691739ffac9160ff8bb93bd74288/specification/network/resource-manager/Microsoft.Network/Network/Network/VirtualApplianceSite.tsp#L58,microsoft.network/networkvirtualappliances/virtualappliancesites|/subscriptions/{}/resourcegroups/{}/providers/microsoft.network/networkvirtualappliances/{}/virtualappliancesites/{},Microsoft.Network/networkVirtualAppliances/virtualApplianceSites,/subscriptions/{subscriptionId}/resourceGroups/{resourceGroupName}/providers/Microsoft.Network/networkVirtualAppliances/{networkVirtualApplianceName}/virtualApplianceSites/{siteName},VirtualApplianceSite
delete|/subscriptions/{}/resourcegroups/{}/providers/microsoft.network/networkvirtualappliances/{}/virtualappliancesites/{},delete,delete,/subscriptions/{subscriptionId}/resourceGroups/{resourceGroupName}/providers/Microsoft.Network/networkVirtualAppliances/{networkVirtualApplianceName}/virtualApplianceSites/{siteName},delete,https://github.com/Azure/azure-rest-api-specs/blob/bf9983dd77d8691739ffac9160ff8bb93bd74288/specification/network/resource-manager/Microsoft.Network/Network/Network/VirtualApplianceSite.tsp#L67,microsoft.network/networkvirtualappliances/virtualappliancesites|/subscriptions/{}/resourcegroups/{}/providers/microsoft.network/networkvirtualappliances/{}/virtualappliancesites/{},Microsoft.Network/networkVirtualAppliances/virtualApplianceSites,/subscriptions/{subscriptionId}/resourceGroups/{resourceGroupName}/providers/Microsoft.Network/networkVirtualAppliances/{networkVirtualApplianceName}/virtualApplianceSites/{siteName},VirtualApplianceSite
get|/subscriptions/{}/resourcegroups/{}/providers/microsoft.network/networkvirtualappliances/{}/virtualappliancesites/{},get,get,/subscriptions/{subscriptionId}/resourceGroups/{resourceGroupName}/providers/Microsoft.Network/networkVirtualAppliances/{networkVirtualApplianceName}/virtualApplianceSites/{siteName},read,https://github.com/Azure/azure-rest-api-specs/blob/bf9983dd77d8691739ffac9160ff8bb93bd74288/specification/network/resource-manager/Microsoft.Network/Network/Network/VirtualApplianceSite.tsp#L53,microsoft.network/networkvirtualappliances/virtualappliancesites|/subscriptions/{}/resourcegroups/{}/providers/microsoft.network/networkvirtualappliances/{}/virtualappliancesites/{},Microsoft.Network/networkVirtualAppliances/virtualApplianceSites,/subscriptions/{subscriptionId}/resourceGroups/{resourceGroupName}/providers/Microsoft.Network/networkVirtualAppliances/{networkVirtualApplianceName}/virtualApplianceSites/{siteName},VirtualApplianceSite
get|/subscriptions/{}/resourcegroups/{}/providers/microsoft.network/networkvirtualappliances/{}/virtualappliancesites,list,get,/subscriptions/{subscriptionId}/resourceGroups/{resourceGroupName}/providers/Microsoft.Network/networkVirtualAppliances/{networkVirtualApplianceName}/virtualApplianceSites,list,https://github.com/Azure/azure-rest-api-specs/blob/bf9983dd77d8691739ffac9160ff8bb93bd74288/specification/network/resource-manager/Microsoft.Network/Network/Network/VirtualApplianceSite.tsp#L79,microsoft.network/networkvirtualappliances/virtualappliancesites|/subscriptions/{}/resourcegroups/{}/providers/microsoft.network/networkvirtualappliances/{}/virtualappliancesites/{},Microsoft.Network/networkVirtualAppliances/virtualApplianceSites,/subscriptions/{subscriptionId}/resourceGroups/{resourceGroupName}/providers/Microsoft.Network/networkVirtualAppliances/{networkVirtualApplianceName}/virtualApplianceSites/{siteName},VirtualApplianceSite
put|/subscriptions/{}/resourcegroups/{}/providers/microsoft.network/virtualhubs/{},createOrUpdate,put,/subscriptions/{subscriptionId}/resourceGroups/{resourceGroupName}/providers/Microsoft.Network/virtualHubs/{virtualHubName},createOrUpdate,https://github.com/Azure/azure-rest-api-specs/blob/bf9983dd77d8691739ffac9160ff8bb93bd74288/specification/network/resource-manager/Microsoft.Network/Network/Network/VirtualHub.tsp#L110,microsoft.network/virtualhubs|/subscriptions/{}/resourcegroups/{}/providers/microsoft.network/virtualhubs/{},Microsoft.Network/virtualHubs,/subscriptions/{subscriptionId}/resourceGroups/{resourceGroupName}/providers/Microsoft.Network/virtualHubs/{virtualHubName},VirtualHub
delete|/subscriptions/{}/resourcegroups/{}/providers/microsoft.network/virtualhubs/{},delete,delete,/subscriptions/{subscriptionId}/resourceGroups/{resourceGroupName}/providers/Microsoft.Network/virtualHubs/{virtualHubName},delete,https://github.com/Azure/azure-rest-api-specs/blob/bf9983dd77d8691739ffac9160ff8bb93bd74288/specification/network/resource-manager/Microsoft.Network/Network/Network/VirtualHub.tsp#L132,microsoft.network/virtualhubs|/subscriptions/{}/resourcegroups/{}/providers/microsoft.network/virtualhubs/{},Microsoft.Network/virtualHubs,/subscriptions/{subscriptionId}/resourceGroups/{resourceGroupName}/providers/Microsoft.Network/virtualHubs/{virtualHubName},VirtualHub
get|/subscriptions/{}/resourcegroups/{}/providers/microsoft.network/virtualhubs/{},get,get,/subscriptions/{subscriptionId}/resourceGroups/{resourceGroupName}/providers/Microsoft.Network/virtualHubs/{virtualHubName},read,https://github.com/Azure/azure-rest-api-specs/blob/bf9983dd77d8691739ffac9160ff8bb93bd74288/specification/network/resource-manager/Microsoft.Network/Network/Network/VirtualHub.tsp#L104,microsoft.network/virtualhubs|/subscriptions/{}/resourcegroups/{}/providers/microsoft.network/virtualhubs/{},Microsoft.Network/virtualHubs,/subscriptions/{subscriptionId}/resourceGroups/{resourceGroupName}/providers/Microsoft.Network/virtualHubs/{virtualHubName},VirtualHub
post|/subscriptions/{}/resourcegroups/{}/providers/microsoft.network/virtualhubs/{}/effectiveroutes,getEffectiveVirtualHubRoutes,post,/subscriptions/{subscriptionId}/resourceGroups/{resourceGroupName}/providers/Microsoft.Network/virtualHubs/{virtualHubName}/effectiveRoutes,action,https://github.com/Azure/azure-rest-api-specs/blob/bf9983dd77d8691739ffac9160ff8bb93bd74288/specification/network/resource-manager/Microsoft.Network/Network/Network/VirtualHub.tsp#L166,microsoft.network/virtualhubs|/subscriptions/{}/resourcegroups/{}/providers/microsoft.network/virtualhubs/{},Microsoft.Network/virtualHubs,/subscriptions/{subscriptionId}/resourceGroups/{resourceGroupName}/providers/Microsoft.Network/virtualHubs/{virtualHubName},VirtualHub
post|/subscriptions/{}/resourcegroups/{}/providers/microsoft.network/virtualhubs/{}/inboundroutes,getInboundRoutes,post,/subscriptions/{subscriptionId}/resourceGroups/{resourceGroupName}/providers/Microsoft.Network/virtualHubs/{virtualHubName}/inboundRoutes,action,https://github.com/Azure/azure-rest-api-specs/blob/bf9983dd77d8691739ffac9160ff8bb93bd74288/specification/network/resource-manager/Microsoft.Network/Network/Network/VirtualHub.tsp#L179,microsoft.network/virtualhubs|/subscriptions/{}/resourcegroups/{}/providers/microsoft.network/virtualhubs/{},Microsoft.Network/virtualHubs,/subscriptions/{subscriptionId}/resourceGroups/{resourceGroupName}/providers/Microsoft.Network/virtualHubs/{virtualHubName},VirtualHub
post|/subscriptions/{}/resourcegroups/{}/providers/microsoft.network/virtualhubs/{}/outboundroutes,getOutboundRoutes,post,/subscriptions/{subscriptionId}/resourceGroups/{resourceGroupName}/providers/Microsoft.Network/virtualHubs/{virtualHubName}/outboundRoutes,action,https://github.com/Azure/azure-rest-api-specs/blob/bf9983dd77d8691739ffac9160ff8bb93bd74288/specification/network/resource-manager/Microsoft.Network/Network/Network/VirtualHub.tsp#L191,microsoft.network/virtualhubs|/subscriptions/{}/resourcegroups/{}/providers/microsoft.network/virtualhubs/{},Microsoft.Network/virtualHubs,/subscriptions/{subscriptionId}/resourceGroups/{resourceGroupName}/providers/Microsoft.Network/virtualHubs/{virtualHubName},VirtualHub
put|/subscriptions/{}/resourcegroups/{}/providers/microsoft.network/virtualhubs/{}/hubvirtualnetworkconnections/{},hubVirtualNetworkConnectionsCreateOrUpdate,put,/subscriptions/{subscriptionId}/resourceGroups/{resourceGroupName}/providers/Microsoft.Network/virtualHubs/{virtualHubName}/hubVirtualNetworkConnections/{connectionName},action,https://github.com/Azure/azure-rest-api-specs/blob/bf9983dd77d8691739ffac9160ff8bb93bd74288/specification/network/resource-manager/Microsoft.Network/Network/Network/VirtualHub.tsp#L205,microsoft.network/virtualhubs|/subscriptions/{}/resourcegroups/{}/providers/microsoft.network/virtualhubs/{},Microsoft.Network/virtualHubs,/subscriptions/{subscriptionId}/resourceGroups/{resourceGroupName}/providers/Microsoft.Network/virtualHubs/{virtualHubName},VirtualHub
delete|/subscriptions/{}/resourcegroups/{}/providers/microsoft.network/virtualhubs/{}/hubvirtualnetworkconnections/{},hubVirtualNetworkConnectionsDelete,delete,/subscriptions/{subscriptionId}/resourceGroups/{resourceGroupName}/providers/Microsoft.Network/virtualHubs/{virtualHubName}/hubVirtualNetworkConnections/{connectionName},action,https://github.com/Azure/azure-rest-api-specs/blob/bf9983dd77d8691739ffac9160ff8bb93bd74288/specification/network/resource-manager/Microsoft.Network/Network/Network/VirtualHub.tsp#L224,microsoft.network/virtualhubs|/subscriptions/{}/resourcegroups/{}/providers/microsoft.network/virtualhubs/{},Microsoft.Network/virtualHubs,/subscriptions/{subscriptionId}/resourceGroups/{resourceGroupName}/providers/Microsoft.Network/virtualHubs/{virtualHubName},VirtualHub
get|/subscriptions/{}/resourcegroups/{}/providers/microsoft.network/virtualhubs/{}/hubvirtualnetworkconnections/{},hubVirtualNetworkConnectionsGet,get,/subscriptions/{subscriptionId}/resourceGroups/{resourceGroupName}/providers/Microsoft.Network/virtualHubs/{virtualHubName}/hubVirtualNetworkConnections/{connectionName},action,https://github.com/Azure/azure-rest-api-specs/blob/bf9983dd77d8691739ffac9160ff8bb93bd74288/specification/network/resource-manager/Microsoft.Network/Network/Network/VirtualHub.tsp#L243,microsoft.network/virtualhubs|/subscriptions/{}/resourcegroups/{}/providers/microsoft.network/virtualhubs/{},Microsoft.Network/virtualHubs,/subscriptions/{subscriptionId}/resourceGroups/{resourceGroupName}/providers/Microsoft.Network/virtualHubs/{virtualHubName},VirtualHub
get|/subscriptions/{}/resourcegroups/{}/providers/microsoft.network/virtualhubs/{}/hubvirtualnetworkconnections,hubVirtualNetworkConnectionsList,get,/subscriptions/{subscriptionId}/resourceGroups/{resourceGroupName}/providers/Microsoft.Network/virtualHubs/{virtualHubName}/hubVirtualNetworkConnections,action,https://github.com/Azure/azure-rest-api-specs/blob/bf9983dd77d8691739ffac9160ff8bb93bd74288/specification/network/resource-manager/Microsoft.Network/Network/Network/VirtualHub.tsp#L257,microsoft.network/virtualhubs|/subscriptions/{}/resourcegroups/{}/providers/microsoft.network/virtualhubs/{},Microsoft.Network/virtualHubs,/subscriptions/{subscriptionId}/resourceGroups/{resourceGroupName}/providers/Microsoft.Network/virtualHubs/{virtualHubName},VirtualHub
get|/subscriptions/{}/providers/microsoft.network/virtualhubs,list,get,/subscriptions/{subscriptionId}/providers/Microsoft.Network/virtualHubs,list,https://github.com/Azure/azure-rest-api-specs/blob/bf9983dd77d8691739ffac9160ff8bb93bd74288/specification/network/resource-manager/Microsoft.Network/Network/Network/VirtualHub.tsp#L155,microsoft.network/virtualhubs|/subscriptions/{}/resourcegroups/{}/providers/microsoft.network/virtualhubs/{},Microsoft.Network/virtualHubs,/subscriptions/{subscriptionId}/resourceGroups/{resourceGroupName}/providers/Microsoft.Network/virtualHubs/{virtualHubName},VirtualHub
get|/subscriptions/{}/resourcegroups/{}/providers/microsoft.network/virtualhubs,listByResourceGroup,get,/subscriptions/{subscriptionId}/resourceGroups/{resourceGroupName}/providers/Microsoft.Network/virtualHubs,list,https://github.com/Azure/azure-rest-api-specs/blob/bf9983dd77d8691739ffac9160ff8bb93bd74288/specification/network/resource-manager/Microsoft.Network/Network/Network/VirtualHub.tsp#L145,microsoft.network/virtualhubs|/subscriptions/{}/resourcegroups/{}/providers/microsoft.network/virtualhubs/{},Microsoft.Network/virtualHubs,/subscriptions/{subscriptionId}/resourceGroups/{resourceGroupName}/providers/Microsoft.Network/virtualHubs/{virtualHubName},VirtualHub
patch|/subscriptions/{}/resourcegroups/{}/providers/microsoft.network/virtualhubs/{},updateTags,patch,/subscriptions/{subscriptionId}/resourceGroups/{resourceGroupName}/providers/Microsoft.Network/virtualHubs/{virtualHubName},update,https://github.com/Azure/azure-rest-api-specs/blob/bf9983dd77d8691739ffac9160ff8bb93bd74288/specification/network/resource-manager/Microsoft.Network/Network/Network/VirtualHub.tsp#L121,microsoft.network/virtualhubs|/subscriptions/{}/resourcegroups/{}/providers/microsoft.network/virtualhubs/{},Microsoft.Network/virtualHubs,/subscriptions/{subscriptionId}/resourceGroups/{resourceGroupName}/providers/Microsoft.Network/virtualHubs/{virtualHubName},VirtualHub
put|/subscriptions/{}/resourcegroups/{}/providers/microsoft.network/virtualhubs/{}/routetables/{},virtualHubRouteTableV2sCreateOrUpdate,put,/subscriptions/{subscriptionId}/resourceGroups/{resourceGroupName}/providers/Microsoft.Network/virtualHubs/{virtualHubName}/routeTables/{routeTableName},action,https://github.com/Azure/azure-rest-api-specs/blob/bf9983dd77d8691739ffac9160ff8bb93bd74288/specification/network/resource-manager/Microsoft.Network/Network/Network/VirtualHub.tsp#L283,microsoft.network/virtualhubs|/subscriptions/{}/resourcegroups/{}/providers/microsoft.network/virtualhubs/{},Microsoft.Network/virtualHubs,/subscriptions/{subscriptionId}/resourceGroups/{resourceGroupName}/providers/Microsoft.Network/virtualHubs/{virtualHubName},VirtualHub
delete|/subscriptions/{}/resourcegroups/{}/providers/microsoft.network/virtualhubs/{}/routetables/{},virtualHubRouteTableV2sDelete,delete,/subscriptions/{subscriptionId}/resourceGroups/{resourceGroupName}/providers/Microsoft.Network/virtualHubs/{virtualHubName}/routeTables/{routeTableName},action,https://github.com/Azure/azure-rest-api-specs/blob/bf9983dd77d8691739ffac9160ff8bb93bd74288/specification/network/resource-manager/Microsoft.Network/Network/Network/VirtualHub.tsp#L301,microsoft.network/virtualhubs|/subscriptions/{}/resourcegroups/{}/providers/microsoft.network/virtualhubs/{},Microsoft.Network/virtualHubs,/subscriptions/{subscriptionId}/resourceGroups/{resourceGroupName}/providers/Microsoft.Network/virtualHubs/{virtualHubName},VirtualHub
get|/subscriptions/{}/resourcegroups/{}/providers/microsoft.network/virtualhubs/{}/routetables/{},virtualHubRouteTableV2sGet,get,/subscriptions/{subscriptionId}/resourceGroups/{resourceGroupName}/providers/Microsoft.Network/virtualHubs/{virtualHubName}/routeTables/{routeTableName},action,https://github.com/Azure/azure-rest-api-specs/blob/bf9983dd77d8691739ffac9160ff8bb93bd74288/specification/network/resource-manager/Microsoft.Network/Network/Network/VirtualHub.tsp#L269,microsoft.network/virtualhubs|/subscriptions/{}/resourcegroups/{}/providers/microsoft.network/virtualhubs/{},Microsoft.Network/virtualHubs,/subscriptions/{subscriptionId}/resourceGroups/{resourceGroupName}/providers/Microsoft.Network/virtualHubs/{virtualHubName},VirtualHub
get|/subscriptions/{}/resourcegroups/{}/providers/microsoft.network/virtualhubs/{}/routetables,virtualHubRouteTableV2sList,get,/subscriptions/{subscriptionId}/resourceGroups/{resourceGroupName}/providers/Microsoft.Network/virtualHubs/{virtualHubName}/routeTables,action,https://github.com/Azure/azure-rest-api-specs/blob/bf9983dd77d8691739ffac9160ff8bb93bd74288/specification/network/resource-manager/Microsoft.Network/Network/Network/VirtualHub.tsp#L321,microsoft.network/virtualhubs|/subscriptions/{}/resourcegroups/{}/providers/microsoft.network/virtualhubs/{},Microsoft.Network/virtualHubs,/subscriptions/{subscriptionId}/resourceGroups/{resourceGroupName}/providers/Microsoft.Network/virtualHubs/{virtualHubName},VirtualHub
put|/subscriptions/{}/resourcegroups/{}/providers/microsoft.network/virtualnetworkappliances/{},createOrUpdate,put,/subscriptions/{subscriptionId}/resourceGroups/{resourceGroupName}/providers/Microsoft.Network/virtualNetworkAppliances/{virtualNetworkApplianceName},createOrUpdate,https://github.com/Azure/azure-rest-api-specs/blob/bf9983dd77d8691739ffac9160ff8bb93bd74288/specification/network/resource-manager/Microsoft.Network/Network/Network/VirtualNetworkAppliance.tsp#L55,microsoft.network/virtualnetworkappliances|/subscriptions/{}/resourcegroups/{}/providers/microsoft.network/virtualnetworkappliances/{},Microsoft.Network/virtualNetworkAppliances,/subscriptions/{subscriptionId}/resourceGroups/{resourceGroupName}/providers/Microsoft.Network/virtualNetworkAppliances/{virtualNetworkApplianceName},VirtualNetworkAppliance
delete|/subscriptions/{}/resourcegroups/{}/providers/microsoft.network/virtualnetworkappliances/{},delete,delete,/subscriptions/{subscriptionId}/resourceGroups/{resourceGroupName}/providers/Microsoft.Network/virtualNetworkAppliances/{virtualNetworkApplianceName},delete,https://github.com/Azure/azure-rest-api-specs/blob/bf9983dd77d8691739ffac9160ff8bb93bd74288/specification/network/resource-manager/Microsoft.Network/Network/Network/VirtualNetworkAppliance.tsp#L73,microsoft.network/virtualnetworkappliances|/subscriptions/{}/resourcegroups/{}/providers/microsoft.network/virtualnetworkappliances/{},Microsoft.Network/virtualNetworkAppliances,/subscriptions/{subscriptionId}/resourceGroups/{resourceGroupName}/providers/Microsoft.Network/virtualNetworkAppliances/{virtualNetworkApplianceName},VirtualNetworkAppliance
get|/subscriptions/{}/resourcegroups/{}/providers/microsoft.network/virtualnetworkappliances/{},get,get,/subscriptions/{subscriptionId}/resourceGroups/{resourceGroupName}/providers/Microsoft.Network/virtualNetworkAppliances/{virtualNetworkApplianceName},read,https://github.com/Azure/azure-rest-api-specs/blob/bf9983dd77d8691739ffac9160ff8bb93bd74288/specification/network/resource-manager/Microsoft.Network/Network/Network/VirtualNetworkAppliance.tsp#L50,microsoft.network/virtualnetworkappliances|/subscriptions/{}/resourcegroups/{}/providers/microsoft.network/virtualnetworkappliances/{},Microsoft.Network/virtualNetworkAppliances,/subscriptions/{subscriptionId}/resourceGroups/{resourceGroupName}/providers/Microsoft.Network/virtualNetworkAppliances/{virtualNetworkApplianceName},VirtualNetworkAppliance
get|/subscriptions/{}/resourcegroups/{}/providers/microsoft.network/virtualnetworkappliances,list,get,/subscriptions/{subscriptionId}/resourceGroups/{resourceGroupName}/providers/Microsoft.Network/virtualNetworkAppliances,list,https://github.com/Azure/azure-rest-api-specs/blob/bf9983dd77d8691739ffac9160ff8bb93bd74288/specification/network/resource-manager/Microsoft.Network/Network/Network/VirtualNetworkAppliance.tsp#L81,microsoft.network/virtualnetworkappliances|/subscriptions/{}/resourcegroups/{}/providers/microsoft.network/virtualnetworkappliances/{},Microsoft.Network/virtualNetworkAppliances,/subscriptions/{subscriptionId}/resourceGroups/{resourceGroupName}/providers/Microsoft.Network/virtualNetworkAppliances/{virtualNetworkApplianceName},VirtualNetworkAppliance
get|/subscriptions/{}/providers/microsoft.network/virtualnetworkappliances,listAll,get,/subscriptions/{subscriptionId}/providers/Microsoft.Network/virtualNetworkAppliances,list,https://github.com/Azure/azure-rest-api-specs/blob/bf9983dd77d8691739ffac9160ff8bb93bd74288/specification/network/resource-manager/Microsoft.Network/Network/Network/VirtualNetworkAppliance.tsp#L86,microsoft.network/virtualnetworkappliances|/subscriptions/{}/resourcegroups/{}/providers/microsoft.network/virtualnetworkappliances/{},Microsoft.Network/virtualNetworkAppliances,/subscriptions/{subscriptionId}/resourceGroups/{resourceGroupName}/providers/Microsoft.Network/virtualNetworkAppliances/{virtualNetworkApplianceName},VirtualNetworkAppliance
patch|/subscriptions/{}/resourcegroups/{}/providers/microsoft.network/virtualnetworkappliances/{},updateTags,patch,/subscriptions/{subscriptionId}/resourceGroups/{resourceGroupName}/providers/Microsoft.Network/virtualNetworkAppliances/{virtualNetworkApplianceName},update,https://github.com/Azure/azure-rest-api-specs/blob/bf9983dd77d8691739ffac9160ff8bb93bd74288/specification/network/resource-manager/Microsoft.Network/Network/Network/VirtualNetworkAppliance.tsp#L64,microsoft.network/virtualnetworkappliances|/subscriptions/{}/resourcegroups/{}/providers/microsoft.network/virtualnetworkappliances/{},Microsoft.Network/virtualNetworkAppliances,/subscriptions/{subscriptionId}/resourceGroups/{resourceGroupName}/providers/Microsoft.Network/virtualNetworkAppliances/{virtualNetworkApplianceName},VirtualNetworkAppliance
put|/subscriptions/{}/resourcegroups/{}/providers/microsoft.network/virtualnetworkgateways/{},createOrUpdate,put,/subscriptions/{subscriptionId}/resourceGroups/{resourceGroupName}/providers/Microsoft.Network/virtualNetworkGateways/{virtualNetworkGatewayName},createOrUpdate,https://github.com/Azure/azure-rest-api-specs/blob/bf9983dd77d8691739ffac9160ff8bb93bd74288/specification/network/resource-manager/Microsoft.Network/Network/Network/VirtualNetworkGateway.tsp#L68,microsoft.network/virtualnetworkgateways|/subscriptions/{}/resourcegroups/{}/providers/microsoft.network/virtualnetworkgateways/{},Microsoft.Network/virtualNetworkGateways,/subscriptions/{subscriptionId}/resourceGroups/{resourceGroupName}/providers/Microsoft.Network/virtualNetworkGateways/{virtualNetworkGatewayName},VirtualNetworkGateway
delete|/subscriptions/{}/resourcegroups/{}/providers/microsoft.network/virtualnetworkgateways/{},delete,delete,/subscriptions/{subscriptionId}/resourceGroups/{resourceGroupName}/providers/Microsoft.Network/virtualNetworkGateways/{virtualNetworkGatewayName},delete,https://github.com/Azure/azure-rest-api-specs/blob/bf9983dd77d8691739ffac9160ff8bb93bd74288/specification/network/resource-manager/Microsoft.Network/Network/Network/VirtualNetworkGateway.tsp#L92,microsoft.network/virtualnetworkgateways|/subscriptions/{}/resourcegroups/{}/providers/microsoft.network/virtualnetworkgateways/{},Microsoft.Network/virtualNetworkGateways,/subscriptions/{subscriptionId}/resourceGroups/{resourceGroupName}/providers/Microsoft.Network/virtualNetworkGateways/{virtualNetworkGatewayName},VirtualNetworkGateway
post|/subscriptions/{}/resourcegroups/{}/providers/microsoft.network/virtualnetworkgateways/{}/disconnectvirtualnetworkgatewayvpnconnections,disconnectVirtualNetworkGatewayVpnConnections,post,/subscriptions/{subscriptionId}/resourceGroups/{resourceGroupName}/providers/Microsoft.Network/virtualNetworkGateways/{virtualNetworkGatewayName}/disconnectVirtualNetworkGatewayVpnConnections,action,https://github.com/Azure/azure-rest-api-specs/blob/bf9983dd77d8691739ffac9160ff8bb93bd74288/specification/network/resource-manager/Microsoft.Network/Network/Network/VirtualNetworkGateway.tsp#L496,microsoft.network/virtualnetworkgateways|/subscriptions/{}/resourcegroups/{}/providers/microsoft.network/virtualnetworkgateways/{},Microsoft.Network/virtualNetworkGateways,/subscriptions/{subscriptionId}/resourceGroups/{resourceGroupName}/providers/Microsoft.Network/virtualNetworkGateways/{virtualNetworkGatewayName},VirtualNetworkGateway
post|/subscriptions/{}/resourcegroups/{}/providers/microsoft.network/virtualnetworkgateways/{}/generatevpnclientpackage,generatevpnclientpackage,post,/subscriptions/{subscriptionId}/resourceGroups/{resourceGroupName}/providers/Microsoft.Network/virtualNetworkGateways/{virtualNetworkGatewayName}/generatevpnclientpackage,action,https://github.com/Azure/azure-rest-api-specs/blob/bf9983dd77d8691739ffac9160ff8bb93bd74288/specification/network/resource-manager/Microsoft.Network/Network/Network/VirtualNetworkGateway.tsp#L159,microsoft.network/virtualnetworkgateways|/subscriptions/{}/resourcegroups/{}/providers/microsoft.network/virtualnetworkgateways/{},Microsoft.Network/virtualNetworkGateways,/subscriptions/{subscriptionId}/resourceGroups/{resourceGroupName}/providers/Microsoft.Network/virtualNetworkGateways/{virtualNetworkGatewayName},VirtualNetworkGateway
post|/subscriptions/{}/resourcegroups/{}/providers/microsoft.network/virtualnetworkgateways/{}/generatevpnprofile,generateVpnProfile,post,/subscriptions/{subscriptionId}/resourceGroups/{resourceGroupName}/providers/Microsoft.Network/virtualNetworkGateways/{virtualNetworkGatewayName}/generatevpnprofile,action,https://github.com/Azure/azure-rest-api-specs/blob/bf9983dd77d8691739ffac9160ff8bb93bd74288/specification/network/resource-manager/Microsoft.Network/Network/Network/VirtualNetworkGateway.tsp#L175,microsoft.network/virtualnetworkgateways|/subscriptions/{}/resourcegroups/{}/providers/microsoft.network/virtualnetworkgateways/{},Microsoft.Network/virtualNetworkGateways,/subscriptions/{subscriptionId}/resourceGroups/{resourceGroupName}/providers/Microsoft.Network/virtualNetworkGateways/{virtualNetworkGatewayName},VirtualNetworkGateway
get|/subscriptions/{}/resourcegroups/{}/providers/microsoft.network/virtualnetworkgateways/{},get,get,/subscriptions/{subscriptionId}/resourceGroups/{resourceGroupName}/providers/Microsoft.Network/virtualNetworkGateways/{virtualNetworkGatewayName},read,https://github.com/Azure/azure-rest-api-specs/blob/bf9983dd77d8691739ffac9160ff8bb93bd74288/specification/network/resource-manager/Microsoft.Network/Network/Network/VirtualNetworkGateway.tsp#L62,microsoft.network/virtualnetworkgateways|/subscriptions/{}/resourcegroups/{}/providers/microsoft.network/virtualnetworkgateways/{},Microsoft.Network/virtualNetworkGateways,/subscriptions/{subscriptionId}/resourceGroups/{resourceGroupName}/providers/Microsoft.Network/virtualNetworkGateways/{virtualNetworkGatewayName},VirtualNetworkGateway
post|/subscriptions/{}/resourcegroups/{}/providers/microsoft.network/virtualnetworkgateways/{}/getadvertisedroutes,getAdvertisedRoutes,post,/subscriptions/{subscriptionId}/resourceGroups/{resourceGroupName}/providers/Microsoft.Network/virtualNetworkGateways/{virtualNetworkGatewayName}/getAdvertisedRoutes,action,https://github.com/Azure/azure-rest-api-specs/blob/bf9983dd77d8691739ffac9160ff8bb93bd74288/specification/network/resource-manager/Microsoft.Network/Network/Network/VirtualNetworkGateway.tsp#L261,microsoft.network/virtualnetworkgateways|/subscriptions/{}/resourcegroups/{}/providers/microsoft.network/virtualnetworkgateways/{},Microsoft.Network/virtualNetworkGateways,/subscriptions/{subscriptionId}/resourceGroups/{resourceGroupName}/providers/Microsoft.Network/virtualNetworkGateways/{virtualNetworkGatewayName},VirtualNetworkGateway
post|/subscriptions/{}/resourcegroups/{}/providers/microsoft.network/virtualnetworkgateways/{}/getbgppeerstatus,getBgpPeerStatus,post,/subscriptions/{subscriptionId}/resourceGroups/{resourceGroupName}/providers/Microsoft.Network/virtualNetworkGateways/{virtualNetworkGatewayName}/getBgpPeerStatus,action,https://github.com/Azure/azure-rest-api-specs/blob/bf9983dd77d8691739ffac9160ff8bb93bd74288/specification/network/resource-manager/Microsoft.Network/Network/Network/VirtualNetworkGateway.tsp#L206,microsoft.network/virtualnetworkgateways|/subscriptions/{}/resourcegroups/{}/providers/microsoft.network/virtualnetworkgateways/{},Microsoft.Network/virtualNetworkGateways,/subscriptions/{subscriptionId}/resourceGroups/{resourceGroupName}/providers/Microsoft.Network/virtualNetworkGateways/{virtualNetworkGatewayName},VirtualNetworkGateway
post|/subscriptions/{}/resourcegroups/{}/providers/microsoft.network/virtualnetworkgateways/{}/geteffectiveroutes,getEffectiveRoutes,post,/subscriptions/{subscriptionId}/resourceGroups/{resourceGroupName}/providers/Microsoft.Network/virtualNetworkGateways/{virtualNetworkGatewayName}/getEffectiveRoutes,action,https://github.com/Azure/azure-rest-api-specs/blob/bf9983dd77d8691739ffac9160ff8bb93bd74288/specification/network/resource-manager/Microsoft.Network/Network/Network/VirtualNetworkGateway.tsp#L280,microsoft.network/virtualnetworkgateways|/subscriptions/{}/resourcegroups/{}/providers/microsoft.network/virtualnetworkgateways/{},Microsoft.Network/virtualNetworkGateways,/subscriptions/{subscriptionId}/resourceGroups/{resourceGroupName}/providers/Microsoft.Network/virtualNetworkGateways/{virtualNetworkGatewayName},VirtualNetworkGateway
post|/subscriptions/{}/resourcegroups/{}/providers/microsoft.network/virtualnetworkgateways/{}/getfailoveralltestsdetails,getFailoverAllTestDetails,post,/subscriptions/{subscriptionId}/resourceGroups/{resourceGroupName}/providers/Microsoft.Network/virtualNetworkGateways/{virtualNetworkGatewayName}/getFailoverAllTestsDetails,action,https://github.com/Azure/azure-rest-api-specs/blob/bf9983dd77d8691739ffac9160ff8bb93bd74288/specification/network/resource-manager/Microsoft.Network/Network/Network/VirtualNetworkGateway.tsp#L387,microsoft.network/virtualnetworkgateways|/subscriptions/{}/resourcegroups/{}/providers/microsoft.network/virtualnetworkgateways/{},Microsoft.Network/virtualNetworkGateways,/subscriptions/{subscriptionId}/resourceGroups/{resourceGroupName}/providers/Microsoft.Network/virtualNetworkGateways/{virtualNetworkGatewayName},VirtualNetworkGateway
post|/subscriptions/{}/resourcegroups/{}/providers/microsoft.network/virtualnetworkgateways/{}/getfailoversingletestdetails,getFailoverSingleTestDetails,post,/subscriptions/{subscriptionId}/resourceGroups/{resourceGroupName}/providers/Microsoft.Network/virtualNetworkGateways/{virtualNetworkGatewayName}/getFailoverSingleTestDetails,action,https://github.com/Azure/azure-rest-api-specs/blob/bf9983dd77d8691739ffac9160ff8bb93bd74288/specification/network/resource-manager/Microsoft.Network/Network/Network/VirtualNetworkGateway.tsp#L416,microsoft.network/virtualnetworkgateways|/subscriptions/{}/resourcegroups/{}/providers/microsoft.network/virtualnetworkgateways/{},Microsoft.Network/virtualNetworkGateways,/subscriptions/{subscriptionId}/resourceGroups/{resourceGroupName}/providers/Microsoft.Network/virtualNetworkGateways/{virtualNetworkGatewayName},VirtualNetworkGateway
post|/subscriptions/{}/resourcegroups/{}/providers/microsoft.network/virtualnetworkgateways/{}/getlearnedroutes,getLearnedRoutes,post,/subscriptions/{subscriptionId}/resourceGroups/{resourceGroupName}/providers/Microsoft.Network/virtualNetworkGateways/{virtualNetworkGatewayName}/getLearnedRoutes,action,https://github.com/Azure/azure-rest-api-specs/blob/bf9983dd77d8691739ffac9160ff8bb93bd74288/specification/network/resource-manager/Microsoft.Network/Network/Network/VirtualNetworkGateway.tsp#L250,microsoft.network/virtualnetworkgateways|/subscriptions/{}/resourcegroups/{}/providers/microsoft.network/virtualnetworkgateways/{},Microsoft.Network/virtualNetworkGateways,/subscriptions/{subscriptionId}/resourceGroups/{resourceGroupName}/providers/Microsoft.Network/virtualNetworkGateways/{virtualNetworkGatewayName},VirtualNetworkGateway
post|/subscriptions/{}/resourcegroups/{}/providers/microsoft.network/virtualnetworkgateways/{}/getresiliencyinformation,getResiliencyInformation,post,/subscriptions/{subscriptionId}/resourceGroups/{resourceGroupName}/providers/Microsoft.Network/virtualNetworkGateways/{virtualNetworkGatewayName}/getResiliencyInformation,action,https://github.com/Azure/azure-rest-api-specs/blob/bf9983dd77d8691739ffac9160ff8bb93bd74288/specification/network/resource-manager/Microsoft.Network/Network/Network/VirtualNetworkGateway.tsp#L291,microsoft.network/virtualnetworkgateways|/subscriptions/{}/resourcegroups/{}/providers/microsoft.network/virtualnetworkgateways/{},Microsoft.Network/virtualNetworkGateways,/subscriptions/{subscriptionId}/resourceGroups/{resourceGroupName}/providers/Microsoft.Network/virtualNetworkGateways/{virtualNetworkGatewayName},VirtualNetworkGateway
post|/subscriptions/{}/resourcegroups/{}/providers/microsoft.network/virtualnetworkgateways/{}/getroutesinformation,getRoutesInformation,post,/subscriptions/{subscriptionId}/resourceGroups/{resourceGroupName}/providers/Microsoft.Network/virtualNetworkGateways/{virtualNetworkGatewayName}/getRoutesInformation,action,https://github.com/Azure/azure-rest-api-specs/blob/bf9983dd77d8691739ffac9160ff8bb93bd74288/specification/network/resource-manager/Microsoft.Network/Network/Network/VirtualNetworkGateway.tsp#L309,microsoft.network/virtualnetworkgateways|/subscriptions/{}/resourcegroups/{}/providers/microsoft.network/virtualnetworkgateways/{},Microsoft.Network/virtualNetworkGateways,/subscriptions/{subscriptionId}/resourceGroups/{resourceGroupName}/providers/Microsoft.Network/virtualNetworkGateways/{virtualNetworkGatewayName},VirtualNetworkGateway
post|/subscriptions/{}/resourcegroups/{}/providers/microsoft.network/virtualnetworkgateways/{}/getvpnclientconnectionhealth,getVpnclientConnectionHealth,post,/subscriptions/{subscriptionId}/resourceGroups/{resourceGroupName}/providers/Microsoft.Network/virtualNetworkGateways/{virtualNetworkGatewayName}/getVpnClientConnectionHealth,action,https://github.com/Azure/azure-rest-api-specs/blob/bf9983dd77d8691739ffac9160ff8bb93bd74288/specification/network/resource-manager/Microsoft.Network/Network/Network/VirtualNetworkGateway.tsp#L485,microsoft.network/virtualnetworkgateways|/subscriptions/{}/resourcegroups/{}/providers/microsoft.network/virtualnetworkgateways/{},Microsoft.Network/virtualNetworkGateways,/subscriptions/{subscriptionId}/resourceGroups/{resourceGroupName}/providers/Microsoft.Network/virtualNetworkGateways/{virtualNetworkGatewayName},VirtualNetworkGateway
post|/subscriptions/{}/resourcegroups/{}/providers/microsoft.network/virtualnetworkgateways/{}/getvpnclientipsecparameters,getVpnclientIpsecParameters,post,/subscriptions/{subscriptionId}/resourceGroups/{resourceGroupName}/providers/Microsoft.Network/virtualNetworkGateways/{virtualNetworkGatewayName}/getvpnclientipsecparameters,action,https://github.com/Azure/azure-rest-api-specs/blob/bf9983dd77d8691739ffac9160ff8bb93bd74288/specification/network/resource-manager/Microsoft.Network/Network/Network/VirtualNetworkGateway.tsp#L341,microsoft.network/virtualnetworkgateways|/subscriptions/{}/resourcegroups/{}/providers/microsoft.network/virtualnetworkgateways/{},Microsoft.Network/virtualNetworkGateways,/subscriptions/{subscriptionId}/resourceGroups/{resourceGroupName}/providers/Microsoft.Network/virtualNetworkGateways/{virtualNetworkGatewayName},VirtualNetworkGateway
post|/subscriptions/{}/resourcegroups/{}/providers/microsoft.network/virtualnetworkgateways/{}/getvpnprofilepackageurl,getVpnProfilePackageUrl,post,/subscriptions/{subscriptionId}/resourceGroups/{resourceGroupName}/providers/Microsoft.Network/virtualNetworkGateways/{virtualNetworkGatewayName}/getvpnprofilepackageurl,action,https://github.com/Azure/azure-rest-api-specs/blob/bf9983dd77d8691739ffac9160ff8bb93bd74288/specification/network/resource-manager/Microsoft.Network/Network/Network/VirtualNetworkGateway.tsp#L191,microsoft.network/virtualnetworkgateways|/subscriptions/{}/resourcegroups/{}/providers/microsoft.network/virtualnetworkgateways/{},Microsoft.Network/virtualNetworkGateways,/subscriptions/{subscriptionId}/resourceGroups/{resourceGroupName}/providers/Microsoft.Network/virtualNetworkGateways/{virtualNetworkGatewayName},VirtualNetworkGateway
post|/subscriptions/{}/resourcegroups/{}/providers/microsoft.network/virtualnetworkgateways/{}/abortmigration,invokeAbortMigration,post,/subscriptions/{subscriptionId}/resourceGroups/{resourceGroupName}/providers/Microsoft.Network/virtualNetworkGateways/{virtualNetworkGatewayName}/abortMigration,action,https://github.com/Azure/azure-rest-api-specs/blob/bf9983dd77d8691739ffac9160ff8bb93bd74288/specification/network/resource-manager/Microsoft.Network/Network/Network/VirtualNetworkGateway.tsp#L547,microsoft.network/virtualnetworkgateways|/subscriptions/{}/resourcegroups/{}/providers/microsoft.network/virtualnetworkgateways/{},Microsoft.Network/virtualNetworkGateways,/subscriptions/{subscriptionId}/resourceGroups/{resourceGroupName}/providers/Microsoft.Network/virtualNetworkGateways/{virtualNetworkGatewayName},VirtualNetworkGateway
post|/subscriptions/{}/resourcegroups/{}/providers/microsoft.network/virtualnetworkgateways/{}/commitmigration,invokeCommitMigration,post,/subscriptions/{subscriptionId}/resourceGroups/{resourceGroupName}/providers/Microsoft.Network/virtualNetworkGateways/{virtualNetworkGatewayName}/commitMigration,action,https://github.com/Azure/azure-rest-api-specs/blob/bf9983dd77d8691739ffac9160ff8bb93bd74288/specification/network/resource-manager/Microsoft.Network/Network/Network/VirtualNetworkGateway.tsp#L535,microsoft.network/virtualnetworkgateways|/subscriptions/{}/resourcegroups/{}/providers/microsoft.network/virtualnetworkgateways/{},Microsoft.Network/virtualNetworkGateways,/subscriptions/{subscriptionId}/resourceGroups/{resourceGroupName}/providers/Microsoft.Network/virtualNetworkGateways/{virtualNetworkGatewayName},VirtualNetworkGateway
post|/subscriptions/{}/resourcegroups/{}/providers/microsoft.network/virtualnetworkgateways/{}/executemigration,invokeExecuteMigration,post,/subscriptions/{subscriptionId}/resourceGroups/{resourceGroupName}/providers/Microsoft.Network/virtualNetworkGateways/{virtualNetworkGatewayName}/executeMigration,action,https://github.com/Azure/azure-rest-api-specs/blob/bf9983dd77d8691739ffac9160ff8bb93bd74288/specification/network/resource-manager/Microsoft.Network/Network/Network/VirtualNetworkGateway.tsp#L523,microsoft.network/virtualnetworkgateways|/subscriptions/{}/resourcegroups/{}/providers/microsoft.network/virtualnetworkgateways/{},Microsoft.Network/virtualNetworkGateways,/subscriptions/{subscriptionId}/resourceGroups/{resourceGroupName}/providers/Microsoft.Network/virtualNetworkGateways/{virtualNetworkGatewayName},VirtualNetworkGateway
post|/subscriptions/{}/resourcegroups/{}/providers/microsoft.network/virtualnetworkgateways/{}/preparemigration,invokePrepareMigration,post,/subscriptions/{subscriptionId}/resourceGroups/{resourceGroupName}/providers/Microsoft.Network/virtualNetworkGateways/{virtualNetworkGatewayName}/prepareMigration,action,https://github.com/Azure/azure-rest-api-specs/blob/bf9983dd77d8691739ffac9160ff8bb93bd74288/specification/network/resource-manager/Microsoft.Network/Network/Network/VirtualNetworkGateway.tsp#L511,microsoft.network/virtualnetworkgateways|/subscriptions/{}/resourcegroups/{}/providers/microsoft.network/virtualnetworkgateways/{},Microsoft.Network/virtualNetworkGateways,/subscriptions/{subscriptionId}/resourceGroups/{resourceGroupName}/providers/Microsoft.Network/virtualNetworkGateways/{virtualNetworkGatewayName},VirtualNetworkGateway
get|/subscriptions/{}/resourcegroups/{}/providers/microsoft.network/virtualnetworkgateways,list,get,/subscriptions/{subscriptionId}/resourceGroups/{resourceGroupName}/providers/Microsoft.Network/virtualNetworkGateways,list,https://github.com/Azure/azure-rest-api-specs/blob/bf9983dd77d8691739ffac9160ff8bb93bd74288/specification/network/resource-manager/Microsoft.Network/Network/Network/VirtualNetworkGateway.tsp#L105,microsoft.network/virtualnetworkgateways|/subscriptions/{}/resourcegroups/{}/providers/microsoft.network/virtualnetworkgateways/{},Microsoft.Network/virtualNetworkGateways,/subscriptions/{subscriptionId}/resourceGroups/{resourceGroupName}/providers/Microsoft.Network/virtualNetworkGateways/{virtualNetworkGatewayName},VirtualNetworkGateway
get|/subscriptions/{}/resourcegroups/{}/providers/microsoft.network/virtualnetworkgateways/{}/connections,listConnections,get,/subscriptions/{subscriptionId}/resourceGroups/{resourceGroupName}/providers/Microsoft.Network/virtualNetworkGateways/{virtualNetworkGatewayName}/connections,action,https://github.com/Azure/azure-rest-api-specs/blob/bf9983dd77d8691739ffac9160ff8bb93bd74288/specification/network/resource-manager/Microsoft.Network/Network/Network/VirtualNetworkGateway.tsp#L114,microsoft.network/virtualnetworkgateways|/subscriptions/{}/resourcegroups/{}/providers/microsoft.network/virtualnetworkgateways/{},Microsoft.Network/virtualNetworkGateways,/subscriptions/{subscriptionId}/resourceGroups/{resourceGroupName}/providers/Microsoft.Network/virtualNetworkGateways/{virtualNetworkGatewayName},VirtualNetworkGateway
post|/subscriptions/{}/resourcegroups/{}/providers/microsoft.network/virtualnetworkgateways/{}/listradiussecrets,listRadiusSecrets,post,/subscriptions/{subscriptionId}/resourceGroups/{resourceGroupName}/providers/Microsoft.Network/virtualNetworkGateways/{virtualNetworkGatewayName}/listRadiusSecrets,action,https://github.com/Azure/azure-rest-api-specs/blob/bf9983dd77d8691739ffac9160ff8bb93bd74288/specification/network/resource-manager/Microsoft.Network/Network/Network/VirtualNetworkGateway.tsp#L239,microsoft.network/virtualnetworkgateways|/subscriptions/{}/resourcegroups/{}/providers/microsoft.network/virtualnetworkgateways/{},Microsoft.Network/virtualNetworkGateways,/subscriptions/{subscriptionId}/resourceGroups/{resourceGroupName}/providers/Microsoft.Network/virtualNetworkGateways/{virtualNetworkGatewayName},VirtualNetworkGateway
post|/subscriptions/{}/resourcegroups/{}/providers/microsoft.network/virtualnetworkgateways/{}/reset,reset,post,/subscriptions/{subscriptionId}/resourceGroups/{resourceGroupName}/providers/Microsoft.Network/virtualNetworkGateways/{virtualNetworkGatewayName}/reset,action,https://github.com/Azure/azure-rest-api-specs/blob/bf9983dd77d8691739ffac9160ff8bb93bd74288/specification/network/resource-manager/Microsoft.Network/Network/Network/VirtualNetworkGateway.tsp#L125,microsoft.network/virtualnetworkgateways|/subscriptions/{}/resourcegroups/{}/providers/microsoft.network/virtualnetworkgateways/{},Microsoft.Network/virtualNetworkGateways,/subscriptions/{subscriptionId}/resourceGroups/{resourceGroupName}/providers/Microsoft.Network/virtualNetworkGateways/{virtualNetworkGatewayName},VirtualNetworkGateway
post|/subscriptions/{}/resourcegroups/{}/providers/microsoft.network/virtualnetworkgateways/{}/resetvpnclientsharedkey,resetVpnClientSharedKey,post,/subscriptions/{subscriptionId}/resourceGroups/{resourceGroupName}/providers/Microsoft.Network/virtualNetworkGateways/{virtualNetworkGatewayName}/resetvpnclientsharedkey,action,https://github.com/Azure/azure-rest-api-specs/blob/bf9983dd77d8691739ffac9160ff8bb93bd74288/specification/network/resource-manager/Microsoft.Network/Network/Network/VirtualNetworkGateway.tsp#L144,microsoft.network/virtualnetworkgateways|/subscriptions/{}/resourcegroups/{}/providers/microsoft.network/virtualnetworkgateways/{},Microsoft.Network/virtualNetworkGateways,/subscriptions/{subscriptionId}/resourceGroups/{resourceGroupName}/providers/Microsoft.Network/virtualNetworkGateways/{virtualNetworkGatewayName},VirtualNetworkGateway
post|/subscriptions/{}/resourcegroups/{}/providers/microsoft.network/virtualnetworkgateways/{}/setvpnclientipsecparameters,setVpnclientIpsecParameters,post,/subscriptions/{subscriptionId}/resourceGroups/{resourceGroupName}/providers/Microsoft.Network/virtualNetworkGateways/{virtualNetworkGatewayName}/setvpnclientipsecparameters,action,https://github.com/Azure/azure-rest-api-specs/blob/bf9983dd77d8691739ffac9160ff8bb93bd74288/specification/network/resource-manager/Microsoft.Network/Network/Network/VirtualNetworkGateway.tsp#L328,microsoft.network/virtualnetworkgateways|/subscriptions/{}/resourcegroups/{}/providers/microsoft.network/virtualnetworkgateways/{},Microsoft.Network/virtualNetworkGateways,/subscriptions/{subscriptionId}/resourceGroups/{resourceGroupName}/providers/Microsoft.Network/virtualNetworkGateways/{virtualNetworkGatewayName},VirtualNetworkGateway
post|/subscriptions/{}/resourcegroups/{}/providers/microsoft.network/virtualnetworkgateways/{}/startsitefailovertest,startExpressRouteSiteFailoverSimulation,post,/subscriptions/{subscriptionId}/resourceGroups/{resourceGroupName}/providers/Microsoft.Network/virtualNetworkGateways/{virtualNetworkGatewayName}/startSiteFailoverTest,action,https://github.com/Azure/azure-rest-api-specs/blob/bf9983dd77d8691739ffac9160ff8bb93bd74288/specification/network/resource-manager/Microsoft.Network/Network/Network/VirtualNetworkGateway.tsp#L446,microsoft.network/virtualnetworkgateways|/subscriptions/{}/resourcegroups/{}/providers/microsoft.network/virtualnetworkgateways/{},Microsoft.Network/virtualNetworkGateways,/subscriptions/{subscriptionId}/resourceGroups/{resourceGroupName}/providers/Microsoft.Network/virtualNetworkGateways/{virtualNetworkGatewayName},VirtualNetworkGateway
post|/subscriptions/{}/resourcegroups/{}/providers/microsoft.network/virtualnetworkgateways/{}/startpacketcapture,startPacketCapture,post,/subscriptions/{subscriptionId}/resourceGroups/{resourceGroupName}/providers/Microsoft.Network/virtualNetworkGateways/{virtualNetworkGatewayName}/startPacketCapture,action,https://github.com/Azure/azure-rest-api-specs/blob/bf9983dd77d8691739ffac9160ff8bb93bd74288/specification/network/resource-manager/Microsoft.Network/Network/Network/VirtualNetworkGateway.tsp#L355,microsoft.network/virtualnetworkgateways|/subscriptions/{}/resourcegroups/{}/providers/microsoft.network/virtualnetworkgateways/{},Microsoft.Network/virtualNetworkGateways,/subscriptions/{subscriptionId}/resourceGroups/{resourceGroupName}/providers/Microsoft.Network/virtualNetworkGateways/{virtualNetworkGatewayName},VirtualNetworkGateway
post|/subscriptions/{}/resourcegroups/{}/providers/microsoft.network/virtualnetworkgateways/{}/stopsitefailovertest,stopExpressRouteSiteFailoverSimulation,post,/subscriptions/{subscriptionId}/resourceGroups/{resourceGroupName}/providers/Microsoft.Network/virtualNetworkGateways/{virtualNetworkGatewayName}/stopSiteFailoverTest,action,https://github.com/Azure/azure-rest-api-specs/blob/bf9983dd77d8691739ffac9160ff8bb93bd74288/specification/network/resource-manager/Microsoft.Network/Network/Network/VirtualNetworkGateway.tsp#L469,microsoft.network/virtualnetworkgateways|/subscriptions/{}/resourcegroups/{}/providers/microsoft.network/virtualnetworkgateways/{},Microsoft.Network/virtualNetworkGateways,/subscriptions/{subscriptionId}/resourceGroups/{resourceGroupName}/providers/Microsoft.Network/virtualNetworkGateways/{virtualNetworkGatewayName},VirtualNetworkGateway
post|/subscriptions/{}/resourcegroups/{}/providers/microsoft.network/virtualnetworkgateways/{}/stoppacketcapture,stopPacketCapture,post,/subscriptions/{subscriptionId}/resourceGroups/{resourceGroupName}/providers/Microsoft.Network/virtualNetworkGateways/{virtualNetworkGatewayName}/stopPacketCapture,action,https://github.com/Azure/azure-rest-api-specs/blob/bf9983dd77d8691739ffac9160ff8bb93bd74288/specification/network/resource-manager/Microsoft.Network/Network/Network/VirtualNetworkGateway.tsp#L371,microsoft.network/virtualnetworkgateways|/subscriptions/{}/resourcegroups/{}/providers/microsoft.network/virtualnetworkgateways/{},Microsoft.Network/virtualNetworkGateways,/subscriptions/{subscriptionId}/resourceGroups/{resourceGroupName}/providers/Microsoft.Network/virtualNetworkGateways/{virtualNetworkGatewayName},VirtualNetworkGateway
post|/subscriptions/{}/resourcegroups/{}/providers/microsoft.network/virtualnetworkgateways/{}/supportedvpndevices,supportedVpnDevices,post,/subscriptions/{subscriptionId}/resourceGroups/{resourceGroupName}/providers/Microsoft.Network/virtualNetworkGateways/{virtualNetworkGatewayName}/supportedvpndevices,action,https://github.com/Azure/azure-rest-api-specs/blob/bf9983dd77d8691739ffac9160ff8bb93bd74288/specification/network/resource-manager/Microsoft.Network/Network/Network/VirtualNetworkGateway.tsp#L225,microsoft.network/virtualnetworkgateways|/subscriptions/{}/resourcegroups/{}/providers/microsoft.network/virtualnetworkgateways/{},Microsoft.Network/virtualNetworkGateways,/subscriptions/{subscriptionId}/resourceGroups/{resourceGroupName}/providers/Microsoft.Network/virtualNetworkGateways/{virtualNetworkGatewayName},VirtualNetworkGateway
patch|/subscriptions/{}/resourcegroups/{}/providers/microsoft.network/virtualnetworkgateways/{},updateTags,patch,/subscriptions/{subscriptionId}/resourceGroups/{resourceGroupName}/providers/Microsoft.Network/virtualNetworkGateways/{virtualNetworkGatewayName},update,https://github.com/Azure/azure-rest-api-specs/blob/bf9983dd77d8691739ffac9160ff8bb93bd74288/specification/network/resource-manager/Microsoft.Network/Network/Network/VirtualNetworkGateway.tsp#L79,microsoft.network/virtualnetworkgateways|/subscriptions/{}/resourcegroups/{}/providers/microsoft.network/virtualnetworkgateways/{},Microsoft.Network/virtualNetworkGateways,/subscriptions/{subscriptionId}/resourceGroups/{resourceGroupName}/providers/Microsoft.Network/virtualNetworkGateways/{virtualNetworkGatewayName},VirtualNetworkGateway
put|/subscriptions/{}/resourcegroups/{}/providers/microsoft.network/connections/{},createOrUpdate,put,/subscriptions/{subscriptionId}/resourceGroups/{resourceGroupName}/providers/Microsoft.Network/connections/{virtualNetworkGatewayConnectionName},createOrUpdate,https://github.com/Azure/azure-rest-api-specs/blob/bf9983dd77d8691739ffac9160ff8bb93bd74288/specification/network/resource-manager/Microsoft.Network/Network/Network/VirtualNetworkGatewayConnection.tsp#L55,microsoft.network/connections|/subscriptions/{}/resourcegroups/{}/providers/microsoft.network/connections/{},Microsoft.Network/connections,/subscriptions/{subscriptionId}/resourceGroups/{resourceGroupName}/providers/Microsoft.Network/connections/{virtualNetworkGatewayConnectionName},VirtualNetworkGatewayConnection
delete|/subscriptions/{}/resourcegroups/{}/providers/microsoft.network/connections/{},delete,delete,/subscriptions/{subscriptionId}/resourceGroups/{resourceGroupName}/providers/Microsoft.Network/connections/{virtualNetworkGatewayConnectionName},delete,https://github.com/Azure/azure-rest-api-specs/blob/bf9983dd77d8691739ffac9160ff8bb93bd74288/specification/network/resource-manager/Microsoft.Network/Network/Network/VirtualNetworkGatewayConnection.tsp#L79,microsoft.network/connections|/subscriptions/{}/resourcegroups/{}/providers/microsoft.network/connections/{},Microsoft.Network/connections,/subscriptions/{subscriptionId}/resourceGroups/{resourceGroupName}/providers/Microsoft.Network/connections/{virtualNetworkGatewayConnectionName},VirtualNetworkGatewayConnection
get|/subscriptions/{}/resourcegroups/{}/providers/microsoft.network/connections/{},get,get,/subscriptions/{subscriptionId}/resourceGroups/{resourceGroupName}/providers/Microsoft.Network/connections/{virtualNetworkGatewayConnectionName},read,https://github.com/Azure/azure-rest-api-specs/blob/bf9983dd77d8691739ffac9160ff8bb93bd74288/specification/network/resource-manager/Microsoft.Network/Network/Network/VirtualNetworkGatewayConnection.tsp#L49,microsoft.network/connections|/subscriptions/{}/resourcegroups/{}/providers/microsoft.network/connections/{},Microsoft.Network/connections,/subscriptions/{subscriptionId}/resourceGroups/{resourceGroupName}/providers/Microsoft.Network/connections/{virtualNetworkGatewayConnectionName},VirtualNetworkGatewayConnection
post|/subscriptions/{}/resourcegroups/{}/providers/microsoft.network/connections/{}/getikesas,getIkeSas,post,/subscriptions/{subscriptionId}/resourceGroups/{resourceGroupName}/providers/Microsoft.Network/connections/{virtualNetworkGatewayConnectionName}/getikesas,action,https://github.com/Azure/azure-rest-api-specs/blob/bf9983dd77d8691739ffac9160ff8bb93bd74288/specification/network/resource-manager/Microsoft.Network/Network/Network/VirtualNetworkGatewayConnection.tsp#L191,microsoft.network/connections|/subscriptions/{}/resourcegroups/{}/providers/microsoft.network/connections/{},Microsoft.Network/connections,/subscriptions/{subscriptionId}/resourceGroups/{resourceGroupName}/providers/Microsoft.Network/connections/{virtualNetworkGatewayConnectionName},VirtualNetworkGatewayConnection
get|/subscriptions/{}/resourcegroups/{}/providers/microsoft.network/connections/{}/sharedkey,getSharedKey,get,/subscriptions/{subscriptionId}/resourceGroups/{resourceGroupName}/providers/Microsoft.Network/connections/{virtualNetworkGatewayConnectionName}/sharedkey,action,https://github.com/Azure/azure-rest-api-specs/blob/bf9983dd77d8691739ffac9160ff8bb93bd74288/specification/network/resource-manager/Microsoft.Network/Network/Network/VirtualNetworkGatewayConnection.tsp#L136,microsoft.network/connections|/subscriptions/{}/resourcegroups/{}/providers/microsoft.network/connections/{},Microsoft.Network/connections,/subscriptions/{subscriptionId}/resourceGroups/{resourceGroupName}/providers/Microsoft.Network/connections/{virtualNetworkGatewayConnectionName},VirtualNetworkGatewayConnection
get|/subscriptions/{}/resourcegroups/{}/providers/microsoft.network/connections,list,get,/subscriptions/{subscriptionId}/resourceGroups/{resourceGroupName}/providers/Microsoft.Network/connections,list,https://github.com/Azure/azure-rest-api-specs/blob/bf9983dd77d8691739ffac9160ff8bb93bd74288/specification/network/resource-manager/Microsoft.Network/Network/Network/VirtualNetworkGatewayConnection.tsp#L92,microsoft.network/connections|/subscriptions/{}/resourcegroups/{}/providers/microsoft.network/connections/{},Microsoft.Network/connections,/subscriptions/{subscriptionId}/resourceGroups/{resourceGroupName}/providers/Microsoft.Network/connections/{virtualNetworkGatewayConnectionName},VirtualNetworkGatewayConnection
post|/subscriptions/{}/resourcegroups/{}/providers/microsoft.network/connections/{}/resetconnection,resetConnection,post,/subscriptions/{subscriptionId}/resourceGroups/{resourceGroupName}/providers/Microsoft.Network/connections/{virtualNetworkGatewayConnectionName}/resetconnection,action,https://github.com/Azure/azure-rest-api-specs/blob/bf9983dd77d8691739ffac9160ff8bb93bd74288/specification/network/resource-manager/Microsoft.Network/Network/Network/VirtualNetworkGatewayConnection.tsp#L207,microsoft.network/connections|/subscriptions/{}/resourcegroups/{}/providers/microsoft.network/connections/{},Microsoft.Network/connections,/subscriptions/{subscriptionId}/resourceGroups/{resourceGroupName}/providers/Microsoft.Network/connections/{virtualNetworkGatewayConnectionName},VirtualNetworkGatewayConnection
post|/subscriptions/{}/resourcegroups/{}/providers/microsoft.network/connections/{}/sharedkey/reset,resetSharedKey,post,/subscriptions/{subscriptionId}/resourceGroups/{resourceGroupName}/providers/Microsoft.Network/connections/{virtualNetworkGatewayConnectionName}/sharedkey/reset,action,https://github.com/Azure/azure-rest-api-specs/blob/bf9983dd77d8691739ffac9160ff8bb93bd74288/specification/network/resource-manager/Microsoft.Network/Network/Network/VirtualNetworkGatewayConnection.tsp#L148,microsoft.network/connections|/subscriptions/{}/resourcegroups/{}/providers/microsoft.network/connections/{},Microsoft.Network/connections,/subscriptions/{subscriptionId}/resourceGroups/{resourceGroupName}/providers/Microsoft.Network/connections/{virtualNetworkGatewayConnectionName},VirtualNetworkGatewayConnection
put|/subscriptions/{}/resourcegroups/{}/providers/microsoft.network/connections/{}/sharedkey,setSharedKey,put,/subscriptions/{subscriptionId}/resourceGroups/{resourceGroupName}/providers/Microsoft.Network/connections/{virtualNetworkGatewayConnectionName}/sharedkey,action,https://github.com/Azure/azure-rest-api-specs/blob/bf9983dd77d8691739ffac9160ff8bb93bd74288/specification/network/resource-manager/Microsoft.Network/Network/Network/VirtualNetworkGatewayConnection.tsp#L117,microsoft.network/connections|/subscriptions/{}/resourcegroups/{}/providers/microsoft.network/connections/{},Microsoft.Network/connections,/subscriptions/{subscriptionId}/resourceGroups/{resourceGroupName}/providers/Microsoft.Network/connections/{virtualNetworkGatewayConnectionName},VirtualNetworkGatewayConnection
post|/subscriptions/{}/resourcegroups/{}/providers/microsoft.network/connections/{}/startpacketcapture,startPacketCapture,post,/subscriptions/{subscriptionId}/resourceGroups/{resourceGroupName}/providers/Microsoft.Network/connections/{virtualNetworkGatewayConnectionName}/startPacketCapture,action,https://github.com/Azure/azure-rest-api-specs/blob/bf9983dd77d8691739ffac9160ff8bb93bd74288/specification/network/resource-manager/Microsoft.Network/Network/Network/VirtualNetworkGatewayConnection.tsp#L159,microsoft.network/connections|/subscriptions/{}/resourcegroups/{}/providers/microsoft.network/connections/{},Microsoft.Network/connections,/subscriptions/{subscriptionId}/resourceGroups/{resourceGroupName}/providers/Microsoft.Network/connections/{virtualNetworkGatewayConnectionName},VirtualNetworkGatewayConnection
post|/subscriptions/{}/resourcegroups/{}/providers/microsoft.network/connections/{}/stoppacketcapture,stopPacketCapture,post,/subscriptions/{subscriptionId}/resourceGroups/{resourceGroupName}/providers/Microsoft.Network/connections/{virtualNetworkGatewayConnectionName}/stopPacketCapture,action,https://github.com/Azure/azure-rest-api-specs/blob/bf9983dd77d8691739ffac9160ff8bb93bd74288/specification/network/resource-manager/Microsoft.Network/Network/Network/VirtualNetworkGatewayConnection.tsp#L175,microsoft.network/connections|/subscriptions/{}/resourcegroups/{}/providers/microsoft.network/connections/{},Microsoft.Network/connections,/subscriptions/{subscriptionId}/resourceGroups/{resourceGroupName}/providers/Microsoft.Network/connections/{virtualNetworkGatewayConnectionName},VirtualNetworkGatewayConnection
patch|/subscriptions/{}/resourcegroups/{}/providers/microsoft.network/connections/{},updateTags,patch,/subscriptions/{subscriptionId}/resourceGroups/{resourceGroupName}/providers/Microsoft.Network/connections/{virtualNetworkGatewayConnectionName},update,https://github.com/Azure/azure-rest-api-specs/blob/bf9983dd77d8691739ffac9160ff8bb93bd74288/specification/network/resource-manager/Microsoft.Network/Network/Network/VirtualNetworkGatewayConnection.tsp#L66,microsoft.network/connections|/subscriptions/{}/resourcegroups/{}/providers/microsoft.network/connections/{},Microsoft.Network/connections,/subscriptions/{subscriptionId}/resourceGroups/{resourceGroupName}/providers/Microsoft.Network/connections/{virtualNetworkGatewayConnectionName},VirtualNetworkGatewayConnection
post|/subscriptions/{}/resourcegroups/{}/providers/microsoft.network/connections/{}/vpndeviceconfigurationscript,vpnDeviceConfigurationScript,post,/subscriptions/{subscriptionId}/resourceGroups/{resourceGroupName}/providers/Microsoft.Network/connections/{virtualNetworkGatewayConnectionName}/vpndeviceconfigurationscript,action,https://github.com/Azure/azure-rest-api-specs/blob/bf9983dd77d8691739ffac9160ff8bb93bd74288/specification/network/resource-manager/Microsoft.Network/Network/Network/VirtualNetworkGatewayConnection.tsp#L102,microsoft.network/connections|/subscriptions/{}/resourcegroups/{}/providers/microsoft.network/connections/{},Microsoft.Network/connections,/subscriptions/{subscriptionId}/resourceGroups/{resourceGroupName}/providers/Microsoft.Network/connections/{virtualNetworkGatewayConnectionName},VirtualNetworkGatewayConnection
put|/subscriptions/{}/resourcegroups/{}/providers/microsoft.network/virtualnetworkgateways/{}/natrules/{},createOrUpdate,put,/subscriptions/{subscriptionId}/resourceGroups/{resourceGroupName}/providers/Microsoft.Network/virtualNetworkGateways/{virtualNetworkGatewayName}/natRules/{natRuleName},createOrUpdate,https://github.com/Azure/azure-rest-api-specs/blob/bf9983dd77d8691739ffac9160ff8bb93bd74288/specification/network/resource-manager/Microsoft.Network/Network/Network/VirtualNetworkGatewayNatRule.tsp#L58,microsoft.network/virtualnetworkgateways/natrules|/subscriptions/{}/resourcegroups/{}/providers/microsoft.network/virtualnetworkgateways/{}/natrules/{},Microsoft.Network/virtualNetworkGateways/natRules,/subscriptions/{subscriptionId}/resourceGroups/{resourceGroupName}/providers/Microsoft.Network/virtualNetworkGateways/{virtualNetworkGatewayName}/natRules/{natRuleName},VirtualNetworkGatewayNatRule
delete|/subscriptions/{}/resourcegroups/{}/providers/microsoft.network/virtualnetworkgateways/{}/natrules/{},delete,delete,/subscriptions/{subscriptionId}/resourceGroups/{resourceGroupName}/providers/Microsoft.Network/virtualNetworkGateways/{virtualNetworkGatewayName}/natRules/{natRuleName},delete,https://github.com/Azure/azure-rest-api-specs/blob/bf9983dd77d8691739ffac9160ff8bb93bd74288/specification/network/resource-manager/Microsoft.Network/Network/Network/VirtualNetworkGatewayNatRule.tsp#L67,microsoft.network/virtualnetworkgateways/natrules|/subscriptions/{}/resourcegroups/{}/providers/microsoft.network/virtualnetworkgateways/{}/natrules/{},Microsoft.Network/virtualNetworkGateways/natRules,/subscriptions/{subscriptionId}/resourceGroups/{resourceGroupName}/providers/Microsoft.Network/virtualNetworkGateways/{virtualNetworkGatewayName}/natRules/{natRuleName},VirtualNetworkGatewayNatRule
get|/subscriptions/{}/resourcegroups/{}/providers/microsoft.network/virtualnetworkgateways/{}/natrules/{},get,get,/subscriptions/{subscriptionId}/resourceGroups/{resourceGroupName}/providers/Microsoft.Network/virtualNetworkGateways/{virtualNetworkGatewayName}/natRules/{natRuleName},read,https://github.com/Azure/azure-rest-api-specs/blob/bf9983dd77d8691739ffac9160ff8bb93bd74288/specification/network/resource-manager/Microsoft.Network/Network/Network/VirtualNetworkGatewayNatRule.tsp#L53,microsoft.network/virtualnetworkgateways/natrules|/subscriptions/{}/resourcegroups/{}/providers/microsoft.network/virtualnetworkgateways/{}/natrules/{},Microsoft.Network/virtualNetworkGateways/natRules,/subscriptions/{subscriptionId}/resourceGroups/{resourceGroupName}/providers/Microsoft.Network/virtualNetworkGateways/{virtualNetworkGatewayName}/natRules/{natRuleName},VirtualNetworkGatewayNatRule
get|/subscriptions/{}/resourcegroups/{}/providers/microsoft.network/virtualnetworkgateways/{}/natrules,listByVirtualNetworkGateway,get,/subscriptions/{subscriptionId}/resourceGroups/{resourceGroupName}/providers/Microsoft.Network/virtualNetworkGateways/{virtualNetworkGatewayName}/natRules,list,https://github.com/Azure/azure-rest-api-specs/blob/bf9983dd77d8691739ffac9160ff8bb93bd74288/specification/network/resource-manager/Microsoft.Network/Network/Network/VirtualNetworkGatewayNatRule.tsp#L79,microsoft.network/virtualnetworkgateways/natrules|/subscriptions/{}/resourcegroups/{}/providers/microsoft.network/virtualnetworkgateways/{}/natrules/{},Microsoft.Network/virtualNetworkGateways/natRules,/subscriptions/{subscriptionId}/resourceGroups/{resourceGroupName}/providers/Microsoft.Network/virtualNetworkGateways/{virtualNetworkGatewayName}/natRules/{natRuleName},VirtualNetworkGatewayNatRule
put|/subscriptions/{}/resourcegroups/{}/providers/microsoft.network/virtualrouters/{},createOrUpdate,put,/subscriptions/{subscriptionId}/resourceGroups/{resourceGroupName}/providers/Microsoft.Network/virtualRouters/{virtualRouterName},createOrUpdate,https://github.com/Azure/azure-rest-api-specs/blob/bf9983dd77d8691739ffac9160ff8bb93bd74288/specification/network/resource-manager/Microsoft.Network/Network/Network/VirtualRouter.tsp#L63,microsoft.network/virtualrouters|/subscriptions/{}/resourcegroups/{}/providers/microsoft.network/virtualrouters/{},Microsoft.Network/virtualRouters,/subscriptions/{subscriptionId}/resourceGroups/{resourceGroupName}/providers/Microsoft.Network/virtualRouters/{virtualRouterName},VirtualRouter
delete|/subscriptions/{}/resourcegroups/{}/providers/microsoft.network/virtualrouters/{},delete,delete,/subscriptions/{subscriptionId}/resourceGroups/{resourceGroupName}/providers/Microsoft.Network/virtualRouters/{virtualRouterName},delete,https://github.com/Azure/azure-rest-api-specs/blob/bf9983dd77d8691739ffac9160ff8bb93bd74288/specification/network/resource-manager/Microsoft.Network/Network/Network/VirtualRouter.tsp#L72,microsoft.network/virtualrouters|/subscriptions/{}/resourcegroups/{}/providers/microsoft.network/virtualrouters/{},Microsoft.Network/virtualRouters,/subscriptions/{subscriptionId}/resourceGroups/{resourceGroupName}/providers/Microsoft.Network/virtualRouters/{virtualRouterName},VirtualRouter
get|/subscriptions/{}/resourcegroups/{}/providers/microsoft.network/virtualrouters/{},get,get,/subscriptions/{subscriptionId}/resourceGroups/{resourceGroupName}/providers/Microsoft.Network/virtualRouters/{virtualRouterName},read,https://github.com/Azure/azure-rest-api-specs/blob/bf9983dd77d8691739ffac9160ff8bb93bd74288/specification/network/resource-manager/Microsoft.Network/Network/Network/VirtualRouter.tsp#L48,microsoft.network/virtualrouters|/subscriptions/{}/resourcegroups/{}/providers/microsoft.network/virtualrouters/{},Microsoft.Network/virtualRouters,/subscriptions/{subscriptionId}/resourceGroups/{resourceGroupName}/providers/Microsoft.Network/virtualRouters/{virtualRouterName},VirtualRouter
get|/subscriptions/{}/providers/microsoft.network/virtualrouters,list,get,/subscriptions/{subscriptionId}/providers/Microsoft.Network/virtualRouters,list,https://github.com/Azure/azure-rest-api-specs/blob/bf9983dd77d8691739ffac9160ff8bb93bd74288/specification/network/resource-manager/Microsoft.Network/Network/Network/VirtualRouter.tsp#L89,microsoft.network/virtualrouters|/subscriptions/{}/resourcegroups/{}/providers/microsoft.network/virtualrouters/{},Microsoft.Network/virtualRouters,/subscriptions/{subscriptionId}/resourceGroups/{resourceGroupName}/providers/Microsoft.Network/virtualRouters/{virtualRouterName},VirtualRouter
get|/subscriptions/{}/resourcegroups/{}/providers/microsoft.network/virtualrouters,listByResourceGroup,get,/subscriptions/{subscriptionId}/resourceGroups/{resourceGroupName}/providers/Microsoft.Network/virtualRouters,list,https://github.com/Azure/azure-rest-api-specs/blob/bf9983dd77d8691739ffac9160ff8bb93bd74288/specification/network/resource-manager/Microsoft.Network/Network/Network/VirtualRouter.tsp#L84,microsoft.network/virtualrouters|/subscriptions/{}/resourcegroups/{}/providers/microsoft.network/virtualrouters/{},Microsoft.Network/virtualRouters,/subscriptions/{subscriptionId}/resourceGroups/{resourceGroupName}/providers/Microsoft.Network/virtualRouters/{virtualRouterName},VirtualRouter
put|/subscriptions/{}/resourcegroups/{}/providers/microsoft.network/virtualrouters/{}/peerings/{},createOrUpdate,put,/subscriptions/{subscriptionId}/resourceGroups/{resourceGroupName}/providers/Microsoft.Network/virtualRouters/{virtualRouterName}/peerings/{peeringName},createOrUpdate,https://github.com/Azure/azure-rest-api-specs/blob/bf9983dd77d8691739ffac9160ff8bb93bd74288/specification/network/resource-manager/Microsoft.Network/Network/Network/VirtualRouterPeering.tsp#L58,microsoft.network/virtualrouters/peerings|/subscriptions/{}/resourcegroups/{}/providers/microsoft.network/virtualrouters/{}/peerings/{},Microsoft.Network/virtualRouters/peerings,/subscriptions/{subscriptionId}/resourceGroups/{resourceGroupName}/providers/Microsoft.Network/virtualRouters/{virtualRouterName}/peerings/{peeringName},VirtualRouterPeering
delete|/subscriptions/{}/resourcegroups/{}/providers/microsoft.network/virtualrouters/{}/peerings/{},delete,delete,/subscriptions/{subscriptionId}/resourceGroups/{resourceGroupName}/providers/Microsoft.Network/virtualRouters/{virtualRouterName}/peerings/{peeringName},delete,https://github.com/Azure/azure-rest-api-specs/blob/bf9983dd77d8691739ffac9160ff8bb93bd74288/specification/network/resource-manager/Microsoft.Network/Network/Network/VirtualRouterPeering.tsp#L67,microsoft.network/virtualrouters/peerings|/subscriptions/{}/resourcegroups/{}/providers/microsoft.network/virtualrouters/{}/peerings/{},Microsoft.Network/virtualRouters/peerings,/subscriptions/{subscriptionId}/resourceGroups/{resourceGroupName}/providers/Microsoft.Network/virtualRouters/{virtualRouterName}/peerings/{peeringName},VirtualRouterPeering
get|/subscriptions/{}/resourcegroups/{}/providers/microsoft.network/virtualrouters/{}/peerings/{},get,get,/subscriptions/{subscriptionId}/resourceGroups/{resourceGroupName}/providers/Microsoft.Network/virtualRouters/{virtualRouterName}/peerings/{peeringName},read,https://github.com/Azure/azure-rest-api-specs/blob/bf9983dd77d8691739ffac9160ff8bb93bd74288/specification/network/resource-manager/Microsoft.Network/Network/Network/VirtualRouterPeering.tsp#L53,microsoft.network/virtualrouters/peerings|/subscriptions/{}/resourcegroups/{}/providers/microsoft.network/virtualrouters/{}/peerings/{},Microsoft.Network/virtualRouters/peerings,/subscriptions/{subscriptionId}/resourceGroups/{resourceGroupName}/providers/Microsoft.Network/virtualRouters/{virtualRouterName}/peerings/{peeringName},VirtualRouterPeering
get|/subscriptions/{}/resourcegroups/{}/providers/microsoft.network/virtualrouters/{}/peerings,list,get,/subscriptions/{subscriptionId}/resourceGroups/{resourceGroupName}/providers/Microsoft.Network/virtualRouters/{virtualRouterName}/peerings,list,https://github.com/Azure/azure-rest-api-specs/blob/bf9983dd77d8691739ffac9160ff8bb93bd74288/specification/network/resource-manager/Microsoft.Network/Network/Network/VirtualRouterPeering.tsp#L79,microsoft.network/virtualrouters/peerings|/subscriptions/{}/resourcegroups/{}/providers/microsoft.network/virtualrouters/{}/peerings/{},Microsoft.Network/virtualRouters/peerings,/subscriptions/{subscriptionId}/resourceGroups/{resourceGroupName}/providers/Microsoft.Network/virtualRouters/{virtualRouterName}/peerings/{peeringName},VirtualRouterPeering
put|/subscriptions/{}/resourcegroups/{}/providers/microsoft.network/virtualwans/{},createOrUpdate,put,/subscriptions/{subscriptionId}/resourceGroups/{resourceGroupName}/providers/Microsoft.Network/virtualWans/{VirtualWANName},createOrUpdate,https://github.com/Azure/azure-rest-api-specs/blob/bf9983dd77d8691739ffac9160ff8bb93bd74288/specification/network/resource-manager/Microsoft.Network/Network/Network/VirtualWAN.tsp#L73,microsoft.network/virtualwans|/subscriptions/{}/resourcegroups/{}/providers/microsoft.network/virtualwans/{},Microsoft.Network/virtualWans,/subscriptions/{subscriptionId}/resourceGroups/{resourceGroupName}/providers/Microsoft.Network/virtualWans/{VirtualWANName},VirtualWAN
delete|/subscriptions/{}/resourcegroups/{}/providers/microsoft.network/virtualwans/{},delete,delete,/subscriptions/{subscriptionId}/resourceGroups/{resourceGroupName}/providers/Microsoft.Network/virtualWans/{VirtualWANName},delete,https://github.com/Azure/azure-rest-api-specs/blob/bf9983dd77d8691739ffac9160ff8bb93bd74288/specification/network/resource-manager/Microsoft.Network/Network/Network/VirtualWAN.tsp#L94,microsoft.network/virtualwans|/subscriptions/{}/resourcegroups/{}/providers/microsoft.network/virtualwans/{},Microsoft.Network/virtualWans,/subscriptions/{subscriptionId}/resourceGroups/{resourceGroupName}/providers/Microsoft.Network/virtualWans/{VirtualWANName},VirtualWAN
post|/subscriptions/{}/resourcegroups/{}/providers/microsoft.network/virtualwans/{}/vpnconfiguration,download,post,/subscriptions/{subscriptionId}/resourceGroups/{resourceGroupName}/providers/Microsoft.Network/virtualWans/{virtualWANName}/vpnConfiguration,action,https://github.com/Azure/azure-rest-api-specs/blob/bf9983dd77d8691739ffac9160ff8bb93bd74288/specification/network/resource-manager/Microsoft.Network/Network/Network/VirtualWAN.tsp#L151,microsoft.network/virtualwans|/subscriptions/{}/resourcegroups/{}/providers/microsoft.network/virtualwans/{},Microsoft.Network/virtualWans,/subscriptions/{subscriptionId}/resourceGroups/{resourceGroupName}/providers/Microsoft.Network/virtualWans/{VirtualWANName},VirtualWAN
post|/subscriptions/{}/resourcegroups/{}/providers/microsoft.network/virtualwans/{}/generatevpnprofile,generatevirtualwanvpnserverconfigurationvpnprofile,post,/subscriptions/{subscriptionId}/resourceGroups/{resourceGroupName}/providers/Microsoft.Network/virtualWans/{virtualWANName}/generateVpnProfile,action,https://github.com/Azure/azure-rest-api-specs/blob/bf9983dd77d8691739ffac9160ff8bb93bd74288/specification/network/resource-manager/Microsoft.Network/Network/Network/VirtualWAN.tsp#L140,microsoft.network/virtualwans|/subscriptions/{}/resourcegroups/{}/providers/microsoft.network/virtualwans/{},Microsoft.Network/virtualWans,/subscriptions/{subscriptionId}/resourceGroups/{resourceGroupName}/providers/Microsoft.Network/virtualWans/{VirtualWANName},VirtualWAN
get|/subscriptions/{}/resourcegroups/{}/providers/microsoft.network/virtualwans/{},get,get,/subscriptions/{subscriptionId}/resourceGroups/{resourceGroupName}/providers/Microsoft.Network/virtualWans/{VirtualWANName},read,https://github.com/Azure/azure-rest-api-specs/blob/bf9983dd77d8691739ffac9160ff8bb93bd74288/specification/network/resource-manager/Microsoft.Network/Network/Network/VirtualWAN.tsp#L68,microsoft.network/virtualwans|/subscriptions/{}/resourcegroups/{}/providers/microsoft.network/virtualwans/{},Microsoft.Network/virtualWans,/subscriptions/{subscriptionId}/resourceGroups/{resourceGroupName}/providers/Microsoft.Network/virtualWans/{VirtualWANName},VirtualWAN
get|/subscriptions/{}/providers/microsoft.network/virtualwans,list,get,/subscriptions/{subscriptionId}/providers/Microsoft.Network/virtualWans,list,https://github.com/Azure/azure-rest-api-specs/blob/bf9983dd77d8691739ffac9160ff8bb93bd74288/specification/network/resource-manager/Microsoft.Network/Network/Network/VirtualWAN.tsp#L115,microsoft.network/virtualwans|/subscriptions/{}/resourcegroups/{}/providers/microsoft.network/virtualwans/{},Microsoft.Network/virtualWans,/subscriptions/{subscriptionId}/resourceGroups/{resourceGroupName}/providers/Microsoft.Network/virtualWans/{VirtualWANName},VirtualWAN
get|/subscriptions/{}/resourcegroups/{}/providers/microsoft.network/virtualwans,listByResourceGroup,get,/subscriptions/{subscriptionId}/resourceGroups/{resourceGroupName}/providers/Microsoft.Network/virtualWans,list,https://github.com/Azure/azure-rest-api-specs/blob/bf9983dd77d8691739ffac9160ff8bb93bd74288/specification/network/resource-manager/Microsoft.Network/Network/Network/VirtualWAN.tsp#L106,microsoft.network/virtualwans|/subscriptions/{}/resourcegroups/{}/providers/microsoft.network/virtualwans/{},Microsoft.Network/virtualWans,/subscriptions/{subscriptionId}/resourceGroups/{resourceGroupName}/providers/Microsoft.Network/virtualWans/{VirtualWANName},VirtualWAN
get|/subscriptions/{}/resourcegroups/{}/providers/microsoft.network/virtualwans/{}/supportedsecurityproviders,supportedSecurityProviders,get,/subscriptions/{subscriptionId}/resourceGroups/{resourceGroupName}/providers/Microsoft.Network/virtualWans/{virtualWANName}/supportedSecurityProviders,action,https://github.com/Azure/azure-rest-api-specs/blob/bf9983dd77d8691739ffac9160ff8bb93bd74288/specification/network/resource-manager/Microsoft.Network/Network/Network/VirtualWAN.tsp#L127,microsoft.network/virtualwans|/subscriptions/{}/resourcegroups/{}/providers/microsoft.network/virtualwans/{},Microsoft.Network/virtualWans,/subscriptions/{subscriptionId}/resourceGroups/{resourceGroupName}/providers/Microsoft.Network/virtualWans/{VirtualWANName},VirtualWAN
patch|/subscriptions/{}/resourcegroups/{}/providers/microsoft.network/virtualwans/{},updateTags,patch,/subscriptions/{subscriptionId}/resourceGroups/{resourceGroupName}/providers/Microsoft.Network/virtualWans/{VirtualWANName},update,https://github.com/Azure/azure-rest-api-specs/blob/bf9983dd77d8691739ffac9160ff8bb93bd74288/specification/network/resource-manager/Microsoft.Network/Network/Network/VirtualWAN.tsp#L84,microsoft.network/virtualwans|/subscriptions/{}/resourcegroups/{}/providers/microsoft.network/virtualwans/{},Microsoft.Network/virtualWans,/subscriptions/{subscriptionId}/resourceGroups/{resourceGroupName}/providers/Microsoft.Network/virtualWans/{VirtualWANName},VirtualWAN
post|/subscriptions/{}/resourcegroups/{}/providers/microsoft.network/virtualwans/{}/vpnserverconfigurations,vpnServerConfigurationsAssociatedWithVirtualWanList,post,/subscriptions/{subscriptionId}/resourceGroups/{resourceGroupName}/providers/Microsoft.Network/virtualWans/{virtualWANName}/vpnServerConfigurations,action,https://github.com/Azure/azure-rest-api-specs/blob/bf9983dd77d8691739ffac9160ff8bb93bd74288/specification/network/resource-manager/Microsoft.Network/Network/Network/VirtualWAN.tsp#L168,microsoft.network/virtualwans|/subscriptions/{}/resourcegroups/{}/providers/microsoft.network/virtualwans/{},Microsoft.Network/virtualWans,/subscriptions/{subscriptionId}/resourceGroups/{resourceGroupName}/providers/Microsoft.Network/virtualWans/{VirtualWANName},VirtualWAN
get|/subscriptions/{}/resourcegroups/{}/providers/microsoft.network/vpngateways/{}/vpnconnections/{}/vpnlinkconnections/{},get,get,/subscriptions/{subscriptionId}/resourceGroups/{resourceGroupName}/providers/Microsoft.Network/vpnGateways/{gatewayName}/vpnConnections/{connectionName}/vpnLinkConnections/{linkConnectionName},read,https://github.com/Azure/azure-rest-api-specs/blob/bf9983dd77d8691739ffac9160ff8bb93bd74288/specification/network/resource-manager/Microsoft.Network/Network/Network/VpnSiteLinkConnection.tsp#L81,microsoft.network/vpngateways/vpnconnections/vpnlinkconnections|/subscriptions/{}/resourcegroups/{}/providers/microsoft.network/vpngateways/{}/vpnconnections/{}/vpnlinkconnections/{},Microsoft.Network/vpnGateways/vpnConnections/vpnLinkConnections,/subscriptions/{subscriptionId}/resourceGroups/{resourceGroupName}/providers/Microsoft.Network/vpnGateways/{gatewayName}/vpnConnections/{connectionName}/vpnLinkConnections/{linkConnectionName},VpnConnectionsVpnLinkConnections
post|/subscriptions/{}/resourcegroups/{}/providers/microsoft.network/vpngateways/{}/vpnconnections/{}/vpnlinkconnections/{}/getikesas,getIkeSas,post,/subscriptions/{subscriptionId}/resourceGroups/{resourceGroupName}/providers/Microsoft.Network/vpnGateways/{gatewayName}/vpnConnections/{connectionName}/vpnLinkConnections/{linkConnectionName}/getikesas,action,https://github.com/Azure/azure-rest-api-specs/blob/bf9983dd77d8691739ffac9160ff8bb93bd74288/specification/network/resource-manager/Microsoft.Network/Network/Network/VpnSiteLinkConnection.tsp#L119,microsoft.network/vpngateways/vpnconnections/vpnlinkconnections|/subscriptions/{}/resourcegroups/{}/providers/microsoft.network/vpngateways/{}/vpnconnections/{}/vpnlinkconnections/{},Microsoft.Network/vpnGateways/vpnConnections/vpnLinkConnections,/subscriptions/{subscriptionId}/resourceGroups/{resourceGroupName}/providers/Microsoft.Network/vpnGateways/{gatewayName}/vpnConnections/{connectionName}/vpnLinkConnections/{linkConnectionName},VpnConnectionsVpnLinkConnections
get|/subscriptions/{}/resourcegroups/{}/providers/microsoft.network/vpngateways/{}/vpnconnections/{}/vpnlinkconnections,listByVpnConnection,get,/subscriptions/{subscriptionId}/resourceGroups/{resourceGroupName}/providers/Microsoft.Network/vpnGateways/{gatewayName}/vpnConnections/{connectionName}/vpnLinkConnections,list,https://github.com/Azure/azure-rest-api-specs/blob/bf9983dd77d8691739ffac9160ff8bb93bd74288/specification/network/resource-manager/Microsoft.Network/Network/Network/VpnSiteLinkConnection.tsp#L89,microsoft.network/vpngateways/vpnconnections/vpnlinkconnections|/subscriptions/{}/resourcegroups/{}/providers/microsoft.network/vpngateways/{}/vpnconnections/{}/vpnlinkconnections/{},Microsoft.Network/vpnGateways/vpnConnections/vpnLinkConnections,/subscriptions/{subscriptionId}/resourceGroups/{resourceGroupName}/providers/Microsoft.Network/vpnGateways/{gatewayName}/vpnConnections/{connectionName}/vpnLinkConnections/{linkConnectionName},VpnConnectionsVpnLinkConnections
post|/subscriptions/{}/resourcegroups/{}/providers/microsoft.network/vpngateways/{}/vpnconnections/{}/vpnlinkconnections/{}/resetconnection,resetConnection,post,/subscriptions/{subscriptionId}/resourceGroups/{resourceGroupName}/providers/Microsoft.Network/vpnGateways/{gatewayName}/vpnConnections/{connectionName}/vpnLinkConnections/{linkConnectionName}/resetconnection,action,https://github.com/Azure/azure-rest-api-specs/blob/bf9983dd77d8691739ffac9160ff8bb93bd74288/specification/network/resource-manager/Microsoft.Network/Network/Network/VpnSiteLinkConnection.tsp#L107,microsoft.network/vpngateways/vpnconnections/vpnlinkconnections|/subscriptions/{}/resourcegroups/{}/providers/microsoft.network/vpngateways/{}/vpnconnections/{}/vpnlinkconnections/{},Microsoft.Network/vpnGateways/vpnConnections/vpnLinkConnections,/subscriptions/{subscriptionId}/resourceGroups/{resourceGroupName}/providers/Microsoft.Network/vpnGateways/{gatewayName}/vpnConnections/{connectionName}/vpnLinkConnections/{linkConnectionName},VpnConnectionsVpnLinkConnections
put|/subscriptions/{}/resourcegroups/{}/providers/microsoft.network/vpngateways/{},createOrUpdate,put,/subscriptions/{subscriptionId}/resourceGroups/{resourceGroupName}/providers/Microsoft.Network/vpnGateways/{gatewayName},createOrUpdate,https://github.com/Azure/azure-rest-api-specs/blob/bf9983dd77d8691739ffac9160ff8bb93bd74288/specification/network/resource-manager/Microsoft.Network/Network/Network/VpnGateway.tsp#L101,microsoft.network/vpngateways|/subscriptions/{}/resourcegroups/{}/providers/microsoft.network/vpngateways/{},Microsoft.Network/vpnGateways,/subscriptions/{subscriptionId}/resourceGroups/{resourceGroupName}/providers/Microsoft.Network/vpnGateways/{gatewayName},VpnGateway
delete|/subscriptions/{}/resourcegroups/{}/providers/microsoft.network/vpngateways/{},delete,delete,/subscriptions/{subscriptionId}/resourceGroups/{resourceGroupName}/providers/Microsoft.Network/vpnGateways/{gatewayName},delete,https://github.com/Azure/azure-rest-api-specs/blob/bf9983dd77d8691739ffac9160ff8bb93bd74288/specification/network/resource-manager/Microsoft.Network/Network/Network/VpnGateway.tsp#L126,microsoft.network/vpngateways|/subscriptions/{}/resourcegroups/{}/providers/microsoft.network/vpngateways/{},Microsoft.Network/vpnGateways,/subscriptions/{subscriptionId}/resourceGroups/{resourceGroupName}/providers/Microsoft.Network/vpnGateways/{gatewayName},VpnGateway
get|/subscriptions/{}/resourcegroups/{}/providers/microsoft.network/vpngateways/{},get,get,/subscriptions/{subscriptionId}/resourceGroups/{resourceGroupName}/providers/Microsoft.Network/vpnGateways/{gatewayName},read,https://github.com/Azure/azure-rest-api-specs/blob/bf9983dd77d8691739ffac9160ff8bb93bd74288/specification/network/resource-manager/Microsoft.Network/Network/Network/VpnGateway.tsp#L95,microsoft.network/vpngateways|/subscriptions/{}/resourcegroups/{}/providers/microsoft.network/vpngateways/{},Microsoft.Network/vpnGateways,/subscriptions/{subscriptionId}/resourceGroups/{resourceGroupName}/providers/Microsoft.Network/vpnGateways/{gatewayName},VpnGateway
get|/subscriptions/{}/providers/microsoft.network/vpngateways,list,get,/subscriptions/{subscriptionId}/providers/Microsoft.Network/vpnGateways,list,https://github.com/Azure/azure-rest-api-specs/blob/bf9983dd77d8691739ffac9160ff8bb93bd74288/specification/network/resource-manager/Microsoft.Network/Network/Network/VpnGateway.tsp#L149,microsoft.network/vpngateways|/subscriptions/{}/resourcegroups/{}/providers/microsoft.network/vpngateways/{},Microsoft.Network/vpnGateways,/subscriptions/{subscriptionId}/resourceGroups/{resourceGroupName}/providers/Microsoft.Network/vpnGateways/{gatewayName},VpnGateway
get|/subscriptions/{}/resourcegroups/{}/providers/microsoft.network/vpngateways,listByResourceGroup,get,/subscriptions/{subscriptionId}/resourceGroups/{resourceGroupName}/providers/Microsoft.Network/vpnGateways,list,https://github.com/Azure/azure-rest-api-specs/blob/bf9983dd77d8691739ffac9160ff8bb93bd74288/specification/network/resource-manager/Microsoft.Network/Network/Network/VpnGateway.tsp#L139,microsoft.network/vpngateways|/subscriptions/{}/resourcegroups/{}/providers/microsoft.network/vpngateways/{},Microsoft.Network/vpnGateways,/subscriptions/{subscriptionId}/resourceGroups/{resourceGroupName}/providers/Microsoft.Network/vpnGateways/{gatewayName},VpnGateway
get|/subscriptions/{}/resourcegroups/{}/providers/microsoft.network/vpngateways/{}/vpnconnections,listByVpnGateway,get,/subscriptions/{subscriptionId}/resourceGroups/{resourceGroupName}/providers/Microsoft.Network/vpnGateways/{gatewayName}/vpnConnections,action,https://github.com/Azure/azure-rest-api-specs/blob/bf9983dd77d8691739ffac9160ff8bb93bd74288/specification/network/resource-manager/Microsoft.Network/Network/Network/VpnGateway.tsp#L304,microsoft.network/vpngateways|/subscriptions/{}/resourcegroups/{}/providers/microsoft.network/vpngateways/{},Microsoft.Network/vpnGateways,/subscriptions/{subscriptionId}/resourceGroups/{resourceGroupName}/providers/Microsoft.Network/vpnGateways/{gatewayName},VpnGateway
post|/subscriptions/{}/resourcegroups/{}/providers/microsoft.network/vpngateways/{}/reset,reset,post,/subscriptions/{subscriptionId}/resourceGroups/{resourceGroupName}/providers/Microsoft.Network/vpnGateways/{gatewayName}/reset,action,https://github.com/Azure/azure-rest-api-specs/blob/bf9983dd77d8691739ffac9160ff8bb93bd74288/specification/network/resource-manager/Microsoft.Network/Network/Network/VpnGateway.tsp#L160,microsoft.network/vpngateways|/subscriptions/{}/resourcegroups/{}/providers/microsoft.network/vpngateways/{},Microsoft.Network/vpnGateways,/subscriptions/{subscriptionId}/resourceGroups/{resourceGroupName}/providers/Microsoft.Network/vpnGateways/{gatewayName},VpnGateway
post|/subscriptions/{}/resourcegroups/{}/providers/microsoft.network/vpngateways/{}/startpacketcapture,startPacketCapture,post,/subscriptions/{subscriptionId}/resourceGroups/{resourceGroupName}/providers/Microsoft.Network/vpnGateways/{gatewayName}/startpacketcapture,action,https://github.com/Azure/azure-rest-api-specs/blob/bf9983dd77d8691739ffac9160ff8bb93bd74288/specification/network/resource-manager/Microsoft.Network/Network/Network/VpnGateway.tsp#L181,microsoft.network/vpngateways|/subscriptions/{}/resourcegroups/{}/providers/microsoft.network/vpngateways/{},Microsoft.Network/vpnGateways,/subscriptions/{subscriptionId}/resourceGroups/{resourceGroupName}/providers/Microsoft.Network/vpnGateways/{gatewayName},VpnGateway
post|/subscriptions/{}/resourcegroups/{}/providers/microsoft.network/vpngateways/{}/stoppacketcapture,stopPacketCapture,post,/subscriptions/{subscriptionId}/resourceGroups/{resourceGroupName}/providers/Microsoft.Network/vpnGateways/{gatewayName}/stoppacketcapture,action,https://github.com/Azure/azure-rest-api-specs/blob/bf9983dd77d8691739ffac9160ff8bb93bd74288/specification/network/resource-manager/Microsoft.Network/Network/Network/VpnGateway.tsp#L199,microsoft.network/vpngateways|/subscriptions/{}/resourcegroups/{}/providers/microsoft.network/vpngateways/{},Microsoft.Network/vpnGateways,/subscriptions/{subscriptionId}/resourceGroups/{resourceGroupName}/providers/Microsoft.Network/vpnGateways/{gatewayName},VpnGateway
patch|/subscriptions/{}/resourcegroups/{}/providers/microsoft.network/vpngateways/{},updateTags,patch,/subscriptions/{subscriptionId}/resourceGroups/{resourceGroupName}/providers/Microsoft.Network/vpnGateways/{gatewayName},update,https://github.com/Azure/azure-rest-api-specs/blob/bf9983dd77d8691739ffac9160ff8bb93bd74288/specification/network/resource-manager/Microsoft.Network/Network/Network/VpnGateway.tsp#L113,microsoft.network/vpngateways|/subscriptions/{}/resourcegroups/{}/providers/microsoft.network/vpngateways/{},Microsoft.Network/vpnGateways,/subscriptions/{subscriptionId}/resourceGroups/{resourceGroupName}/providers/Microsoft.Network/vpnGateways/{gatewayName},VpnGateway
put|/subscriptions/{}/resourcegroups/{}/providers/microsoft.network/vpngateways/{}/vpnconnections/{},vpnConnectionsCreateOrUpdate,put,/subscriptions/{subscriptionId}/resourceGroups/{resourceGroupName}/providers/Microsoft.Network/vpnGateways/{gatewayName}/vpnConnections/{connectionName},action,https://github.com/Azure/azure-rest-api-specs/blob/bf9983dd77d8691739ffac9160ff8bb93bd74288/specification/network/resource-manager/Microsoft.Network/Network/Network/VpnGateway.tsp#L230,microsoft.network/vpngateways|/subscriptions/{}/resourcegroups/{}/providers/microsoft.network/vpngateways/{},Microsoft.Network/vpnGateways,/subscriptions/{subscriptionId}/resourceGroups/{resourceGroupName}/providers/Microsoft.Network/vpnGateways/{gatewayName},VpnGateway
delete|/subscriptions/{}/resourcegroups/{}/providers/microsoft.network/vpngateways/{}/vpnconnections/{},vpnConnectionsDelete,delete,/subscriptions/{subscriptionId}/resourceGroups/{resourceGroupName}/providers/Microsoft.Network/vpnGateways/{gatewayName}/vpnConnections/{connectionName},action,https://github.com/Azure/azure-rest-api-specs/blob/bf9983dd77d8691739ffac9160ff8bb93bd74288/specification/network/resource-manager/Microsoft.Network/Network/Network/VpnGateway.tsp#L249,microsoft.network/vpngateways|/subscriptions/{}/resourcegroups/{}/providers/microsoft.network/vpngateways/{},Microsoft.Network/vpnGateways,/subscriptions/{subscriptionId}/resourceGroups/{resourceGroupName}/providers/Microsoft.Network/vpnGateways/{gatewayName},VpnGateway
get|/subscriptions/{}/resourcegroups/{}/providers/microsoft.network/vpngateways/{}/vpnconnections/{},vpnConnectionsGet,get,/subscriptions/{subscriptionId}/resourceGroups/{resourceGroupName}/providers/Microsoft.Network/vpnGateways/{gatewayName}/vpnConnections/{connectionName},action,https://github.com/Azure/azure-rest-api-specs/blob/bf9983dd77d8691739ffac9160ff8bb93bd74288/specification/network/resource-manager/Microsoft.Network/Network/Network/VpnGateway.tsp#L216,microsoft.network/vpngateways|/subscriptions/{}/resourcegroups/{}/providers/microsoft.network/vpngateways/{},Microsoft.Network/vpnGateways,/subscriptions/{subscriptionId}/resourceGroups/{resourceGroupName}/providers/Microsoft.Network/vpnGateways/{gatewayName},VpnGateway
post|/subscriptions/{}/resourcegroups/{}/providers/microsoft.network/vpngateways/{}/vpnconnections/{}/startpacketcapture,vpnConnectionsStartPacketCapture,post,/subscriptions/{subscriptionId}/resourceGroups/{resourceGroupName}/providers/Microsoft.Network/vpnGateways/{gatewayName}/vpnConnections/{vpnConnectionName}/startpacketcapture,action,https://github.com/Azure/azure-rest-api-specs/blob/bf9983dd77d8691739ffac9160ff8bb93bd74288/specification/network/resource-manager/Microsoft.Network/Network/Network/VpnGateway.tsp#L268,microsoft.network/vpngateways|/subscriptions/{}/resourcegroups/{}/providers/microsoft.network/vpngateways/{},Microsoft.Network/vpnGateways,/subscriptions/{subscriptionId}/resourceGroups/{resourceGroupName}/providers/Microsoft.Network/vpnGateways/{gatewayName},VpnGateway
post|/subscriptions/{}/resourcegroups/{}/providers/microsoft.network/vpngateways/{}/vpnconnections/{}/stoppacketcapture,vpnConnectionsStopPacketCapture,post,/subscriptions/{subscriptionId}/resourceGroups/{resourceGroupName}/providers/Microsoft.Network/vpnGateways/{gatewayName}/vpnConnections/{vpnConnectionName}/stoppacketcapture,action,https://github.com/Azure/azure-rest-api-specs/blob/bf9983dd77d8691739ffac9160ff8bb93bd74288/specification/network/resource-manager/Microsoft.Network/Network/Network/VpnGateway.tsp#L285,microsoft.network/vpngateways|/subscriptions/{}/resourcegroups/{}/providers/microsoft.network/vpngateways/{},Microsoft.Network/vpnGateways,/subscriptions/{subscriptionId}/resourceGroups/{resourceGroupName}/providers/Microsoft.Network/vpnGateways/{gatewayName},VpnGateway
put|/subscriptions/{}/resourcegroups/{}/providers/microsoft.network/vpngateways/{}/natrules/{},createOrUpdate,put,/subscriptions/{subscriptionId}/resourceGroups/{resourceGroupName}/providers/Microsoft.Network/vpnGateways/{gatewayName}/natRules/{natRuleName},createOrUpdate,https://github.com/Azure/azure-rest-api-specs/blob/bf9983dd77d8691739ffac9160ff8bb93bd74288/specification/network/resource-manager/Microsoft.Network/Network/Network/VpnGatewayNatRule.tsp#L58,microsoft.network/vpngateways/natrules|/subscriptions/{}/resourcegroups/{}/providers/microsoft.network/vpngateways/{}/natrules/{},Microsoft.Network/vpnGateways/natRules,/subscriptions/{subscriptionId}/resourceGroups/{resourceGroupName}/providers/Microsoft.Network/vpnGateways/{gatewayName}/natRules/{natRuleName},VpnGatewayNatRule
delete|/subscriptions/{}/resourcegroups/{}/providers/microsoft.network/vpngateways/{}/natrules/{},delete,delete,/subscriptions/{subscriptionId}/resourceGroups/{resourceGroupName}/providers/Microsoft.Network/vpnGateways/{gatewayName}/natRules/{natRuleName},delete,https://github.com/Azure/azure-rest-api-specs/blob/bf9983dd77d8691739ffac9160ff8bb93bd74288/specification/network/resource-manager/Microsoft.Network/Network/Network/VpnGatewayNatRule.tsp#L67,microsoft.network/vpngateways/natrules|/subscriptions/{}/resourcegroups/{}/providers/microsoft.network/vpngateways/{}/natrules/{},Microsoft.Network/vpnGateways/natRules,/subscriptions/{subscriptionId}/resourceGroups/{resourceGroupName}/providers/Microsoft.Network/vpnGateways/{gatewayName}/natRules/{natRuleName},VpnGatewayNatRule
get|/subscriptions/{}/resourcegroups/{}/providers/microsoft.network/vpngateways/{}/natrules/{},get,get,/subscriptions/{subscriptionId}/resourceGroups/{resourceGroupName}/providers/Microsoft.Network/vpnGateways/{gatewayName}/natRules/{natRuleName},read,https://github.com/Azure/azure-rest-api-specs/blob/bf9983dd77d8691739ffac9160ff8bb93bd74288/specification/network/resource-manager/Microsoft.Network/Network/Network/VpnGatewayNatRule.tsp#L53,microsoft.network/vpngateways/natrules|/subscriptions/{}/resourcegroups/{}/providers/microsoft.network/vpngateways/{}/natrules/{},Microsoft.Network/vpnGateways/natRules,/subscriptions/{subscriptionId}/resourceGroups/{resourceGroupName}/providers/Microsoft.Network/vpnGateways/{gatewayName}/natRules/{natRuleName},VpnGatewayNatRule
get|/subscriptions/{}/resourcegroups/{}/providers/microsoft.network/vpngateways/{}/natrules,listByVpnGateway,get,/subscriptions/{subscriptionId}/resourceGroups/{resourceGroupName}/providers/Microsoft.Network/vpnGateways/{gatewayName}/natRules,list,https://github.com/Azure/azure-rest-api-specs/blob/bf9983dd77d8691739ffac9160ff8bb93bd74288/specification/network/resource-manager/Microsoft.Network/Network/Network/VpnGatewayNatRule.tsp#L79,microsoft.network/vpngateways/natrules|/subscriptions/{}/resourcegroups/{}/providers/microsoft.network/vpngateways/{}/natrules/{},Microsoft.Network/vpnGateways/natRules,/subscriptions/{subscriptionId}/resourceGroups/{resourceGroupName}/providers/Microsoft.Network/vpnGateways/{gatewayName}/natRules/{natRuleName},VpnGatewayNatRule
get|/subscriptions/{}/resourcegroups/{}/providers/microsoft.network/vpngateways/{}/vpnconnections/{}/vpnlinkconnections/{}/sharedkeys,getAllSharedKeys,get,/subscriptions/{subscriptionId}/resourceGroups/{resourceGroupName}/providers/Microsoft.Network/vpnGateways/{gatewayName}/vpnConnections/{connectionName}/vpnLinkConnections/{linkConnectionName}/sharedKeys,list,https://github.com/Azure/azure-rest-api-specs/blob/bf9983dd77d8691739ffac9160ff8bb93bd74288/specification/network/resource-manager/Microsoft.Network/Network/Network/ConnectionSharedKeyResult.tsp#L97,microsoft.network/vpngateways/vpnconnections/vpnlinkconnections/sharedkeys|/subscriptions/{}/resourcegroups/{}/providers/microsoft.network/vpngateways/{}/vpnconnections/{}/vpnlinkconnections/{}/sharedkeys/default,Microsoft.Network/vpnGateways/vpnConnections/vpnLinkConnections/sharedKeys,/subscriptions/{subscriptionId}/resourceGroups/{resourceGroupName}/providers/Microsoft.Network/vpnGateways/{gatewayName}/vpnConnections/{connectionName}/vpnLinkConnections/{linkConnectionName}/sharedKeys/default,VpnLinkConnectionsSharedKeys
get|/subscriptions/{}/resourcegroups/{}/providers/microsoft.network/vpngateways/{}/vpnconnections/{}/vpnlinkconnections/{}/sharedkeys/default,getDefaultSharedKey,get,/subscriptions/{subscriptionId}/resourceGroups/{resourceGroupName}/providers/Microsoft.Network/vpnGateways/{gatewayName}/vpnConnections/{connectionName}/vpnLinkConnections/{linkConnectionName}/sharedKeys/default,read,https://github.com/Azure/azure-rest-api-specs/blob/bf9983dd77d8691739ffac9160ff8bb93bd74288/specification/network/resource-manager/Microsoft.Network/Network/Network/ConnectionSharedKeyResult.tsp#L81,microsoft.network/vpngateways/vpnconnections/vpnlinkconnections/sharedkeys|/subscriptions/{}/resourcegroups/{}/providers/microsoft.network/vpngateways/{}/vpnconnections/{}/vpnlinkconnections/{}/sharedkeys/default,Microsoft.Network/vpnGateways/vpnConnections/vpnLinkConnections/sharedKeys,/subscriptions/{subscriptionId}/resourceGroups/{resourceGroupName}/providers/Microsoft.Network/vpnGateways/{gatewayName}/vpnConnections/{connectionName}/vpnLinkConnections/{linkConnectionName}/sharedKeys/default,VpnLinkConnectionsSharedKeys
post|/subscriptions/{}/resourcegroups/{}/providers/microsoft.network/vpngateways/{}/vpnconnections/{}/vpnlinkconnections/{}/sharedkeys/default/listsharedkey,listDefaultSharedKey,post,/subscriptions/{subscriptionId}/resourceGroups/{resourceGroupName}/providers/Microsoft.Network/vpnGateways/{gatewayName}/vpnConnections/{connectionName}/vpnLinkConnections/{linkConnectionName}/sharedKeys/default/listSharedKey,action,https://github.com/Azure/azure-rest-api-specs/blob/bf9983dd77d8691739ffac9160ff8bb93bd74288/specification/network/resource-manager/Microsoft.Network/Network/Network/ConnectionSharedKeyResult.tsp#L107,microsoft.network/vpngateways/vpnconnections/vpnlinkconnections/sharedkeys|/subscriptions/{}/resourcegroups/{}/providers/microsoft.network/vpngateways/{}/vpnconnections/{}/vpnlinkconnections/{}/sharedkeys/default,Microsoft.Network/vpnGateways/vpnConnections/vpnLinkConnections/sharedKeys,/subscriptions/{subscriptionId}/resourceGroups/{resourceGroupName}/providers/Microsoft.Network/vpnGateways/{gatewayName}/vpnConnections/{connectionName}/vpnLinkConnections/{linkConnectionName}/sharedKeys/default,VpnLinkConnectionsSharedKeys
put|/subscriptions/{}/resourcegroups/{}/providers/microsoft.network/vpngateways/{}/vpnconnections/{}/vpnlinkconnections/{}/sharedkeys/default,setOrInitDefaultSharedKey,put,/subscriptions/{subscriptionId}/resourceGroups/{resourceGroupName}/providers/Microsoft.Network/vpnGateways/{gatewayName}/vpnConnections/{connectionName}/vpnLinkConnections/{linkConnectionName}/sharedKeys/default,createOrUpdate,https://github.com/Azure/azure-rest-api-specs/blob/bf9983dd77d8691739ffac9160ff8bb93bd74288/specification/network/resource-manager/Microsoft.Network/Network/Network/ConnectionSharedKeyResult.tsp#L89,microsoft.network/vpngateways/vpnconnections/vpnlinkconnections/sharedkeys|/subscriptions/{}/resourcegroups/{}/providers/microsoft.network/vpngateways/{}/vpnconnections/{}/vpnlinkconnections/{}/sharedkeys/default,Microsoft.Network/vpnGateways/vpnConnections/vpnLinkConnections/sharedKeys,/subscriptions/{subscriptionId}/resourceGroups/{resourceGroupName}/providers/Microsoft.Network/vpnGateways/{gatewayName}/vpnConnections/{connectionName}/vpnLinkConnections/{linkConnectionName}/sharedKeys/default,VpnLinkConnectionsSharedKeys
put|/subscriptions/{}/resourcegroups/{}/providers/microsoft.network/vpnserverconfigurations/{},createOrUpdate,put,/subscriptions/{subscriptionId}/resourceGroups/{resourceGroupName}/providers/Microsoft.Network/vpnServerConfigurations/{vpnServerConfigurationName},createOrUpdate,https://github.com/Azure/azure-rest-api-specs/blob/bf9983dd77d8691739ffac9160ff8bb93bd74288/specification/network/resource-manager/Microsoft.Network/Network/Network/VpnServerConfiguration.tsp#L53,microsoft.network/vpnserverconfigurations|/subscriptions/{}/resourcegroups/{}/providers/microsoft.network/vpnserverconfigurations/{},Microsoft.Network/vpnServerConfigurations,/subscriptions/{subscriptionId}/resourceGroups/{resourceGroupName}/providers/Microsoft.Network/vpnServerConfigurations/{vpnServerConfigurationName},VpnServerConfiguration
delete|/subscriptions/{}/resourcegroups/{}/providers/microsoft.network/vpnserverconfigurations/{},delete,delete,/subscriptions/{subscriptionId}/resourceGroups/{resourceGroupName}/providers/Microsoft.Network/vpnServerConfigurations/{vpnServerConfigurationName},delete,https://github.com/Azure/azure-rest-api-specs/blob/bf9983dd77d8691739ffac9160ff8bb93bd74288/specification/network/resource-manager/Microsoft.Network/Network/Network/VpnServerConfiguration.tsp#L74,microsoft.network/vpnserverconfigurations|/subscriptions/{}/resourcegroups/{}/providers/microsoft.network/vpnserverconfigurations/{},Microsoft.Network/vpnServerConfigurations,/subscriptions/{subscriptionId}/resourceGroups/{resourceGroupName}/providers/Microsoft.Network/vpnServerConfigurations/{vpnServerConfigurationName},VpnServerConfiguration
get|/subscriptions/{}/resourcegroups/{}/providers/microsoft.network/vpnserverconfigurations/{},get,get,/subscriptions/{subscriptionId}/resourceGroups/{resourceGroupName}/providers/Microsoft.Network/vpnServerConfigurations/{vpnServerConfigurationName},read,https://github.com/Azure/azure-rest-api-specs/blob/bf9983dd77d8691739ffac9160ff8bb93bd74288/specification/network/resource-manager/Microsoft.Network/Network/Network/VpnServerConfiguration.tsp#L48,microsoft.network/vpnserverconfigurations|/subscriptions/{}/resourcegroups/{}/providers/microsoft.network/vpnserverconfigurations/{},Microsoft.Network/vpnServerConfigurations,/subscriptions/{subscriptionId}/resourceGroups/{resourceGroupName}/providers/Microsoft.Network/vpnServerConfigurations/{vpnServerConfigurationName},VpnServerConfiguration
get|/subscriptions/{}/providers/microsoft.network/vpnserverconfigurations,list,get,/subscriptions/{subscriptionId}/providers/Microsoft.Network/vpnServerConfigurations,list,https://github.com/Azure/azure-rest-api-specs/blob/bf9983dd77d8691739ffac9160ff8bb93bd74288/specification/network/resource-manager/Microsoft.Network/Network/Network/VpnServerConfiguration.tsp#L95,microsoft.network/vpnserverconfigurations|/subscriptions/{}/resourcegroups/{}/providers/microsoft.network/vpnserverconfigurations/{},Microsoft.Network/vpnServerConfigurations,/subscriptions/{subscriptionId}/resourceGroups/{resourceGroupName}/providers/Microsoft.Network/vpnServerConfigurations/{vpnServerConfigurationName},VpnServerConfiguration
get|/subscriptions/{}/resourcegroups/{}/providers/microsoft.network/vpnserverconfigurations,listByResourceGroup,get,/subscriptions/{subscriptionId}/resourceGroups/{resourceGroupName}/providers/Microsoft.Network/vpnServerConfigurations,list,https://github.com/Azure/azure-rest-api-specs/blob/bf9983dd77d8691739ffac9160ff8bb93bd74288/specification/network/resource-manager/Microsoft.Network/Network/Network/VpnServerConfiguration.tsp#L86,microsoft.network/vpnserverconfigurations|/subscriptions/{}/resourcegroups/{}/providers/microsoft.network/vpnserverconfigurations/{},Microsoft.Network/vpnServerConfigurations,/subscriptions/{subscriptionId}/resourceGroups/{resourceGroupName}/providers/Microsoft.Network/vpnServerConfigurations/{vpnServerConfigurationName},VpnServerConfiguration
post|/subscriptions/{}/resourcegroups/{}/providers/microsoft.network/vpnserverconfigurations/{}/listradiussecrets,listRadiusSecrets,post,/subscriptions/{subscriptionId}/resourceGroups/{resourceGroupName}/providers/Microsoft.Network/vpnServerConfigurations/{vpnServerConfigurationName}/listRadiusSecrets,action,https://github.com/Azure/azure-rest-api-specs/blob/bf9983dd77d8691739ffac9160ff8bb93bd74288/specification/network/resource-manager/Microsoft.Network/Network/Network/VpnServerConfiguration.tsp#L106,microsoft.network/vpnserverconfigurations|/subscriptions/{}/resourcegroups/{}/providers/microsoft.network/vpnserverconfigurations/{},Microsoft.Network/vpnServerConfigurations,/subscriptions/{subscriptionId}/resourceGroups/{resourceGroupName}/providers/Microsoft.Network/vpnServerConfigurations/{vpnServerConfigurationName},VpnServerConfiguration
patch|/subscriptions/{}/resourcegroups/{}/providers/microsoft.network/vpnserverconfigurations/{},updateTags,patch,/subscriptions/{subscriptionId}/resourceGroups/{resourceGroupName}/providers/Microsoft.Network/vpnServerConfigurations/{vpnServerConfigurationName},update,https://github.com/Azure/azure-rest-api-specs/blob/bf9983dd77d8691739ffac9160ff8bb93bd74288/specification/network/resource-manager/Microsoft.Network/Network/Network/VpnServerConfiguration.tsp#L64,microsoft.network/vpnserverconfigurations|/subscriptions/{}/resourcegroups/{}/providers/microsoft.network/vpnserverconfigurations/{},Microsoft.Network/vpnServerConfigurations,/subscriptions/{subscriptionId}/resourceGroups/{resourceGroupName}/providers/Microsoft.Network/vpnServerConfigurations/{vpnServerConfigurationName},VpnServerConfiguration
put|/subscriptions/{}/resourcegroups/{}/providers/microsoft.network/vpnserverconfigurations/{}/configurationpolicygroups/{},createOrUpdate,put,/subscriptions/{subscriptionId}/resourceGroups/{resourceGroupName}/providers/Microsoft.Network/vpnServerConfigurations/{vpnServerConfigurationName}/configurationPolicyGroups/{configurationPolicyGroupName},createOrUpdate,https://github.com/Azure/azure-rest-api-specs/blob/bf9983dd77d8691739ffac9160ff8bb93bd74288/specification/network/resource-manager/Microsoft.Network/Network/Network/VpnServerConfigurationPolicyGroup.tsp#L58,microsoft.network/vpnserverconfigurations/configurationpolicygroups|/subscriptions/{}/resourcegroups/{}/providers/microsoft.network/vpnserverconfigurations/{}/configurationpolicygroups/{},Microsoft.Network/vpnServerConfigurations/configurationPolicyGroups,/subscriptions/{subscriptionId}/resourceGroups/{resourceGroupName}/providers/Microsoft.Network/vpnServerConfigurations/{vpnServerConfigurationName}/configurationPolicyGroups/{configurationPolicyGroupName},VpnServerConfigurationPolicyGroup
delete|/subscriptions/{}/resourcegroups/{}/providers/microsoft.network/vpnserverconfigurations/{}/configurationpolicygroups/{},delete,delete,/subscriptions/{subscriptionId}/resourceGroups/{resourceGroupName}/providers/Microsoft.Network/vpnServerConfigurations/{vpnServerConfigurationName}/configurationPolicyGroups/{configurationPolicyGroupName},delete,https://github.com/Azure/azure-rest-api-specs/blob/bf9983dd77d8691739ffac9160ff8bb93bd74288/specification/network/resource-manager/Microsoft.Network/Network/Network/VpnServerConfigurationPolicyGroup.tsp#L67,microsoft.network/vpnserverconfigurations/configurationpolicygroups|/subscriptions/{}/resourcegroups/{}/providers/microsoft.network/vpnserverconfigurations/{}/configurationpolicygroups/{},Microsoft.Network/vpnServerConfigurations/configurationPolicyGroups,/subscriptions/{subscriptionId}/resourceGroups/{resourceGroupName}/providers/Microsoft.Network/vpnServerConfigurations/{vpnServerConfigurationName}/configurationPolicyGroups/{configurationPolicyGroupName},VpnServerConfigurationPolicyGroup
get|/subscriptions/{}/resourcegroups/{}/providers/microsoft.network/vpnserverconfigurations/{}/configurationpolicygroups/{},get,get,/subscriptions/{subscriptionId}/resourceGroups/{resourceGroupName}/providers/Microsoft.Network/vpnServerConfigurations/{vpnServerConfigurationName}/configurationPolicyGroups/{configurationPolicyGroupName},read,https://github.com/Azure/azure-rest-api-specs/blob/bf9983dd77d8691739ffac9160ff8bb93bd74288/specification/network/resource-manager/Microsoft.Network/Network/Network/VpnServerConfigurationPolicyGroup.tsp#L53,microsoft.network/vpnserverconfigurations/configurationpolicygroups|/subscriptions/{}/resourcegroups/{}/providers/microsoft.network/vpnserverconfigurations/{}/configurationpolicygroups/{},Microsoft.Network/vpnServerConfigurations/configurationPolicyGroups,/subscriptions/{subscriptionId}/resourceGroups/{resourceGroupName}/providers/Microsoft.Network/vpnServerConfigurations/{vpnServerConfigurationName}/configurationPolicyGroups/{configurationPolicyGroupName},VpnServerConfigurationPolicyGroup
get|/subscriptions/{}/resourcegroups/{}/providers/microsoft.network/vpnserverconfigurations/{}/configurationpolicygroups,listByVpnServerConfiguration,get,/subscriptions/{subscriptionId}/resourceGroups/{resourceGroupName}/providers/Microsoft.Network/vpnServerConfigurations/{vpnServerConfigurationName}/configurationPolicyGroups,list,https://github.com/Azure/azure-rest-api-specs/blob/bf9983dd77d8691739ffac9160ff8bb93bd74288/specification/network/resource-manager/Microsoft.Network/Network/Network/VpnServerConfigurationPolicyGroup.tsp#L80,microsoft.network/vpnserverconfigurations/configurationpolicygroups|/subscriptions/{}/resourcegroups/{}/providers/microsoft.network/vpnserverconfigurations/{}/configurationpolicygroups/{},Microsoft.Network/vpnServerConfigurations/configurationPolicyGroups,/subscriptions/{subscriptionId}/resourceGroups/{resourceGroupName}/providers/Microsoft.Network/vpnServerConfigurations/{vpnServerConfigurationName}/configurationPolicyGroups/{configurationPolicyGroupName},VpnServerConfigurationPolicyGroup
put|/subscriptions/{}/resourcegroups/{}/providers/microsoft.network/vpnsites/{},createOrUpdate,put,/subscriptions/{subscriptionId}/resourceGroups/{resourceGroupName}/providers/Microsoft.Network/vpnSites/{vpnSiteName},createOrUpdate,https://github.com/Azure/azure-rest-api-specs/blob/bf9983dd77d8691739ffac9160ff8bb93bd74288/specification/network/resource-manager/Microsoft.Network/Network/Network/VpnSite.tsp#L53,microsoft.network/vpnsites|/subscriptions/{}/resourcegroups/{}/providers/microsoft.network/vpnsites/{},Microsoft.Network/vpnSites,/subscriptions/{subscriptionId}/resourceGroups/{resourceGroupName}/providers/Microsoft.Network/vpnSites/{vpnSiteName},VpnSite
delete|/subscriptions/{}/resourcegroups/{}/providers/microsoft.network/vpnsites/{},delete,delete,/subscriptions/{subscriptionId}/resourceGroups/{resourceGroupName}/providers/Microsoft.Network/vpnSites/{vpnSiteName},delete,https://github.com/Azure/azure-rest-api-specs/blob/bf9983dd77d8691739ffac9160ff8bb93bd74288/specification/network/resource-manager/Microsoft.Network/Network/Network/VpnSite.tsp#L73,microsoft.network/vpnsites|/subscriptions/{}/resourcegroups/{}/providers/microsoft.network/vpnsites/{},Microsoft.Network/vpnSites,/subscriptions/{subscriptionId}/resourceGroups/{resourceGroupName}/providers/Microsoft.Network/vpnSites/{vpnSiteName},VpnSite
get|/subscriptions/{}/resourcegroups/{}/providers/microsoft.network/vpnsites/{},get,get,/subscriptions/{subscriptionId}/resourceGroups/{resourceGroupName}/providers/Microsoft.Network/vpnSites/{vpnSiteName},read,https://github.com/Azure/azure-rest-api-specs/blob/bf9983dd77d8691739ffac9160ff8bb93bd74288/specification/network/resource-manager/Microsoft.Network/Network/Network/VpnSite.tsp#L48,microsoft.network/vpnsites|/subscriptions/{}/resourcegroups/{}/providers/microsoft.network/vpnsites/{},Microsoft.Network/vpnSites,/subscriptions/{subscriptionId}/resourceGroups/{resourceGroupName}/providers/Microsoft.Network/vpnSites/{vpnSiteName},VpnSite
get|/subscriptions/{}/providers/microsoft.network/vpnsites,list,get,/subscriptions/{subscriptionId}/providers/Microsoft.Network/vpnSites,list,https://github.com/Azure/azure-rest-api-specs/blob/bf9983dd77d8691739ffac9160ff8bb93bd74288/specification/network/resource-manager/Microsoft.Network/Network/Network/VpnSite.tsp#L94,microsoft.network/vpnsites|/subscriptions/{}/resourcegroups/{}/providers/microsoft.network/vpnsites/{},Microsoft.Network/vpnSites,/subscriptions/{subscriptionId}/resourceGroups/{resourceGroupName}/providers/Microsoft.Network/vpnSites/{vpnSiteName},VpnSite
get|/subscriptions/{}/resourcegroups/{}/providers/microsoft.network/vpnsites,listByResourceGroup,get,/subscriptions/{subscriptionId}/resourceGroups/{resourceGroupName}/providers/Microsoft.Network/vpnSites,list,https://github.com/Azure/azure-rest-api-specs/blob/bf9983dd77d8691739ffac9160ff8bb93bd74288/specification/network/resource-manager/Microsoft.Network/Network/Network/VpnSite.tsp#L85,microsoft.network/vpnsites|/subscriptions/{}/resourcegroups/{}/providers/microsoft.network/vpnsites/{},Microsoft.Network/vpnSites,/subscriptions/{subscriptionId}/resourceGroups/{resourceGroupName}/providers/Microsoft.Network/vpnSites/{vpnSiteName},VpnSite
patch|/subscriptions/{}/resourcegroups/{}/providers/microsoft.network/vpnsites/{},updateTags,patch,/subscriptions/{subscriptionId}/resourceGroups/{resourceGroupName}/providers/Microsoft.Network/vpnSites/{vpnSiteName},update,https://github.com/Azure/azure-rest-api-specs/blob/bf9983dd77d8691739ffac9160ff8bb93bd74288/specification/network/resource-manager/Microsoft.Network/Network/Network/VpnSite.tsp#L63,microsoft.network/vpnsites|/subscriptions/{}/resourcegroups/{}/providers/microsoft.network/vpnsites/{},Microsoft.Network/vpnSites,/subscriptions/{subscriptionId}/resourceGroups/{resourceGroupName}/providers/Microsoft.Network/vpnSites/{vpnSiteName},VpnSite
get|/subscriptions/{}/resourcegroups/{}/providers/microsoft.network/vpnsites/{}/vpnsitelinks/{},get,get,/subscriptions/{subscriptionId}/resourceGroups/{resourceGroupName}/providers/Microsoft.Network/vpnSites/{vpnSiteName}/vpnSiteLinks/{vpnSiteLinkName},read,https://github.com/Azure/azure-rest-api-specs/blob/bf9983dd77d8691739ffac9160ff8bb93bd74288/specification/network/resource-manager/Microsoft.Network/Network/Network/VpnSiteLink.tsp#L53,microsoft.network/vpnsites/vpnsitelinks|/subscriptions/{}/resourcegroups/{}/providers/microsoft.network/vpnsites/{}/vpnsitelinks/{},Microsoft.Network/vpnSites/vpnSiteLinks,/subscriptions/{subscriptionId}/resourceGroups/{resourceGroupName}/providers/Microsoft.Network/vpnSites/{vpnSiteName}/vpnSiteLinks/{vpnSiteLinkName},VpnSiteLink
get|/subscriptions/{}/resourcegroups/{}/providers/microsoft.network/vpnsites/{}/vpnsitelinks,listByVpnSite,get,/subscriptions/{subscriptionId}/resourceGroups/{resourceGroupName}/providers/Microsoft.Network/vpnSites/{vpnSiteName}/vpnSiteLinks,list,https://github.com/Azure/azure-rest-api-specs/blob/bf9983dd77d8691739ffac9160ff8bb93bd74288/specification/network/resource-manager/Microsoft.Network/Network/Network/VpnSiteLink.tsp#L58,microsoft.network/vpnsites/vpnsitelinks|/subscriptions/{}/resourcegroups/{}/providers/microsoft.network/vpnsites/{}/vpnsitelinks/{},Microsoft.Network/vpnSites/vpnSiteLinks,/subscriptions/{subscriptionId}/resourceGroups/{resourceGroupName}/providers/Microsoft.Network/vpnSites/{vpnSiteName}/vpnSiteLinks/{vpnSiteLinkName},VpnSiteLink
put|/subscriptions/{}/resourcegroups/{}/providers/microsoft.network/applicationgatewaywebapplicationfirewallpolicies/{},createOrUpdate,put,/subscriptions/{subscriptionId}/resourceGroups/{resourceGroupName}/providers/Microsoft.Network/ApplicationGatewayWebApplicationFirewallPolicies/{policyName},createOrUpdate,https://github.com/Azure/azure-rest-api-specs/blob/bf9983dd77d8691739ffac9160ff8bb93bd74288/specification/network/resource-manager/Microsoft.Network/Network/Network/WebApplicationFirewallPolicy.tsp#L53,microsoft.network/applicationgatewaywebapplicationfirewallpolicies|/subscriptions/{}/resourcegroups/{}/providers/microsoft.network/applicationgatewaywebapplicationfirewallpolicies/{},Microsoft.Network/ApplicationGatewayWebApplicationFirewallPolicies,/subscriptions/{subscriptionId}/resourceGroups/{resourceGroupName}/providers/Microsoft.Network/ApplicationGatewayWebApplicationFirewallPolicies/{policyName},WebApplicationFirewallPolicy
delete|/subscriptions/{}/resourcegroups/{}/providers/microsoft.network/applicationgatewaywebapplicationfirewallpolicies/{},delete,delete,/subscriptions/{subscriptionId}/resourceGroups/{resourceGroupName}/providers/Microsoft.Network/ApplicationGatewayWebApplicationFirewallPolicies/{policyName},delete,https://github.com/Azure/azure-rest-api-specs/blob/bf9983dd77d8691739ffac9160ff8bb93bd74288/specification/network/resource-manager/Microsoft.Network/Network/Network/WebApplicationFirewallPolicy.tsp#L62,microsoft.network/applicationgatewaywebapplicationfirewallpolicies|/subscriptions/{}/resourcegroups/{}/providers/microsoft.network/applicationgatewaywebapplicationfirewallpolicies/{},Microsoft.Network/ApplicationGatewayWebApplicationFirewallPolicies,/subscriptions/{subscriptionId}/resourceGroups/{resourceGroupName}/providers/Microsoft.Network/ApplicationGatewayWebApplicationFirewallPolicies/{policyName},WebApplicationFirewallPolicy
get|/subscriptions/{}/resourcegroups/{}/providers/microsoft.network/applicationgatewaywebapplicationfirewallpolicies/{},get,get,/subscriptions/{subscriptionId}/resourceGroups/{resourceGroupName}/providers/Microsoft.Network/ApplicationGatewayWebApplicationFirewallPolicies/{policyName},read,https://github.com/Azure/azure-rest-api-specs/blob/bf9983dd77d8691739ffac9160ff8bb93bd74288/specification/network/resource-manager/Microsoft.Network/Network/Network/WebApplicationFirewallPolicy.tsp#L48,microsoft.network/applicationgatewaywebapplicationfirewallpolicies|/subscriptions/{}/resourcegroups/{}/providers/microsoft.network/applicationgatewaywebapplicationfirewallpolicies/{},Microsoft.Network/ApplicationGatewayWebApplicationFirewallPolicies,/subscriptions/{subscriptionId}/resourceGroups/{resourceGroupName}/providers/Microsoft.Network/ApplicationGatewayWebApplicationFirewallPolicies/{policyName},WebApplicationFirewallPolicy
get|/subscriptions/{}/resourcegroups/{}/providers/microsoft.network/applicationgatewaywebapplicationfirewallpolicies,list,get,/subscriptions/{subscriptionId}/resourceGroups/{resourceGroupName}/providers/Microsoft.Network/ApplicationGatewayWebApplicationFirewallPolicies,list,https://github.com/Azure/azure-rest-api-specs/blob/bf9983dd77d8691739ffac9160ff8bb93bd74288/specification/network/resource-manager/Microsoft.Network/Network/Network/WebApplicationFirewallPolicy.tsp#L74,microsoft.network/applicationgatewaywebapplicationfirewallpolicies|/subscriptions/{}/resourcegroups/{}/providers/microsoft.network/applicationgatewaywebapplicationfirewallpolicies/{},Microsoft.Network/ApplicationGatewayWebApplicationFirewallPolicies,/subscriptions/{subscriptionId}/resourceGroups/{resourceGroupName}/providers/Microsoft.Network/ApplicationGatewayWebApplicationFirewallPolicies/{policyName},WebApplicationFirewallPolicy
get|/subscriptions/{}/providers/microsoft.network/applicationgatewaywebapplicationfirewallpolicies,listAll,get,/subscriptions/{subscriptionId}/providers/Microsoft.Network/ApplicationGatewayWebApplicationFirewallPolicies,list,https://github.com/Azure/azure-rest-api-specs/blob/bf9983dd77d8691739ffac9160ff8bb93bd74288/specification/network/resource-manager/Microsoft.Network/Network/Network/WebApplicationFirewallPolicy.tsp#L83,microsoft.network/applicationgatewaywebapplicationfirewallpolicies|/subscriptions/{}/resourcegroups/{}/providers/microsoft.network/applicationgatewaywebapplicationfirewallpolicies/{},Microsoft.Network/ApplicationGatewayWebApplicationFirewallPolicies,/subscriptions/{subscriptionId}/resourceGroups/{resourceGroupName}/providers/Microsoft.Network/ApplicationGatewayWebApplicationFirewallPolicies/{policyName},WebApplicationFirewallPolicy
