resourceKey,resourceType,resourceInstancePath,resourceName,resourceDefinition,bicepResource,readOperation,createOrUpdateOperation
microsoft.network/applicationsecuritygroups/addressprefixsets|/subscriptions/{}/resourcegroups/{}/providers/microsoft.network/applicationsecuritygroups/{}/addressprefixsets/{},Microsoft.Network/applicationSecurityGroups/addressPrefixSets,/subscriptions/{subscriptionId}/resourceGroups/{resourceGroupName}/providers/Microsoft.Network/applicationSecurityGroups/{applicationSecurityGroupName}/addressPrefixSets/{addressPrefixSetName},AddressPrefixSet,https://github.com/Azure/azure-rest-api-specs/blob/bf9983dd77d8691739ffac9160ff8bb93bd74288/specification/network/resource-manager/Microsoft.Network/Network/Network/AddressPrefixSet.tsp#L28,true,https://github.com/Azure/azure-rest-api-specs/blob/bf9983dd77d8691739ffac9160ff8bb93bd74288/specification/network/resource-manager/Microsoft.Network/Network/Network/AddressPrefixSet.tsp#L66,https://github.com/Azure/azure-rest-api-specs/blob/bf9983dd77d8691739ffac9160ff8bb93bd74288/specification/network/resource-manager/Microsoft.Network/Network/Network/AddressPrefixSet.tsp#L72
microsoft.network/networkmanagers/securityadminconfigurations/rulecollections|/subscriptions/{}/resourcegroups/{}/providers/microsoft.network/networkmanagers/{}/securityadminconfigurations/{}/rulecollections/{},Microsoft.Network/networkManagers/securityAdminConfigurations/ruleCollections,/subscriptions/{subscriptionId}/resourceGroups/{resourceGroupName}/providers/Microsoft.Network/networkManagers/{networkManagerName}/securityAdminConfigurations/{configurationName}/ruleCollections/{ruleCollectionName},AdminRuleCollection,https://github.com/Azure/azure-rest-api-specs/blob/bf9983dd77d8691739ffac9160ff8bb93bd74288/specification/network/resource-manager/Microsoft.Network/Network/Network/AdminRuleCollection.tsp#L26,true,https://github.com/Azure/azure-rest-api-specs/blob/bf9983dd77d8691739ffac9160ff8bb93bd74288/specification/network/resource-manager/Microsoft.Network/Network/Network/AdminRuleCollection.tsp#L49,https://github.com/Azure/azure-rest-api-specs/blob/bf9983dd77d8691739ffac9160ff8bb93bd74288/specification/network/resource-manager/Microsoft.Network/Network/Network/AdminRuleCollection.tsp#L54
microsoft.network/applicationgateways|/subscriptions/{}/resourcegroups/{}/providers/microsoft.network/applicationgateways/{},Microsoft.Network/applicationGateways,/subscriptions/{subscriptionId}/resourceGroups/{resourceGroupName}/providers/Microsoft.Network/applicationGateways/{applicationGatewayName},ApplicationGateway,https://github.com/Azure/azure-rest-api-specs/blob/bf9983dd77d8691739ffac9160ff8bb93bd74288/specification/network/resource-manager/Microsoft.Network/Network/Network/ApplicationGateway.tsp#L25,true,https://github.com/Azure/azure-rest-api-specs/blob/bf9983dd77d8691739ffac9160ff8bb93bd74288/specification/network/resource-manager/Microsoft.Network/Network/Network/ApplicationGateway.tsp#L58,https://github.com/Azure/azure-rest-api-specs/blob/bf9983dd77d8691739ffac9160ff8bb93bd74288/specification/network/resource-manager/Microsoft.Network/Network/Network/ApplicationGateway.tsp#L64
microsoft.network/applicationgatewayavailablessloptions|/subscriptions/{}/providers/microsoft.network/applicationgatewayavailablessloptions/default,Microsoft.Network/applicationGatewayAvailableSslOptions,/subscriptions/{subscriptionId}/providers/Microsoft.Network/applicationGatewayAvailableSslOptions/default,ApplicationGatewayAvailableSslOptions,https://github.com/Azure/azure-rest-api-specs/blob/bf9983dd77d8691739ffac9160ff8bb93bd74288/specification/network/resource-manager/Microsoft.Network/Network/Network/ApplicationGatewayAvailableSslOptions.tsp#L26,false,https://github.com/Azure/azure-rest-api-specs/blob/bf9983dd77d8691739ffac9160ff8bb93bd74288/specification/network/resource-manager/Microsoft.Network/Network/Network/ApplicationGatewayAvailableSslOptions.tsp#L63,
microsoft.network/applicationgateways/privateendpointconnections|/subscriptions/{}/resourcegroups/{}/providers/microsoft.network/applicationgateways/{}/privateendpointconnections/{},Microsoft.Network/applicationGateways/privateEndpointConnections,/subscriptions/{subscriptionId}/resourceGroups/{resourceGroupName}/providers/Microsoft.Network/applicationGateways/{applicationGatewayName}/privateEndpointConnections/{connectionName},ApplicationGatewayPrivateEndpointConnection,https://github.com/Azure/azure-rest-api-specs/blob/bf9983dd77d8691739ffac9160ff8bb93bd74288/specification/network/resource-manager/Microsoft.Network/Network/Network/ApplicationGatewayPrivateEndpointConnection.tsp#L26,true,https://github.com/Azure/azure-rest-api-specs/blob/bf9983dd77d8691739ffac9160ff8bb93bd74288/specification/network/resource-manager/Microsoft.Network/Network/Network/ApplicationGatewayPrivateEndpointConnection.tsp#L48,https://github.com/Azure/azure-rest-api-specs/blob/bf9983dd77d8691739ffac9160ff8bb93bd74288/specification/network/resource-manager/Microsoft.Network/Network/Network/ApplicationGatewayPrivateEndpointConnection.tsp#L58
microsoft.network/applicationsecuritygroups|/subscriptions/{}/resourcegroups/{}/providers/microsoft.network/applicationsecuritygroups/{},Microsoft.Network/applicationSecurityGroups,/subscriptions/{subscriptionId}/resourceGroups/{resourceGroupName}/providers/Microsoft.Network/applicationSecurityGroups/{applicationSecurityGroupName},ApplicationSecurityGroup,https://github.com/Azure/azure-rest-api-specs/blob/bf9983dd77d8691739ffac9160ff8bb93bd74288/specification/network/resource-manager/Microsoft.Network/Network/Network/AddressPrefixSet.tsp#L28,false,,
microsoft.network/authenticationpolicies|/subscriptions/{}/resourcegroups/{}/providers/microsoft.network/authenticationpolicies/{},Microsoft.Network/authenticationPolicies,/subscriptions/{subscriptionId}/resourceGroups/{resourceGroupName}/providers/Microsoft.Network/authenticationPolicies/{authenticationPolicyName},AuthenticationPolicy,https://github.com/Azure/azure-rest-api-specs/blob/bf9983dd77d8691739ffac9160ff8bb93bd74288/specification/network/resource-manager/Microsoft.Network/Network/Network/AuthenticationPolicy.tsp#L29,true,https://github.com/Azure/azure-rest-api-specs/blob/bf9983dd77d8691739ffac9160ff8bb93bd74288/specification/network/resource-manager/Microsoft.Network/Network/Network/AuthenticationPolicy.tsp#L189,https://github.com/Azure/azure-rest-api-specs/blob/bf9983dd77d8691739ffac9160ff8bb93bd74288/specification/network/resource-manager/Microsoft.Network/Network/Network/AuthenticationPolicy.tsp#L195
microsoft.network/azurefirewalls|/subscriptions/{}/resourcegroups/{}/providers/microsoft.network/azurefirewalls/{},Microsoft.Network/azureFirewalls,/subscriptions/{subscriptionId}/resourceGroups/{resourceGroupName}/providers/Microsoft.Network/azureFirewalls/{azureFirewallName},AzureFirewall,https://github.com/Azure/azure-rest-api-specs/blob/bf9983dd77d8691739ffac9160ff8bb93bd74288/specification/network/resource-manager/Microsoft.Network/Network/Network/AzureFirewall.tsp#L26,true,https://github.com/Azure/azure-rest-api-specs/blob/bf9983dd77d8691739ffac9160ff8bb93bd74288/specification/network/resource-manager/Microsoft.Network/Network/Network/AzureFirewall.tsp#L59,https://github.com/Azure/azure-rest-api-specs/blob/bf9983dd77d8691739ffac9160ff8bb93bd74288/specification/network/resource-manager/Microsoft.Network/Network/Network/AzureFirewall.tsp#L65
microsoft.network/azurewebcategories|/subscriptions/{}/providers/microsoft.network/azurewebcategories/{},Microsoft.Network/azureWebCategories,/subscriptions/{subscriptionId}/providers/Microsoft.Network/azureWebCategories/{name},AzureWebCategory,https://github.com/Azure/azure-rest-api-specs/blob/bf9983dd77d8691739ffac9160ff8bb93bd74288/specification/network/resource-manager/Microsoft.Network/Network/Network/AzureWebCategory.tsp#L25,false,https://github.com/Azure/azure-rest-api-specs/blob/bf9983dd77d8691739ffac9160ff8bb93bd74288/specification/network/resource-manager/Microsoft.Network/Network/Network/AzureWebCategory.tsp#L49,
microsoft.network/networkmanagers/securityadminconfigurations/rulecollections/rules|/subscriptions/{}/resourcegroups/{}/providers/microsoft.network/networkmanagers/{}/securityadminconfigurations/{}/rulecollections/{}/rules/{},Microsoft.Network/networkManagers/securityAdminConfigurations/ruleCollections/rules,/subscriptions/{subscriptionId}/resourceGroups/{resourceGroupName}/providers/Microsoft.Network/networkManagers/{networkManagerName}/securityAdminConfigurations/{configurationName}/ruleCollections/{ruleCollectionName}/rules/{ruleName},BaseAdminRule,https://github.com/Azure/azure-rest-api-specs/blob/bf9983dd77d8691739ffac9160ff8bb93bd74288/specification/network/resource-manager/Microsoft.Network/Network/Network/BaseAdminRule.tsp#L29,true,https://github.com/Azure/azure-rest-api-specs/blob/bf9983dd77d8691739ffac9160ff8bb93bd74288/specification/network/resource-manager/Microsoft.Network/Network/Network/BaseAdminRule.tsp#L57,https://github.com/Azure/azure-rest-api-specs/blob/bf9983dd77d8691739ffac9160ff8bb93bd74288/specification/network/resource-manager/Microsoft.Network/Network/Network/BaseAdminRule.tsp#L63
microsoft.network/bastionhosts|/subscriptions/{}/resourcegroups/{}/providers/microsoft.network/bastionhosts/{},Microsoft.Network/bastionHosts,/subscriptions/{subscriptionId}/resourceGroups/{resourceGroupName}/providers/Microsoft.Network/bastionHosts/{bastionHostName},BastionHost,https://github.com/Azure/azure-rest-api-specs/blob/bf9983dd77d8691739ffac9160ff8bb93bd74288/specification/network/resource-manager/Microsoft.Network/Network/Network/BastionHost.tsp#L26,true,https://github.com/Azure/azure-rest-api-specs/blob/bf9983dd77d8691739ffac9160ff8bb93bd74288/specification/network/resource-manager/Microsoft.Network/Network/Network/BastionHost.tsp#L64,https://github.com/Azure/azure-rest-api-specs/blob/bf9983dd77d8691739ffac9160ff8bb93bd74288/specification/network/resource-manager/Microsoft.Network/Network/Network/BastionHost.tsp#L69
microsoft.network/virtualhubs/bgpconnections|/subscriptions/{}/resourcegroups/{}/providers/microsoft.network/virtualhubs/{}/bgpconnections/{},Microsoft.Network/virtualHubs/bgpConnections,/subscriptions/{subscriptionId}/resourceGroups/{resourceGroupName}/providers/Microsoft.Network/virtualHubs/{virtualHubName}/bgpConnections/{connectionName},BgpConnection,https://github.com/Azure/azure-rest-api-specs/blob/bf9983dd77d8691739ffac9160ff8bb93bd74288/specification/network/resource-manager/Microsoft.Network/Network/Network/BgpConnection.tsp#L26,true,https://github.com/Azure/azure-rest-api-specs/blob/bf9983dd77d8691739ffac9160ff8bb93bd74288/specification/network/resource-manager/Microsoft.Network/Network/Network/BgpConnection.tsp#L72,https://github.com/Azure/azure-rest-api-specs/blob/bf9983dd77d8691739ffac9160ff8bb93bd74288/specification/network/resource-manager/Microsoft.Network/Network/Network/BgpConnection.tsp#L77
microsoft.compute/cloudservices|/subscriptions/{}/resourcegroups/{}/providers/microsoft.compute/cloudservices/{},microsoft.Compute/cloudServices,/subscriptions/{subscriptionId}/resourceGroups/{groupName}/providers/microsoft.Compute/cloudServices/{resourceName},CloudService,https://github.com/Azure/azure-rest-api-specs/blob/bf9983dd77d8691739ffac9160ff8bb93bd74288/specification/network/resource-manager/Microsoft.Network/Network/Network/SwapResource.tsp#L24,false,,
microsoft.network/cloudserviceslots|/subscriptions/{}/resourcegroups/{}/providers/microsoft.compute/cloudservices/{}/providers/microsoft.network/cloudserviceslots/{},Microsoft.Network/cloudServiceSlots,/subscriptions/{subscriptionId}/resourceGroups/{groupName}/providers/microsoft.Compute/cloudServices/{resourceName}/providers/Microsoft.Network/cloudServiceSlots/{singletonResource},CloudServicesCloudServiceSlots,https://github.com/Azure/azure-rest-api-specs/blob/bf9983dd77d8691739ffac9160ff8bb93bd74288/specification/network/resource-manager/Microsoft.Network/Network/Network/SwapResource.tsp#L24,true,https://github.com/Azure/azure-rest-api-specs/blob/bf9983dd77d8691739ffac9160ff8bb93bd74288/specification/network/resource-manager/Microsoft.Network/Network/Network/SwapResource.tsp#L121,https://github.com/Azure/azure-rest-api-specs/blob/bf9983dd77d8691739ffac9160ff8bb93bd74288/specification/network/resource-manager/Microsoft.Network/Network/Network/SwapResource.tsp#L129
microsoft.network/networkmanagers/commits|/subscriptions/{}/resourcegroups/{}/providers/microsoft.network/networkmanagers/{}/commits/{},Microsoft.Network/networkManagers/commits,/subscriptions/{subscriptionId}/resourceGroups/{resourceGroupName}/providers/Microsoft.Network/networkManagers/{networkManagerName}/commits/{commitName},Commit,https://github.com/Azure/azure-rest-api-specs/blob/bf9983dd77d8691739ffac9160ff8bb93bd74288/specification/network/resource-manager/Microsoft.Network/Network/Network/Commit.tsp#L30,true,https://github.com/Azure/azure-rest-api-specs/blob/bf9983dd77d8691739ffac9160ff8bb93bd74288/specification/network/resource-manager/Microsoft.Network/Network/Network/Commit.tsp#L111,https://github.com/Azure/azure-rest-api-specs/blob/bf9983dd77d8691739ffac9160ff8bb93bd74288/specification/network/resource-manager/Microsoft.Network/Network/Network/Commit.tsp#L116
microsoft.network/networkwatchers/connectionmonitors|/subscriptions/{}/resourcegroups/{}/providers/microsoft.network/networkwatchers/{}/connectionmonitors/{},Microsoft.Network/networkWatchers/connectionMonitors,/subscriptions/{subscriptionId}/resourceGroups/{resourceGroupName}/providers/Microsoft.Network/networkWatchers/{networkWatcherName}/connectionMonitors/{connectionMonitorName},ConnectionMonitorResult,https://github.com/Azure/azure-rest-api-specs/blob/bf9983dd77d8691739ffac9160ff8bb93bd74288/specification/network/resource-manager/Microsoft.Network/Network/Network/ConnectionMonitorResult.tsp#L26,true,https://github.com/Azure/azure-rest-api-specs/blob/bf9983dd77d8691739ffac9160ff8bb93bd74288/specification/network/resource-manager/Microsoft.Network/Network/Network/ConnectionMonitorResult.tsp#L50,https://github.com/Azure/azure-rest-api-specs/blob/bf9983dd77d8691739ffac9160ff8bb93bd74288/specification/network/resource-manager/Microsoft.Network/Network/Network/ConnectionMonitorResult.tsp#L56
microsoft.network/virtualhubs/connectionpolicies|/subscriptions/{}/resourcegroups/{}/providers/microsoft.network/virtualhubs/{}/connectionpolicies/{},Microsoft.Network/virtualHubs/connectionPolicies,/subscriptions/{subscriptionId}/resourceGroups/{resourceGroupName}/providers/Microsoft.Network/virtualHubs/{virtualHubName}/connectionPolicies/{connectionPolicyName},ConnectionPolicy,https://github.com/Azure/azure-rest-api-specs/blob/bf9983dd77d8691739ffac9160ff8bb93bd74288/specification/network/resource-manager/Microsoft.Network/Network/Network/ConnectionPolicy.tsp#L29,true,https://github.com/Azure/azure-rest-api-specs/blob/bf9983dd77d8691739ffac9160ff8bb93bd74288/specification/network/resource-manager/Microsoft.Network/Network/Network/ConnectionPolicy.tsp#L54,https://github.com/Azure/azure-rest-api-specs/blob/bf9983dd77d8691739ffac9160ff8bb93bd74288/specification/network/resource-manager/Microsoft.Network/Network/Network/ConnectionPolicy.tsp#L59
microsoft.network/networkmanagers/connectivityconfigurations|/subscriptions/{}/resourcegroups/{}/providers/microsoft.network/networkmanagers/{}/connectivityconfigurations/{},Microsoft.Network/networkManagers/connectivityConfigurations,/subscriptions/{subscriptionId}/resourceGroups/{resourceGroupName}/providers/Microsoft.Network/networkManagers/{networkManagerName}/connectivityConfigurations/{configurationName},ConnectivityConfiguration,https://github.com/Azure/azure-rest-api-specs/blob/bf9983dd77d8691739ffac9160ff8bb93bd74288/specification/network/resource-manager/Microsoft.Network/Network/Network/ConnectivityConfiguration.tsp#L26,true,https://github.com/Azure/azure-rest-api-specs/blob/bf9983dd77d8691739ffac9160ff8bb93bd74288/specification/network/resource-manager/Microsoft.Network/Network/Network/ConnectivityConfiguration.tsp#L49,https://github.com/Azure/azure-rest-api-specs/blob/bf9983dd77d8691739ffac9160ff8bb93bd74288/specification/network/resource-manager/Microsoft.Network/Network/Network/ConnectivityConfiguration.tsp#L54
microsoft.network/customipprefixes|/subscriptions/{}/resourcegroups/{}/providers/microsoft.network/customipprefixes/{},Microsoft.Network/customIpPrefixes,/subscriptions/{subscriptionId}/resourceGroups/{resourceGroupName}/providers/Microsoft.Network/customIpPrefixes/{customIpPrefixName},CustomIpPrefix,https://github.com/Azure/azure-rest-api-specs/blob/bf9983dd77d8691739ffac9160ff8bb93bd74288/specification/network/resource-manager/Microsoft.Network/Network/Network/CustomIpPrefix.tsp#L24,true,https://github.com/Azure/azure-rest-api-specs/blob/bf9983dd77d8691739ffac9160ff8bb93bd74288/specification/network/resource-manager/Microsoft.Network/Network/Network/CustomIpPrefix.tsp#L57,https://github.com/Azure/azure-rest-api-specs/blob/bf9983dd77d8691739ffac9160ff8bb93bd74288/specification/network/resource-manager/Microsoft.Network/Network/Network/CustomIpPrefix.tsp#L72
microsoft.network/ddoscustompolicies|/subscriptions/{}/resourcegroups/{}/providers/microsoft.network/ddoscustompolicies/{},Microsoft.Network/ddosCustomPolicies,/subscriptions/{subscriptionId}/resourceGroups/{resourceGroupName}/providers/Microsoft.Network/ddosCustomPolicies/{ddosCustomPolicyName},DdosCustomPolicy,https://github.com/Azure/azure-rest-api-specs/blob/bf9983dd77d8691739ffac9160ff8bb93bd74288/specification/network/resource-manager/Microsoft.Network/Network/Network/DdosCustomPolicy.tsp#L26,true,https://github.com/Azure/azure-rest-api-specs/blob/bf9983dd77d8691739ffac9160ff8bb93bd74288/specification/network/resource-manager/Microsoft.Network/Network/Network/DdosCustomPolicy.tsp#L49,https://github.com/Azure/azure-rest-api-specs/blob/bf9983dd77d8691739ffac9160ff8bb93bd74288/specification/network/resource-manager/Microsoft.Network/Network/Network/DdosCustomPolicy.tsp#L55
microsoft.network/ddosprotectionplans|/subscriptions/{}/resourcegroups/{}/providers/microsoft.network/ddosprotectionplans/{},Microsoft.Network/ddosProtectionPlans,/subscriptions/{subscriptionId}/resourceGroups/{resourceGroupName}/providers/Microsoft.Network/ddosProtectionPlans/{ddosProtectionPlanName},DdosProtectionPlan,https://github.com/Azure/azure-rest-api-specs/blob/bf9983dd77d8691739ffac9160ff8bb93bd74288/specification/network/resource-manager/Microsoft.Network/Network/Network/DdosProtectionPlan.tsp#L24,true,https://github.com/Azure/azure-rest-api-specs/blob/bf9983dd77d8691739ffac9160ff8bb93bd74288/specification/network/resource-manager/Microsoft.Network/Network/Network/DdosProtectionPlan.tsp#L48,https://github.com/Azure/azure-rest-api-specs/blob/bf9983dd77d8691739ffac9160ff8bb93bd74288/specification/network/resource-manager/Microsoft.Network/Network/Network/DdosProtectionPlan.tsp#L53
microsoft.network/dscpconfigurations|/subscriptions/{}/resourcegroups/{}/providers/microsoft.network/dscpconfigurations/{},Microsoft.Network/dscpConfigurations,/subscriptions/{subscriptionId}/resourceGroups/{resourceGroupName}/providers/Microsoft.Network/dscpConfigurations/{dscpConfigurationName},DscpConfiguration,https://github.com/Azure/azure-rest-api-specs/blob/bf9983dd77d8691739ffac9160ff8bb93bd74288/specification/network/resource-manager/Microsoft.Network/Network/Network/DscpConfiguration.tsp#L24,true,https://github.com/Azure/azure-rest-api-specs/blob/bf9983dd77d8691739ffac9160ff8bb93bd74288/specification/network/resource-manager/Microsoft.Network/Network/Network/DscpConfiguration.tsp#L47,https://github.com/Azure/azure-rest-api-specs/blob/bf9983dd77d8691739ffac9160ff8bb93bd74288/specification/network/resource-manager/Microsoft.Network/Network/Network/DscpConfiguration.tsp#L53
microsoft.network/expressroutecircuits|/subscriptions/{}/resourcegroups/{}/providers/microsoft.network/expressroutecircuits/{},Microsoft.Network/expressRouteCircuits,/subscriptions/{subscriptionId}/resourceGroups/{resourceGroupName}/providers/Microsoft.Network/expressRouteCircuits/{circuitName},ExpressRouteCircuit,https://github.com/Azure/azure-rest-api-specs/blob/bf9983dd77d8691739ffac9160ff8bb93bd74288/specification/network/resource-manager/Microsoft.Network/Network/Network/ExpressRouteCircuit.tsp#L26,true,https://github.com/Azure/azure-rest-api-specs/blob/bf9983dd77d8691739ffac9160ff8bb93bd74288/specification/network/resource-manager/Microsoft.Network/Network/Network/ExpressRouteCircuit.tsp#L56,https://github.com/Azure/azure-rest-api-specs/blob/bf9983dd77d8691739ffac9160ff8bb93bd74288/specification/network/resource-manager/Microsoft.Network/Network/Network/ExpressRouteCircuit.tsp#L62
microsoft.network/expressroutecircuits/authorizations|/subscriptions/{}/resourcegroups/{}/providers/microsoft.network/expressroutecircuits/{}/authorizations/{},Microsoft.Network/expressRouteCircuits/authorizations,/subscriptions/{subscriptionId}/resourceGroups/{resourceGroupName}/providers/Microsoft.Network/expressRouteCircuits/{circuitName}/authorizations/{authorizationName},ExpressRouteCircuitAuthorization,https://github.com/Azure/azure-rest-api-specs/blob/bf9983dd77d8691739ffac9160ff8bb93bd74288/specification/network/resource-manager/Microsoft.Network/Network/Network/ExpressRouteCircuitAuthorization.tsp#L27,true,https://github.com/Azure/azure-rest-api-specs/blob/bf9983dd77d8691739ffac9160ff8bb93bd74288/specification/network/resource-manager/Microsoft.Network/Network/Network/ExpressRouteCircuitAuthorization.tsp#L49,https://github.com/Azure/azure-rest-api-specs/blob/bf9983dd77d8691739ffac9160ff8bb93bd74288/specification/network/resource-manager/Microsoft.Network/Network/Network/ExpressRouteCircuitAuthorization.tsp#L54
microsoft.network/expressroutecircuits/peerings/connections|/subscriptions/{}/resourcegroups/{}/providers/microsoft.network/expressroutecircuits/{}/peerings/{}/connections/{},Microsoft.Network/expressRouteCircuits/peerings/connections,/subscriptions/{subscriptionId}/resourceGroups/{resourceGroupName}/providers/Microsoft.Network/expressRouteCircuits/{circuitName}/peerings/{peeringName}/connections/{connectionName},ExpressRouteCircuitConnection,https://github.com/Azure/azure-rest-api-specs/blob/bf9983dd77d8691739ffac9160ff8bb93bd74288/specification/network/resource-manager/Microsoft.Network/Network/Network/ExpressRouteCircuitConnection.tsp#L26,true,https://github.com/Azure/azure-rest-api-specs/blob/bf9983dd77d8691739ffac9160ff8bb93bd74288/specification/network/resource-manager/Microsoft.Network/Network/Network/ExpressRouteCircuitConnection.tsp#L51,https://github.com/Azure/azure-rest-api-specs/blob/bf9983dd77d8691739ffac9160ff8bb93bd74288/specification/network/resource-manager/Microsoft.Network/Network/Network/ExpressRouteCircuitConnection.tsp#L56
microsoft.network/expressroutecircuits/peerings|/subscriptions/{}/resourcegroups/{}/providers/microsoft.network/expressroutecircuits/{}/peerings/{},Microsoft.Network/expressRouteCircuits/peerings,/subscriptions/{subscriptionId}/resourceGroups/{resourceGroupName}/providers/Microsoft.Network/expressRouteCircuits/{circuitName}/peerings/{peeringName},ExpressRouteCircuitPeering,https://github.com/Azure/azure-rest-api-specs/blob/bf9983dd77d8691739ffac9160ff8bb93bd74288/specification/network/resource-manager/Microsoft.Network/Network/Network/ExpressRouteCircuitPeering.tsp#L26,true,https://github.com/Azure/azure-rest-api-specs/blob/bf9983dd77d8691739ffac9160ff8bb93bd74288/specification/network/resource-manager/Microsoft.Network/Network/Network/ExpressRouteCircuitPeering.tsp#L140,https://github.com/Azure/azure-rest-api-specs/blob/bf9983dd77d8691739ffac9160ff8bb93bd74288/specification/network/resource-manager/Microsoft.Network/Network/Network/ExpressRouteCircuitPeering.tsp#L147
microsoft.network/expressroutecrossconnections/peerings/arptables|/subscriptions/{}/resourcegroups/{}/providers/microsoft.network/expressroutecrossconnections/{}/peerings/{}/arptables/{},Microsoft.Network/expressRouteCrossConnections/peerings/arpTables,/subscriptions/{subscriptionId}/resourceGroups/{resourceGroupName}/providers/Microsoft.Network/expressRouteCrossConnections/{crossConnectionName}/peerings/{peeringName}/arpTables/{devicePath},ExpressRouteCrossConnection,https://github.com/Azure/azure-rest-api-specs/blob/bf9983dd77d8691739ffac9160ff8bb93bd74288/specification/network/resource-manager/Microsoft.Network/Network/Network/ExpressRouteCrossConnection.tsp#L26,false,https://github.com/Azure/azure-rest-api-specs/blob/bf9983dd77d8691739ffac9160ff8bb93bd74288/specification/network/resource-manager/Microsoft.Network/Network/Network/ExpressRouteCrossConnection.tsp#L135,
microsoft.network/expressroutecrossconnections/peerings/routetables|/subscriptions/{}/resourcegroups/{}/providers/microsoft.network/expressroutecrossconnections/{}/peerings/{}/routetables/{},Microsoft.Network/expressRouteCrossConnections/peerings/routeTables,/subscriptions/{subscriptionId}/resourceGroups/{resourceGroupName}/providers/Microsoft.Network/expressRouteCrossConnections/{crossConnectionName}/peerings/{peeringName}/routeTables/{devicePath},ExpressRouteCrossConnection,https://github.com/Azure/azure-rest-api-specs/blob/bf9983dd77d8691739ffac9160ff8bb93bd74288/specification/network/resource-manager/Microsoft.Network/Network/Network/ExpressRouteCrossConnection.tsp#L26,false,https://github.com/Azure/azure-rest-api-specs/blob/bf9983dd77d8691739ffac9160ff8bb93bd74288/specification/network/resource-manager/Microsoft.Network/Network/Network/ExpressRouteCrossConnection.tsp#L195,
microsoft.network/expressroutecrossconnections/peerings/routetablessummary|/subscriptions/{}/resourcegroups/{}/providers/microsoft.network/expressroutecrossconnections/{}/peerings/{}/routetablessummary/{},Microsoft.Network/expressRouteCrossConnections/peerings/routeTablesSummary,/subscriptions/{subscriptionId}/resourceGroups/{resourceGroupName}/providers/Microsoft.Network/expressRouteCrossConnections/{crossConnectionName}/peerings/{peeringName}/routeTablesSummary/{devicePath},ExpressRouteCrossConnection,https://github.com/Azure/azure-rest-api-specs/blob/bf9983dd77d8691739ffac9160ff8bb93bd74288/specification/network/resource-manager/Microsoft.Network/Network/Network/ExpressRouteCrossConnection.tsp#L26,false,https://github.com/Azure/azure-rest-api-specs/blob/bf9983dd77d8691739ffac9160ff8bb93bd74288/specification/network/resource-manager/Microsoft.Network/Network/Network/ExpressRouteCrossConnection.tsp#L165,
microsoft.network/expressroutecrossconnections|/subscriptions/{}/resourcegroups/{}/providers/microsoft.network/expressroutecrossconnections/{},Microsoft.Network/expressRouteCrossConnections,/subscriptions/{subscriptionId}/resourceGroups/{resourceGroupName}/providers/Microsoft.Network/expressRouteCrossConnections/{crossConnectionName},ExpressRouteCrossConnection,https://github.com/Azure/azure-rest-api-specs/blob/bf9983dd77d8691739ffac9160ff8bb93bd74288/specification/network/resource-manager/Microsoft.Network/Network/Network/ExpressRouteCrossConnection.tsp#L26,true,https://github.com/Azure/azure-rest-api-specs/blob/bf9983dd77d8691739ffac9160ff8bb93bd74288/specification/network/resource-manager/Microsoft.Network/Network/Network/ExpressRouteCrossConnection.tsp#L75,https://github.com/Azure/azure-rest-api-specs/blob/bf9983dd77d8691739ffac9160ff8bb93bd74288/specification/network/resource-manager/Microsoft.Network/Network/Network/ExpressRouteCrossConnection.tsp#L83
microsoft.network/expressroutegateways|/subscriptions/{}/resourcegroups/{}/providers/microsoft.network/expressroutegateways/{},Microsoft.Network/expressRouteGateways,/subscriptions/{subscriptionId}/resourceGroups/{resourceGroupName}/providers/Microsoft.Network/expressRouteGateways/{expressRouteGatewayName},ExpressRouteGateway,https://github.com/Azure/azure-rest-api-specs/blob/bf9983dd77d8691739ffac9160ff8bb93bd74288/specification/network/resource-manager/Microsoft.Network/Network/Network/ExpressRouteGateway.tsp#L26,true,https://github.com/Azure/azure-rest-api-specs/blob/bf9983dd77d8691739ffac9160ff8bb93bd74288/specification/network/resource-manager/Microsoft.Network/Network/Network/ExpressRouteGateway.tsp#L97,https://github.com/Azure/azure-rest-api-specs/blob/bf9983dd77d8691739ffac9160ff8bb93bd74288/specification/network/resource-manager/Microsoft.Network/Network/Network/ExpressRouteGateway.tsp#L103
microsoft.network/expressroutelags|/subscriptions/{}/resourcegroups/{}/providers/microsoft.network/expressroutelags/{},Microsoft.Network/expressRouteLags,/subscriptions/{subscriptionId}/resourceGroups/{resourceGroupName}/providers/Microsoft.Network/expressRouteLags/{expressRouteLagName},ExpressRouteLag,https://github.com/Azure/azure-rest-api-specs/blob/bf9983dd77d8691739ffac9160ff8bb93bd74288/specification/network/resource-manager/Microsoft.Network/Network/Network/ExpressRouteLag.tsp#L27,true,https://github.com/Azure/azure-rest-api-specs/blob/bf9983dd77d8691739ffac9160ff8bb93bd74288/specification/network/resource-manager/Microsoft.Network/Network/Network/ExpressRouteLag.tsp#L140,https://github.com/Azure/azure-rest-api-specs/blob/bf9983dd77d8691739ffac9160ff8bb93bd74288/specification/network/resource-manager/Microsoft.Network/Network/Network/ExpressRouteLag.tsp#L147
microsoft.network/expressrouteports|/subscriptions/{}/resourcegroups/{}/providers/microsoft.network/expressrouteports/{},Microsoft.Network/ExpressRoutePorts,/subscriptions/{subscriptionId}/resourceGroups/{resourceGroupName}/providers/Microsoft.Network/ExpressRoutePorts/{expressRoutePortName},ExpressRoutePort,https://github.com/Azure/azure-rest-api-specs/blob/bf9983dd77d8691739ffac9160ff8bb93bd74288/specification/network/resource-manager/Microsoft.Network/Network/Network/ExpressRoutePort.tsp#L25,true,https://github.com/Azure/azure-rest-api-specs/blob/bf9983dd77d8691739ffac9160ff8bb93bd74288/specification/network/resource-manager/Microsoft.Network/Network/Network/ExpressRoutePort.tsp#L79,https://github.com/Azure/azure-rest-api-specs/blob/bf9983dd77d8691739ffac9160ff8bb93bd74288/specification/network/resource-manager/Microsoft.Network/Network/Network/ExpressRoutePort.tsp#L86
microsoft.network/expressrouteports|/subscriptions/{}/resourcegroups/{}/providers/microsoft.network/expressrouteports/{},Microsoft.Network/expressRoutePorts,/subscriptions/{subscriptionId}/resourceGroups/{resourceGroupName}/providers/Microsoft.Network/expressRoutePorts/{expressRoutePortName},ExpressRoutePort,https://github.com/Azure/azure-rest-api-specs/blob/bf9983dd77d8691739ffac9160ff8bb93bd74288/specification/network/resource-manager/Microsoft.Network/Network/Network/ExpressRoutePortAuthorization.tsp#L26,false,,
microsoft.network/expressrouteports/authorizations|/subscriptions/{}/resourcegroups/{}/providers/microsoft.network/expressrouteports/{}/authorizations/{},Microsoft.Network/expressRoutePorts/authorizations,/subscriptions/{subscriptionId}/resourceGroups/{resourceGroupName}/providers/Microsoft.Network/expressRoutePorts/{expressRoutePortName}/authorizations/{authorizationName},ExpressRoutePortsAuthorizations,https://github.com/Azure/azure-rest-api-specs/blob/bf9983dd77d8691739ffac9160ff8bb93bd74288/specification/network/resource-manager/Microsoft.Network/Network/Network/ExpressRoutePortAuthorization.tsp#L26,true,https://github.com/Azure/azure-rest-api-specs/blob/bf9983dd77d8691739ffac9160ff8bb93bd74288/specification/network/resource-manager/Microsoft.Network/Network/Network/ExpressRoutePortAuthorization.tsp#L73,https://github.com/Azure/azure-rest-api-specs/blob/bf9983dd77d8691739ffac9160ff8bb93bd74288/specification/network/resource-manager/Microsoft.Network/Network/Network/ExpressRoutePortAuthorization.tsp#L81
microsoft.network/expressrouteportslocations|/subscriptions/{}/providers/microsoft.network/expressrouteportslocations/{},Microsoft.Network/ExpressRoutePortsLocations,/subscriptions/{subscriptionId}/providers/Microsoft.Network/ExpressRoutePortsLocations/{locationName},ExpressRoutePortsLocation,https://github.com/Azure/azure-rest-api-specs/blob/bf9983dd77d8691739ffac9160ff8bb93bd74288/specification/network/resource-manager/Microsoft.Network/Network/Network/ExpressRoutePortsLocation.tsp#L26,false,https://github.com/Azure/azure-rest-api-specs/blob/bf9983dd77d8691739ffac9160ff8bb93bd74288/specification/network/resource-manager/Microsoft.Network/Network/Network/ExpressRoutePortsLocation.tsp#L43,
microsoft.network/expressrouteproviderports|/subscriptions/{}/providers/microsoft.network/expressrouteproviderports/{},Microsoft.Network/expressRouteProviderPorts,/subscriptions/{subscriptionId}/providers/Microsoft.Network/expressRouteProviderPorts/{providerport},ExpressRouteProviderPort,https://github.com/Azure/azure-rest-api-specs/blob/bf9983dd77d8691739ffac9160ff8bb93bd74288/specification/network/resource-manager/Microsoft.Network/Network/Network/ExpressRouteProviderPort.tsp#L25,false,https://github.com/Azure/azure-rest-api-specs/blob/bf9983dd77d8691739ffac9160ff8bb93bd74288/specification/network/resource-manager/Microsoft.Network/Network/Network/ExpressRouteProviderPort.tsp#L49,
microsoft.network/firewallpolicies|/subscriptions/{}/resourcegroups/{}/providers/microsoft.network/firewallpolicies/{},Microsoft.Network/firewallPolicies,/subscriptions/{subscriptionId}/resourceGroups/{resourceGroupName}/providers/Microsoft.Network/firewallPolicies/{firewallPolicyName},FirewallPolicy,https://github.com/Azure/azure-rest-api-specs/blob/bf9983dd77d8691739ffac9160ff8bb93bd74288/specification/network/resource-manager/Microsoft.Network/Network/Network/FirewallPolicy.tsp#L26,true,https://github.com/Azure/azure-rest-api-specs/blob/bf9983dd77d8691739ffac9160ff8bb93bd74288/specification/network/resource-manager/Microsoft.Network/Network/Network/FirewallPolicy.tsp#L55,https://github.com/Azure/azure-rest-api-specs/blob/bf9983dd77d8691739ffac9160ff8bb93bd74288/specification/network/resource-manager/Microsoft.Network/Network/Network/FirewallPolicy.tsp#L71
microsoft.network/firewallpolicies/firewallpolicydrafts|/subscriptions/{}/resourcegroups/{}/providers/microsoft.network/firewallpolicies/{}/firewallpolicydrafts/default,Microsoft.Network/firewallPolicies/firewallPolicyDrafts,/subscriptions/{subscriptionId}/resourceGroups/{resourceGroupName}/providers/Microsoft.Network/firewallPolicies/{firewallPolicyName}/firewallPolicyDrafts/default,FirewallPolicyDraft,https://github.com/Azure/azure-rest-api-specs/blob/bf9983dd77d8691739ffac9160ff8bb93bd74288/specification/network/resource-manager/Microsoft.Network/Network/Network/FirewallPolicyDraft.tsp#L27,true,https://github.com/Azure/azure-rest-api-specs/blob/bf9983dd77d8691739ffac9160ff8bb93bd74288/specification/network/resource-manager/Microsoft.Network/Network/Network/FirewallPolicyDraft.tsp#L45,https://github.com/Azure/azure-rest-api-specs/blob/bf9983dd77d8691739ffac9160ff8bb93bd74288/specification/network/resource-manager/Microsoft.Network/Network/Network/FirewallPolicyDraft.tsp#L50
microsoft.network/firewallpolicies/kubeselectorgroups|/subscriptions/{}/resourcegroups/{}/providers/microsoft.network/firewallpolicies/{}/kubeselectorgroups/{},Microsoft.Network/firewallPolicies/kubeSelectorGroups,/subscriptions/{subscriptionId}/resourceGroups/{resourceGroupName}/providers/Microsoft.Network/firewallPolicies/{firewallPolicyName}/kubeSelectorGroups/{kubeSelectorGroupName},FirewallPolicyKubeSelectorGroup,https://github.com/Azure/azure-rest-api-specs/blob/bf9983dd77d8691739ffac9160ff8bb93bd74288/specification/network/resource-manager/Microsoft.Network/Network/Network/FirewallPolicyKubeSelectorGroup.tsp#L28,true,https://github.com/Azure/azure-rest-api-specs/blob/bf9983dd77d8691739ffac9160ff8bb93bd74288/specification/network/resource-manager/Microsoft.Network/Network/Network/FirewallPolicyKubeSelectorGroup.tsp#L55,https://github.com/Azure/azure-rest-api-specs/blob/bf9983dd77d8691739ffac9160ff8bb93bd74288/specification/network/resource-manager/Microsoft.Network/Network/Network/FirewallPolicyKubeSelectorGroup.tsp#L60
microsoft.network/firewallpolicies/rulecollectiongroups|/subscriptions/{}/resourcegroups/{}/providers/microsoft.network/firewallpolicies/{}/rulecollectiongroups/{},Microsoft.Network/firewallPolicies/ruleCollectionGroups,/subscriptions/{subscriptionId}/resourceGroups/{resourceGroupName}/providers/Microsoft.Network/firewallPolicies/{firewallPolicyName}/ruleCollectionGroups/{ruleCollectionGroupName},FirewallPolicyRuleCollectionGroup,https://github.com/Azure/azure-rest-api-specs/blob/bf9983dd77d8691739ffac9160ff8bb93bd74288/specification/network/resource-manager/Microsoft.Network/Network/Network/FirewallPolicyRuleCollectionGroup.tsp#L26,true,https://github.com/Azure/azure-rest-api-specs/blob/bf9983dd77d8691739ffac9160ff8bb93bd74288/specification/network/resource-manager/Microsoft.Network/Network/Network/FirewallPolicyRuleCollectionGroup.tsp#L51,https://github.com/Azure/azure-rest-api-specs/blob/bf9983dd77d8691739ffac9160ff8bb93bd74288/specification/network/resource-manager/Microsoft.Network/Network/Network/FirewallPolicyRuleCollectionGroup.tsp#L56
microsoft.network/firewallpolicies/rulecollectiongroups/rulecollectiongroupdrafts|/subscriptions/{}/resourcegroups/{}/providers/microsoft.network/firewallpolicies/{}/rulecollectiongroups/{}/rulecollectiongroupdrafts/default,Microsoft.Network/firewallPolicies/ruleCollectionGroups/ruleCollectionGroupDrafts,/subscriptions/{subscriptionId}/resourceGroups/{resourceGroupName}/providers/Microsoft.Network/firewallPolicies/{firewallPolicyName}/ruleCollectionGroups/{ruleCollectionGroupName}/ruleCollectionGroupDrafts/default,FirewallPolicyRuleCollectionGroupDraft,https://github.com/Azure/azure-rest-api-specs/blob/bf9983dd77d8691739ffac9160ff8bb93bd74288/specification/network/resource-manager/Microsoft.Network/Network/Network/FirewallPolicyRuleCollectionGroupDraft.tsp#L27,true,https://github.com/Azure/azure-rest-api-specs/blob/bf9983dd77d8691739ffac9160ff8bb93bd74288/specification/network/resource-manager/Microsoft.Network/Network/Network/FirewallPolicyRuleCollectionGroupDraft.tsp#L47,https://github.com/Azure/azure-rest-api-specs/blob/bf9983dd77d8691739ffac9160ff8bb93bd74288/specification/network/resource-manager/Microsoft.Network/Network/Network/FirewallPolicyRuleCollectionGroupDraft.tsp#L55
microsoft.network/firstpartyservicetags|/subscriptions/{}/resourcegroups/{}/providers/microsoft.network/firstpartyservicetags/{},Microsoft.Network/firstPartyServiceTags,/subscriptions/{subscriptionId}/resourceGroups/{resourceGroupName}/providers/Microsoft.Network/firstPartyServiceTags/{firstPartyServiceTagName},FirstPartyServiceTag,https://github.com/Azure/azure-rest-api-specs/blob/bf9983dd77d8691739ffac9160ff8bb93bd74288/specification/network/resource-manager/Microsoft.Network/Network/Network/FirstPartyServiceTag.tsp#L28,true,https://github.com/Azure/azure-rest-api-specs/blob/bf9983dd77d8691739ffac9160ff8bb93bd74288/specification/network/resource-manager/Microsoft.Network/Network/Network/FirstPartyServiceTag.tsp#L102,https://github.com/Azure/azure-rest-api-specs/blob/bf9983dd77d8691739ffac9160ff8bb93bd74288/specification/network/resource-manager/Microsoft.Network/Network/Network/FirstPartyServiceTag.tsp#L107
microsoft.network/virtualhubs/ipconfigurations|/subscriptions/{}/resourcegroups/{}/providers/microsoft.network/virtualhubs/{}/ipconfigurations/{},Microsoft.Network/virtualHubs/ipConfigurations,/subscriptions/{subscriptionId}/resourceGroups/{resourceGroupName}/providers/Microsoft.Network/virtualHubs/{virtualHubName}/ipConfigurations/{ipConfigName},HubIpConfiguration,https://github.com/Azure/azure-rest-api-specs/blob/bf9983dd77d8691739ffac9160ff8bb93bd74288/specification/network/resource-manager/Microsoft.Network/Network/Network/HubIpConfiguration.tsp#L26,true,https://github.com/Azure/azure-rest-api-specs/blob/bf9983dd77d8691739ffac9160ff8bb93bd74288/specification/network/resource-manager/Microsoft.Network/Network/Network/HubIpConfiguration.tsp#L52,https://github.com/Azure/azure-rest-api-specs/blob/bf9983dd77d8691739ffac9160ff8bb93bd74288/specification/network/resource-manager/Microsoft.Network/Network/Network/HubIpConfiguration.tsp#L57
microsoft.network/virtualhubs/hubroutetables|/subscriptions/{}/resourcegroups/{}/providers/microsoft.network/virtualhubs/{}/hubroutetables/{},Microsoft.Network/virtualHubs/hubRouteTables,/subscriptions/{subscriptionId}/resourceGroups/{resourceGroupName}/providers/Microsoft.Network/virtualHubs/{virtualHubName}/hubRouteTables/{routeTableName},HubRouteTable,https://github.com/Azure/azure-rest-api-specs/blob/bf9983dd77d8691739ffac9160ff8bb93bd74288/specification/network/resource-manager/Microsoft.Network/Network/Network/HubRouteTable.tsp#L26,true,https://github.com/Azure/azure-rest-api-specs/blob/bf9983dd77d8691739ffac9160ff8bb93bd74288/specification/network/resource-manager/Microsoft.Network/Network/Network/HubRouteTable.tsp#L51,https://github.com/Azure/azure-rest-api-specs/blob/bf9983dd77d8691739ffac9160ff8bb93bd74288/specification/network/resource-manager/Microsoft.Network/Network/Network/HubRouteTable.tsp#L56
microsoft.network/networkvirtualappliances/inboundsecurityrules|/subscriptions/{}/resourcegroups/{}/providers/microsoft.network/networkvirtualappliances/{}/inboundsecurityrules/{},Microsoft.Network/networkVirtualAppliances/inboundSecurityRules,/subscriptions/{subscriptionId}/resourceGroups/{resourceGroupName}/providers/Microsoft.Network/networkVirtualAppliances/{networkVirtualApplianceName}/inboundSecurityRules/{ruleCollectionName},InboundSecurityRule,https://github.com/Azure/azure-rest-api-specs/blob/bf9983dd77d8691739ffac9160ff8bb93bd74288/specification/network/resource-manager/Microsoft.Network/Network/Network/InboundSecurityRule.tsp#L26,true,https://github.com/Azure/azure-rest-api-specs/blob/bf9983dd77d8691739ffac9160ff8bb93bd74288/specification/network/resource-manager/Microsoft.Network/Network/Network/InboundSecurityRule.tsp#L52,https://github.com/Azure/azure-rest-api-specs/blob/bf9983dd77d8691739ffac9160ff8bb93bd74288/specification/network/resource-manager/Microsoft.Network/Network/Network/InboundSecurityRule.tsp#L57
microsoft.network/interconnectgroups|/subscriptions/{}/resourcegroups/{}/providers/microsoft.network/interconnectgroups/{},Microsoft.Network/interconnectGroups,/subscriptions/{subscriptionId}/resourceGroups/{resourceGroupName}/providers/Microsoft.Network/interconnectGroups/{interconnectGroupName},InterconnectGroup,https://github.com/Azure/azure-rest-api-specs/blob/bf9983dd77d8691739ffac9160ff8bb93bd74288/specification/network/resource-manager/Microsoft.Network/Network/Network/InterconnectGroup.tsp#L29,true,https://github.com/Azure/azure-rest-api-specs/blob/bf9983dd77d8691739ffac9160ff8bb93bd74288/specification/network/resource-manager/Microsoft.Network/Network/Network/InterconnectGroup.tsp#L84,https://github.com/Azure/azure-rest-api-specs/blob/bf9983dd77d8691739ffac9160ff8bb93bd74288/specification/network/resource-manager/Microsoft.Network/Network/Network/InterconnectGroup.tsp#L89
microsoft.network/ipallocations|/subscriptions/{}/resourcegroups/{}/providers/microsoft.network/ipallocations/{},Microsoft.Network/IpAllocations,/subscriptions/{subscriptionId}/resourceGroups/{resourceGroupName}/providers/Microsoft.Network/IpAllocations/{ipAllocationName},IpAllocation,https://github.com/Azure/azure-rest-api-specs/blob/bf9983dd77d8691739ffac9160ff8bb93bd74288/specification/network/resource-manager/Microsoft.Network/Network/Network/IpAllocation.tsp#L24,true,https://github.com/Azure/azure-rest-api-specs/blob/bf9983dd77d8691739ffac9160ff8bb93bd74288/specification/network/resource-manager/Microsoft.Network/Network/Network/IpAllocation.tsp#L47,https://github.com/Azure/azure-rest-api-specs/blob/bf9983dd77d8691739ffac9160ff8bb93bd74288/specification/network/resource-manager/Microsoft.Network/Network/Network/IpAllocation.tsp#L62
microsoft.network/networkmanagers/ipampools|/subscriptions/{}/resourcegroups/{}/providers/microsoft.network/networkmanagers/{}/ipampools/{},Microsoft.Network/networkManagers/ipamPools,/subscriptions/{subscriptionId}/resourceGroups/{resourceGroupName}/providers/Microsoft.Network/networkManagers/{networkManagerName}/ipamPools/{poolName},IpamPool,https://github.com/Azure/azure-rest-api-specs/blob/bf9983dd77d8691739ffac9160ff8bb93bd74288/specification/network/resource-manager/Microsoft.Network/Network/Network/IpamPool.tsp#L26,true,https://github.com/Azure/azure-rest-api-specs/blob/bf9983dd77d8691739ffac9160ff8bb93bd74288/specification/network/resource-manager/Microsoft.Network/Network/Network/IpamPool.tsp#L55,https://github.com/Azure/azure-rest-api-specs/blob/bf9983dd77d8691739ffac9160ff8bb93bd74288/specification/network/resource-manager/Microsoft.Network/Network/Network/IpamPool.tsp#L61
microsoft.network/networkmanagers/ipampools/staticcidrs|/subscriptions/{}/resourcegroups/{}/providers/microsoft.network/networkmanagers/{}/ipampools/{}/staticcidrs/{},Microsoft.Network/networkManagers/ipamPools/staticCidrs,/subscriptions/{subscriptionId}/resourceGroups/{resourceGroupName}/providers/Microsoft.Network/networkManagers/{networkManagerName}/ipamPools/{poolName}/staticCidrs/{staticCidrName},IpamPoolsStaticCidrs,https://github.com/Azure/azure-rest-api-specs/blob/bf9983dd77d8691739ffac9160ff8bb93bd74288/specification/network/resource-manager/Microsoft.Network/Network/Network/StaticCidr.tsp#L26,false,,https://github.com/Azure/azure-rest-api-specs/blob/bf9983dd77d8691739ffac9160ff8bb93bd74288/specification/network/resource-manager/Microsoft.Network/Network/Network/StaticCidr.tsp#L90
microsoft.network/ipgroups|/subscriptions/{}/resourcegroups/{}/providers/microsoft.network/ipgroups/{},Microsoft.Network/ipGroups,/subscriptions/{subscriptionId}/resourceGroups/{resourceGroupName}/providers/Microsoft.Network/ipGroups/{ipGroupsName},IpGroup,https://github.com/Azure/azure-rest-api-specs/blob/bf9983dd77d8691739ffac9160ff8bb93bd74288/specification/network/resource-manager/Microsoft.Network/Network/Network/IpGroup.tsp#L24,true,https://github.com/Azure/azure-rest-api-specs/blob/bf9983dd77d8691739ffac9160ff8bb93bd74288/specification/network/resource-manager/Microsoft.Network/Network/Network/IpGroup.tsp#L47,https://github.com/Azure/azure-rest-api-specs/blob/bf9983dd77d8691739ffac9160ff8bb93bd74288/specification/network/resource-manager/Microsoft.Network/Network/Network/IpGroup.tsp#L62
microsoft.network/localnetworkgateways|/subscriptions/{}/resourcegroups/{}/providers/microsoft.network/localnetworkgateways/{},Microsoft.Network/localNetworkGateways,/subscriptions/{subscriptionId}/resourceGroups/{resourceGroupName}/providers/Microsoft.Network/localNetworkGateways/{localNetworkGatewayName},LocalNetworkGateway,https://github.com/Azure/azure-rest-api-specs/blob/bf9983dd77d8691739ffac9160ff8bb93bd74288/specification/network/resource-manager/Microsoft.Network/Network/Network/LocalNetworkGateway.tsp#L24,true,https://github.com/Azure/azure-rest-api-specs/blob/bf9983dd77d8691739ffac9160ff8bb93bd74288/specification/network/resource-manager/Microsoft.Network/Network/Network/LocalNetworkGateway.tsp#L46,https://github.com/Azure/azure-rest-api-specs/blob/bf9983dd77d8691739ffac9160ff8bb93bd74288/specification/network/resource-manager/Microsoft.Network/Network/Network/LocalNetworkGateway.tsp#L51
microsoft.network/locations|/subscriptions/{}/providers/microsoft.network/locations/{},Microsoft.Network/locations,/subscriptions/{subscriptionId}/providers/Microsoft.Network/locations/{location},Location,https://github.com/Azure/azure-rest-api-specs/blob/bf9983dd77d8691739ffac9160ff8bb93bd74288/specification/network/resource-manager/Microsoft.Network/Network/Network/ApplicationGatewayWafDynamicManifestResult.tsp#L26,false,,
microsoft.network/locations/applicationgatewaywafdynamicmanifests|/subscriptions/{}/providers/microsoft.network/locations/{}/applicationgatewaywafdynamicmanifests/dafault,Microsoft.Network/locations/applicationGatewayWafDynamicManifests,/subscriptions/{subscriptionId}/providers/Microsoft.Network/locations/{location}/applicationGatewayWafDynamicManifests/dafault,LocationsApplicationGatewayWafDynamicManifests,https://github.com/Azure/azure-rest-api-specs/blob/bf9983dd77d8691739ffac9160ff8bb93bd74288/specification/network/resource-manager/Microsoft.Network/Network/Network/ApplicationGatewayWafDynamicManifestResult.tsp#L26,false,https://github.com/Azure/azure-rest-api-specs/blob/bf9983dd77d8691739ffac9160ff8bb93bd74288/specification/network/resource-manager/Microsoft.Network/Network/Network/ApplicationGatewayWafDynamicManifestResult.tsp#L71,
microsoft.network/networkmanagerconnections|/providers/microsoft.management/managementgroups/{}/providers/microsoft.network/networkmanagerconnections/{},Microsoft.Network/networkManagerConnections,/providers/Microsoft.Management/managementGroups/{managementGroupId}/providers/Microsoft.Network/networkManagerConnections/{networkManagerConnectionName},ManagementGroupNetworkManagerConnection,https://github.com/Azure/azure-rest-api-specs/blob/bf9983dd77d8691739ffac9160ff8bb93bd74288/specification/network/resource-manager/Microsoft.Network/Network/Network/NetworkManagerConnection.tsp#L25,true,https://github.com/Azure/azure-rest-api-specs/blob/bf9983dd77d8691739ffac9160ff8bb93bd74288/specification/network/resource-manager/Microsoft.Network/Network/Network/NetworkManagerConnection.tsp#L122,https://github.com/Azure/azure-rest-api-specs/blob/bf9983dd77d8691739ffac9160ff8bb93bd74288/specification/network/resource-manager/Microsoft.Network/Network/Network/NetworkManagerConnection.tsp#L132
microsoft.network/networkmanagers/networkgroups|/subscriptions/{}/resourcegroups/{}/providers/microsoft.network/networkmanagers/{}/networkgroups/{},Microsoft.Network/networkManagers/networkGroups,/subscriptions/{subscriptionId}/resourceGroups/{resourceGroupName}/providers/Microsoft.Network/networkManagers/{networkManagerName}/networkGroups/{networkGroupName},NetworkGroup,https://github.com/Azure/azure-rest-api-specs/blob/bf9983dd77d8691739ffac9160ff8bb93bd74288/specification/network/resource-manager/Microsoft.Network/Network/Network/NetworkGroup.tsp#L26,true,https://github.com/Azure/azure-rest-api-specs/blob/bf9983dd77d8691739ffac9160ff8bb93bd74288/specification/network/resource-manager/Microsoft.Network/Network/Network/NetworkGroup.tsp#L56,https://github.com/Azure/azure-rest-api-specs/blob/bf9983dd77d8691739ffac9160ff8bb93bd74288/specification/network/resource-manager/Microsoft.Network/Network/Network/NetworkGroup.tsp#L61
microsoft.network/networkmanagers|/subscriptions/{}/resourcegroups/{}/providers/microsoft.network/networkmanagers/{},Microsoft.Network/networkManagers,/subscriptions/{subscriptionId}/resourceGroups/{resourceGroupName}/providers/Microsoft.Network/networkManagers/{networkManagerName},NetworkManager,https://github.com/Azure/azure-rest-api-specs/blob/bf9983dd77d8691739ffac9160ff8bb93bd74288/specification/network/resource-manager/Microsoft.Network/Network/Network/NetworkManager.tsp#L24,true,https://github.com/Azure/azure-rest-api-specs/blob/bf9983dd77d8691739ffac9160ff8bb93bd74288/specification/network/resource-manager/Microsoft.Network/Network/Network/NetworkManager.tsp#L54,https://github.com/Azure/azure-rest-api-specs/blob/bf9983dd77d8691739ffac9160ff8bb93bd74288/specification/network/resource-manager/Microsoft.Network/Network/Network/NetworkManager.tsp#L60
microsoft.network/networkmanagers/routingconfigurations|/subscriptions/{}/resourcegroups/{}/providers/microsoft.network/networkmanagers/{}/routingconfigurations/{},Microsoft.Network/networkManagers/routingConfigurations,/subscriptions/{subscriptionId}/resourceGroups/{resourceGroupName}/providers/Microsoft.Network/networkManagers/{networkManagerName}/routingConfigurations/{configurationName},NetworkManagerRoutingConfiguration,https://github.com/Azure/azure-rest-api-specs/blob/bf9983dd77d8691739ffac9160ff8bb93bd74288/specification/network/resource-manager/Microsoft.Network/Network/Network/NetworkManagerRoutingConfiguration.tsp#L26,true,https://github.com/Azure/azure-rest-api-specs/blob/bf9983dd77d8691739ffac9160ff8bb93bd74288/specification/network/resource-manager/Microsoft.Network/Network/Network/NetworkManagerRoutingConfiguration.tsp#L50,https://github.com/Azure/azure-rest-api-specs/blob/bf9983dd77d8691739ffac9160ff8bb93bd74288/specification/network/resource-manager/Microsoft.Network/Network/Network/NetworkManagerRoutingConfiguration.tsp#L58
microsoft.network/networkprofiles|/subscriptions/{}/resourcegroups/{}/providers/microsoft.network/networkprofiles/{},Microsoft.Network/networkProfiles,/subscriptions/{subscriptionId}/resourceGroups/{resourceGroupName}/providers/Microsoft.Network/networkProfiles/{networkProfileName},NetworkProfile,https://github.com/Azure/azure-rest-api-specs/blob/bf9983dd77d8691739ffac9160ff8bb93bd74288/specification/network/resource-manager/Microsoft.Network/Network/Network/NetworkProfile.tsp#L24,true,https://github.com/Azure/azure-rest-api-specs/blob/bf9983dd77d8691739ffac9160ff8bb93bd74288/specification/network/resource-manager/Microsoft.Network/Network/Network/NetworkProfile.tsp#L46,https://github.com/Azure/azure-rest-api-specs/blob/bf9983dd77d8691739ffac9160ff8bb93bd74288/specification/network/resource-manager/Microsoft.Network/Network/Network/NetworkProfile.tsp#L61
microsoft.network/networksecurityperimeters|/subscriptions/{}/resourcegroups/{}/providers/microsoft.network/networksecurityperimeters/{},Microsoft.Network/networkSecurityPerimeters,/subscriptions/{subscriptionId}/resourceGroups/{resourceGroupName}/providers/Microsoft.Network/networkSecurityPerimeters/{networkSecurityPerimeterName},NetworkSecurityPerimeter,https://github.com/Azure/azure-rest-api-specs/blob/bf9983dd77d8691739ffac9160ff8bb93bd74288/specification/network/resource-manager/Microsoft.Network/Network/Network/NetworkSecurityPerimeter.tsp#L24,true,https://github.com/Azure/azure-rest-api-specs/blob/bf9983dd77d8691739ffac9160ff8bb93bd74288/specification/network/resource-manager/Microsoft.Network/Network/Network/NetworkSecurityPerimeter.tsp#L50,https://github.com/Azure/azure-rest-api-specs/blob/bf9983dd77d8691739ffac9160ff8bb93bd74288/specification/network/resource-manager/Microsoft.Network/Network/Network/NetworkSecurityPerimeter.tsp#L55
microsoft.network/networkvirtualappliances|/subscriptions/{}/resourcegroups/{}/providers/microsoft.network/networkvirtualappliances/{},Microsoft.Network/networkVirtualAppliances,/subscriptions/{subscriptionId}/resourceGroups/{resourceGroupName}/providers/Microsoft.Network/networkVirtualAppliances/{networkVirtualApplianceName},NetworkVirtualAppliance,https://github.com/Azure/azure-rest-api-specs/blob/bf9983dd77d8691739ffac9160ff8bb93bd74288/specification/network/resource-manager/Microsoft.Network/Network/Network/NetworkVirtualAppliance.tsp#L25,true,https://github.com/Azure/azure-rest-api-specs/blob/bf9983dd77d8691739ffac9160ff8bb93bd74288/specification/network/resource-manager/Microsoft.Network/Network/Network/NetworkVirtualAppliance.tsp#L145,https://github.com/Azure/azure-rest-api-specs/blob/bf9983dd77d8691739ffac9160ff8bb93bd74288/specification/network/resource-manager/Microsoft.Network/Network/Network/NetworkVirtualAppliance.tsp#L161
microsoft.network/networkvirtualapplianceskus|/subscriptions/{}/providers/microsoft.network/networkvirtualapplianceskus/{},Microsoft.Network/networkVirtualApplianceSkus,/subscriptions/{subscriptionId}/providers/Microsoft.Network/networkVirtualApplianceSkus/{skuName},NetworkVirtualApplianceSku,https://github.com/Azure/azure-rest-api-specs/blob/bf9983dd77d8691739ffac9160ff8bb93bd74288/specification/network/resource-manager/Microsoft.Network/Network/Network/NetworkVirtualApplianceSku.tsp#L26,false,https://github.com/Azure/azure-rest-api-specs/blob/bf9983dd77d8691739ffac9160ff8bb93bd74288/specification/network/resource-manager/Microsoft.Network/Network/Network/NetworkVirtualApplianceSku.tsp#L49,
microsoft.network/networkwatchers|/subscriptions/{}/resourcegroups/{}/providers/microsoft.network/networkwatchers/{},Microsoft.Network/networkWatchers,/subscriptions/{subscriptionId}/resourceGroups/{resourceGroupName}/providers/Microsoft.Network/networkWatchers/{networkWatcherName},NetworkWatcher,https://github.com/Azure/azure-rest-api-specs/blob/bf9983dd77d8691739ffac9160ff8bb93bd74288/specification/network/resource-manager/Microsoft.Network/Network/Network/ConnectionMonitorResult.tsp#L26,false,,
microsoft.network/networksecurityperimeters/profiles/accessrules|/subscriptions/{}/resourcegroups/{}/providers/microsoft.network/networksecurityperimeters/{}/profiles/{}/accessrules/{},Microsoft.Network/networkSecurityPerimeters/profiles/accessRules,/subscriptions/{subscriptionId}/resourceGroups/{resourceGroupName}/providers/Microsoft.Network/networkSecurityPerimeters/{networkSecurityPerimeterName}/profiles/{profileName}/accessRules/{accessRuleName},NspAccessRule,https://github.com/Azure/azure-rest-api-specs/blob/bf9983dd77d8691739ffac9160ff8bb93bd74288/specification/network/resource-manager/Microsoft.Network/Network/Network/NspAccessRule.tsp#L26,true,https://github.com/Azure/azure-rest-api-specs/blob/bf9983dd77d8691739ffac9160ff8bb93bd74288/specification/network/resource-manager/Microsoft.Network/Network/Network/NspAccessRule.tsp#L53,https://github.com/Azure/azure-rest-api-specs/blob/bf9983dd77d8691739ffac9160ff8bb93bd74288/specification/network/resource-manager/Microsoft.Network/Network/Network/NspAccessRule.tsp#L59
microsoft.network/networksecurityperimeters/resourceassociations|/subscriptions/{}/resourcegroups/{}/providers/microsoft.network/networksecurityperimeters/{}/resourceassociations/{},Microsoft.Network/networkSecurityPerimeters/resourceAssociations,/subscriptions/{subscriptionId}/resourceGroups/{resourceGroupName}/providers/Microsoft.Network/networkSecurityPerimeters/{networkSecurityPerimeterName}/resourceAssociations/{associationName},NspAssociation,https://github.com/Azure/azure-rest-api-specs/blob/bf9983dd77d8691739ffac9160ff8bb93bd74288/specification/network/resource-manager/Microsoft.Network/Network/Network/NspAssociation.tsp#L26,true,https://github.com/Azure/azure-rest-api-specs/blob/bf9983dd77d8691739ffac9160ff8bb93bd74288/specification/network/resource-manager/Microsoft.Network/Network/Network/NspAssociation.tsp#L53,https://github.com/Azure/azure-rest-api-specs/blob/bf9983dd77d8691739ffac9160ff8bb93bd74288/specification/network/resource-manager/Microsoft.Network/Network/Network/NspAssociation.tsp#L62
microsoft.network/networksecurityperimeters/links|/subscriptions/{}/resourcegroups/{}/providers/microsoft.network/networksecurityperimeters/{}/links/{},Microsoft.Network/networkSecurityPerimeters/links,/subscriptions/{subscriptionId}/resourceGroups/{resourceGroupName}/providers/Microsoft.Network/networkSecurityPerimeters/{networkSecurityPerimeterName}/links/{linkName},NspLink,https://github.com/Azure/azure-rest-api-specs/blob/bf9983dd77d8691739ffac9160ff8bb93bd74288/specification/network/resource-manager/Microsoft.Network/Network/Network/NspLink.tsp#L26,true,https://github.com/Azure/azure-rest-api-specs/blob/bf9983dd77d8691739ffac9160ff8bb93bd74288/specification/network/resource-manager/Microsoft.Network/Network/Network/NspLink.tsp#L53,https://github.com/Azure/azure-rest-api-specs/blob/bf9983dd77d8691739ffac9160ff8bb93bd74288/specification/network/resource-manager/Microsoft.Network/Network/Network/NspLink.tsp#L59
microsoft.network/networksecurityperimeters/linkreferences|/subscriptions/{}/resourcegroups/{}/providers/microsoft.network/networksecurityperimeters/{}/linkreferences/{},Microsoft.Network/networkSecurityPerimeters/linkReferences,/subscriptions/{subscriptionId}/resourceGroups/{resourceGroupName}/providers/Microsoft.Network/networkSecurityPerimeters/{networkSecurityPerimeterName}/linkReferences/{linkReferenceName},NspLinkReference,https://github.com/Azure/azure-rest-api-specs/blob/bf9983dd77d8691739ffac9160ff8bb93bd74288/specification/network/resource-manager/Microsoft.Network/Network/Network/NspLinkReference.tsp#L26,false,https://github.com/Azure/azure-rest-api-specs/blob/bf9983dd77d8691739ffac9160ff8bb93bd74288/specification/network/resource-manager/Microsoft.Network/Network/Network/NspLinkReference.tsp#L53,
microsoft.network/networksecurityperimeters/loggingconfigurations|/subscriptions/{}/resourcegroups/{}/providers/microsoft.network/networksecurityperimeters/{}/loggingconfigurations/{},Microsoft.Network/networkSecurityPerimeters/loggingConfigurations,/subscriptions/{subscriptionId}/resourceGroups/{resourceGroupName}/providers/Microsoft.Network/networkSecurityPerimeters/{networkSecurityPerimeterName}/loggingConfigurations/{loggingConfigurationName},NspLoggingConfiguration,https://github.com/Azure/azure-rest-api-specs/blob/bf9983dd77d8691739ffac9160ff8bb93bd74288/specification/network/resource-manager/Microsoft.Network/Network/Network/NspLoggingConfiguration.tsp#L26,true,https://github.com/Azure/azure-rest-api-specs/blob/bf9983dd77d8691739ffac9160ff8bb93bd74288/specification/network/resource-manager/Microsoft.Network/Network/Network/NspLoggingConfiguration.tsp#L53,https://github.com/Azure/azure-rest-api-specs/blob/bf9983dd77d8691739ffac9160ff8bb93bd74288/specification/network/resource-manager/Microsoft.Network/Network/Network/NspLoggingConfiguration.tsp#L59
microsoft.network/networksecurityperimeters/profiles|/subscriptions/{}/resourcegroups/{}/providers/microsoft.network/networksecurityperimeters/{}/profiles/{},Microsoft.Network/networkSecurityPerimeters/profiles,/subscriptions/{subscriptionId}/resourceGroups/{resourceGroupName}/providers/Microsoft.Network/networkSecurityPerimeters/{networkSecurityPerimeterName}/profiles/{profileName},NspProfile,https://github.com/Azure/azure-rest-api-specs/blob/bf9983dd77d8691739ffac9160ff8bb93bd74288/specification/network/resource-manager/Microsoft.Network/Network/Network/NspProfile.tsp#L26,true,https://github.com/Azure/azure-rest-api-specs/blob/bf9983dd77d8691739ffac9160ff8bb93bd74288/specification/network/resource-manager/Microsoft.Network/Network/Network/NspProfile.tsp#L53,https://github.com/Azure/azure-rest-api-specs/blob/bf9983dd77d8691739ffac9160ff8bb93bd74288/specification/network/resource-manager/Microsoft.Network/Network/Network/NspProfile.tsp#L59
microsoft.network/p2svpngateways|/subscriptions/{}/resourcegroups/{}/providers/microsoft.network/p2svpngateways/{},Microsoft.Network/p2svpnGateways,/subscriptions/{subscriptionId}/resourceGroups/{resourceGroupName}/providers/Microsoft.Network/p2svpnGateways/{gatewayName},P2SVpnGateway,https://github.com/Azure/azure-rest-api-specs/blob/bf9983dd77d8691739ffac9160ff8bb93bd74288/specification/network/resource-manager/Microsoft.Network/Network/Network/P2SVpnGateway.tsp#L25,true,https://github.com/Azure/azure-rest-api-specs/blob/bf9983dd77d8691739ffac9160ff8bb93bd74288/specification/network/resource-manager/Microsoft.Network/Network/Network/P2SVpnGateway.tsp#L66,https://github.com/Azure/azure-rest-api-specs/blob/bf9983dd77d8691739ffac9160ff8bb93bd74288/specification/network/resource-manager/Microsoft.Network/Network/Network/P2SVpnGateway.tsp#L71
microsoft.network/expressroutecircuits/peerings/peerconnections|/subscriptions/{}/resourcegroups/{}/providers/microsoft.network/expressroutecircuits/{}/peerings/{}/peerconnections/{},Microsoft.Network/expressRouteCircuits/peerings/peerConnections,/subscriptions/{subscriptionId}/resourceGroups/{resourceGroupName}/providers/Microsoft.Network/expressRouteCircuits/{circuitName}/peerings/{peeringName}/peerConnections/{connectionName},PeerExpressRouteCircuitConnection,https://github.com/Azure/azure-rest-api-specs/blob/bf9983dd77d8691739ffac9160ff8bb93bd74288/specification/network/resource-manager/Microsoft.Network/Network/Network/PeerExpressRouteCircuitConnection.tsp#L26,false,https://github.com/Azure/azure-rest-api-specs/blob/bf9983dd77d8691739ffac9160ff8bb93bd74288/specification/network/resource-manager/Microsoft.Network/Network/Network/PeerExpressRouteCircuitConnection.tsp#L53,
microsoft.network/expressroutecrossconnections/peerings|/subscriptions/{}/resourcegroups/{}/providers/microsoft.network/expressroutecrossconnections/{}/peerings/{},Microsoft.Network/expressRouteCrossConnections/peerings,/subscriptions/{subscriptionId}/resourceGroups/{resourceGroupName}/providers/Microsoft.Network/expressRouteCrossConnections/{crossConnectionName}/peerings/{peeringName},Peering,https://github.com/Azure/azure-rest-api-specs/blob/bf9983dd77d8691739ffac9160ff8bb93bd74288/specification/network/resource-manager/Microsoft.Network/Network/Network/ExpressRouteCrossConnection.tsp#L26,false,,
microsoft.network/publicipprefixes|/subscriptions/{}/resourcegroups/{}/providers/microsoft.network/publicipprefixes/{},Microsoft.Network/publicIPPrefixes,/subscriptions/{subscriptionId}/resourceGroups/{resourceGroupName}/providers/Microsoft.Network/publicIPPrefixes/{publicIpPrefixName},PublicIPPrefix,https://github.com/Azure/azure-rest-api-specs/blob/bf9983dd77d8691739ffac9160ff8bb93bd74288/specification/network/resource-manager/Microsoft.Network/Network/Network/PublicIPPrefix.tsp#L24,true,https://github.com/Azure/azure-rest-api-specs/blob/bf9983dd77d8691739ffac9160ff8bb93bd74288/specification/network/resource-manager/Microsoft.Network/Network/Network/PublicIPPrefix.tsp#L67,https://github.com/Azure/azure-rest-api-specs/blob/bf9983dd77d8691739ffac9160ff8bb93bd74288/specification/network/resource-manager/Microsoft.Network/Network/Network/PublicIPPrefix.tsp#L82
microsoft.network/networkmanagers/verifierworkspaces/reachabilityanalysisintents|/subscriptions/{}/resourcegroups/{}/providers/microsoft.network/networkmanagers/{}/verifierworkspaces/{}/reachabilityanalysisintents/{},Microsoft.Network/networkManagers/verifierWorkspaces/reachabilityAnalysisIntents,/subscriptions/{subscriptionId}/resourceGroups/{resourceGroupName}/providers/Microsoft.Network/networkManagers/{networkManagerName}/verifierWorkspaces/{workspaceName}/reachabilityAnalysisIntents/{reachabilityAnalysisIntentName},ReachabilityAnalysisIntent,https://github.com/Azure/azure-rest-api-specs/blob/bf9983dd77d8691739ffac9160ff8bb93bd74288/specification/network/resource-manager/Microsoft.Network/Network/Network/ReachabilityAnalysisIntent.tsp#L26,true,https://github.com/Azure/azure-rest-api-specs/blob/bf9983dd77d8691739ffac9160ff8bb93bd74288/specification/network/resource-manager/Microsoft.Network/Network/Network/ReachabilityAnalysisIntent.tsp#L58,https://github.com/Azure/azure-rest-api-specs/blob/bf9983dd77d8691739ffac9160ff8bb93bd74288/specification/network/resource-manager/Microsoft.Network/Network/Network/ReachabilityAnalysisIntent.tsp#L68
microsoft.network/networkmanagers/verifierworkspaces/reachabilityanalysisruns|/subscriptions/{}/resourcegroups/{}/providers/microsoft.network/networkmanagers/{}/verifierworkspaces/{}/reachabilityanalysisruns/{},Microsoft.Network/networkManagers/verifierWorkspaces/reachabilityAnalysisRuns,/subscriptions/{subscriptionId}/resourceGroups/{resourceGroupName}/providers/Microsoft.Network/networkManagers/{networkManagerName}/verifierWorkspaces/{workspaceName}/reachabilityAnalysisRuns/{reachabilityAnalysisRunName},ReachabilityAnalysisRun,https://github.com/Azure/azure-rest-api-specs/blob/bf9983dd77d8691739ffac9160ff8bb93bd74288/specification/network/resource-manager/Microsoft.Network/Network/Network/ReachabilityAnalysisRun.tsp#L26,true,https://github.com/Azure/azure-rest-api-specs/blob/bf9983dd77d8691739ffac9160ff8bb93bd74288/specification/network/resource-manager/Microsoft.Network/Network/Network/ReachabilityAnalysisRun.tsp#L57,https://github.com/Azure/azure-rest-api-specs/blob/bf9983dd77d8691739ffac9160ff8bb93bd74288/specification/network/resource-manager/Microsoft.Network/Network/Network/ReachabilityAnalysisRun.tsp#L63
microsoft.network/routefilters|/subscriptions/{}/resourcegroups/{}/providers/microsoft.network/routefilters/{},Microsoft.Network/routeFilters,/subscriptions/{subscriptionId}/resourceGroups/{resourceGroupName}/providers/Microsoft.Network/routeFilters/{routeFilterName},RouteFilter,https://github.com/Azure/azure-rest-api-specs/blob/bf9983dd77d8691739ffac9160ff8bb93bd74288/specification/network/resource-manager/Microsoft.Network/Network/Network/RouteFilter.tsp#L24,true,https://github.com/Azure/azure-rest-api-specs/blob/bf9983dd77d8691739ffac9160ff8bb93bd74288/specification/network/resource-manager/Microsoft.Network/Network/Network/RouteFilter.tsp#L72,https://github.com/Azure/azure-rest-api-specs/blob/bf9983dd77d8691739ffac9160ff8bb93bd74288/specification/network/resource-manager/Microsoft.Network/Network/Network/RouteFilter.tsp#L89
microsoft.network/virtualhubs/routemaps|/subscriptions/{}/resourcegroups/{}/providers/microsoft.network/virtualhubs/{}/routemaps/{},Microsoft.Network/virtualHubs/routeMaps,/subscriptions/{subscriptionId}/resourceGroups/{resourceGroupName}/providers/Microsoft.Network/virtualHubs/{virtualHubName}/routeMaps/{routeMapName},RouteMap,https://github.com/Azure/azure-rest-api-specs/blob/bf9983dd77d8691739ffac9160ff8bb93bd74288/specification/network/resource-manager/Microsoft.Network/Network/Network/RouteMap.tsp#L26,true,https://github.com/Azure/azure-rest-api-specs/blob/bf9983dd77d8691739ffac9160ff8bb93bd74288/specification/network/resource-manager/Microsoft.Network/Network/Network/RouteMap.tsp#L53,https://github.com/Azure/azure-rest-api-specs/blob/bf9983dd77d8691739ffac9160ff8bb93bd74288/specification/network/resource-manager/Microsoft.Network/Network/Network/RouteMap.tsp#L58
microsoft.network/virtualhubs/routingintent|/subscriptions/{}/resourcegroups/{}/providers/microsoft.network/virtualhubs/{}/routingintent/{},Microsoft.Network/virtualHubs/routingIntent,/subscriptions/{subscriptionId}/resourceGroups/{resourceGroupName}/providers/Microsoft.Network/virtualHubs/{virtualHubName}/routingIntent/{routingIntentName},RoutingIntent,https://github.com/Azure/azure-rest-api-specs/blob/bf9983dd77d8691739ffac9160ff8bb93bd74288/specification/network/resource-manager/Microsoft.Network/Network/Network/RoutingIntent.tsp#L25,true,https://github.com/Azure/azure-rest-api-specs/blob/bf9983dd77d8691739ffac9160ff8bb93bd74288/specification/network/resource-manager/Microsoft.Network/Network/Network/RoutingIntent.tsp#L52,https://github.com/Azure/azure-rest-api-specs/blob/bf9983dd77d8691739ffac9160ff8bb93bd74288/specification/network/resource-manager/Microsoft.Network/Network/Network/RoutingIntent.tsp#L57
microsoft.network/networkmanagers/routingconfigurations/rulecollections/rules|/subscriptions/{}/resourcegroups/{}/providers/microsoft.network/networkmanagers/{}/routingconfigurations/{}/rulecollections/{}/rules/{},Microsoft.Network/networkManagers/routingConfigurations/ruleCollections/rules,/subscriptions/{subscriptionId}/resourceGroups/{resourceGroupName}/providers/Microsoft.Network/networkManagers/{networkManagerName}/routingConfigurations/{configurationName}/ruleCollections/{ruleCollectionName}/rules/{ruleName},RoutingRule,https://github.com/Azure/azure-rest-api-specs/blob/bf9983dd77d8691739ffac9160ff8bb93bd74288/specification/network/resource-manager/Microsoft.Network/Network/Network/RoutingRule.tsp#L26,true,https://github.com/Azure/azure-rest-api-specs/blob/bf9983dd77d8691739ffac9160ff8bb93bd74288/specification/network/resource-manager/Microsoft.Network/Network/Network/RoutingRule.tsp#L50,https://github.com/Azure/azure-rest-api-specs/blob/bf9983dd77d8691739ffac9160ff8bb93bd74288/specification/network/resource-manager/Microsoft.Network/Network/Network/RoutingRule.tsp#L55
microsoft.network/networkmanagers/routingconfigurations/rulecollections|/subscriptions/{}/resourcegroups/{}/providers/microsoft.network/networkmanagers/{}/routingconfigurations/{}/rulecollections/{},Microsoft.Network/networkManagers/routingConfigurations/ruleCollections,/subscriptions/{subscriptionId}/resourceGroups/{resourceGroupName}/providers/Microsoft.Network/networkManagers/{networkManagerName}/routingConfigurations/{configurationName}/ruleCollections/{ruleCollectionName},RoutingRuleCollection,https://github.com/Azure/azure-rest-api-specs/blob/bf9983dd77d8691739ffac9160ff8bb93bd74288/specification/network/resource-manager/Microsoft.Network/Network/Network/RoutingRuleCollection.tsp#L26,true,https://github.com/Azure/azure-rest-api-specs/blob/bf9983dd77d8691739ffac9160ff8bb93bd74288/specification/network/resource-manager/Microsoft.Network/Network/Network/RoutingRuleCollection.tsp#L50,https://github.com/Azure/azure-rest-api-specs/blob/bf9983dd77d8691739ffac9160ff8bb93bd74288/specification/network/resource-manager/Microsoft.Network/Network/Network/RoutingRuleCollection.tsp#L55
microsoft.network/networkmanagers/scopeconnections|/subscriptions/{}/resourcegroups/{}/providers/microsoft.network/networkmanagers/{}/scopeconnections/{},Microsoft.Network/networkManagers/scopeConnections,/subscriptions/{subscriptionId}/resourceGroups/{resourceGroupName}/providers/Microsoft.Network/networkManagers/{networkManagerName}/scopeConnections/{scopeConnectionName},ScopeConnection,https://github.com/Azure/azure-rest-api-specs/blob/bf9983dd77d8691739ffac9160ff8bb93bd74288/specification/network/resource-manager/Microsoft.Network/Network/Network/ScopeConnection.tsp#L26,true,https://github.com/Azure/azure-rest-api-specs/blob/bf9983dd77d8691739ffac9160ff8bb93bd74288/specification/network/resource-manager/Microsoft.Network/Network/Network/ScopeConnection.tsp#L56,https://github.com/Azure/azure-rest-api-specs/blob/bf9983dd77d8691739ffac9160ff8bb93bd74288/specification/network/resource-manager/Microsoft.Network/Network/Network/ScopeConnection.tsp#L61
microsoft.network/networkmanagers/securityadminconfigurations|/subscriptions/{}/resourcegroups/{}/providers/microsoft.network/networkmanagers/{}/securityadminconfigurations/{},Microsoft.Network/networkManagers/securityAdminConfigurations,/subscriptions/{subscriptionId}/resourceGroups/{resourceGroupName}/providers/Microsoft.Network/networkManagers/{networkManagerName}/securityAdminConfigurations/{configurationName},SecurityAdminConfiguration,https://github.com/Azure/azure-rest-api-specs/blob/bf9983dd77d8691739ffac9160ff8bb93bd74288/specification/network/resource-manager/Microsoft.Network/Network/Network/SecurityAdminConfiguration.tsp#L26,true,https://github.com/Azure/azure-rest-api-specs/blob/bf9983dd77d8691739ffac9160ff8bb93bd74288/specification/network/resource-manager/Microsoft.Network/Network/Network/SecurityAdminConfiguration.tsp#L49,https://github.com/Azure/azure-rest-api-specs/blob/bf9983dd77d8691739ffac9160ff8bb93bd74288/specification/network/resource-manager/Microsoft.Network/Network/Network/SecurityAdminConfiguration.tsp#L57
microsoft.network/securitypartnerproviders|/subscriptions/{}/resourcegroups/{}/providers/microsoft.network/securitypartnerproviders/{},Microsoft.Network/securityPartnerProviders,/subscriptions/{subscriptionId}/resourceGroups/{resourceGroupName}/providers/Microsoft.Network/securityPartnerProviders/{securityPartnerProviderName},SecurityPartnerProvider,https://github.com/Azure/azure-rest-api-specs/blob/bf9983dd77d8691739ffac9160ff8bb93bd74288/specification/network/resource-manager/Microsoft.Network/Network/Network/SecurityPartnerProvider.tsp#L24,true,https://github.com/Azure/azure-rest-api-specs/blob/bf9983dd77d8691739ffac9160ff8bb93bd74288/specification/network/resource-manager/Microsoft.Network/Network/Network/SecurityPartnerProvider.tsp#L48,https://github.com/Azure/azure-rest-api-specs/blob/bf9983dd77d8691739ffac9160ff8bb93bd74288/specification/network/resource-manager/Microsoft.Network/Network/Network/SecurityPartnerProvider.tsp#L53
microsoft.network/networkmanagers/securityuserconfigurations|/subscriptions/{}/resourcegroups/{}/providers/microsoft.network/networkmanagers/{}/securityuserconfigurations/{},Microsoft.Network/networkManagers/securityUserConfigurations,/subscriptions/{subscriptionId}/resourceGroups/{resourceGroupName}/providers/Microsoft.Network/networkManagers/{networkManagerName}/securityUserConfigurations/{configurationName},SecurityUserConfiguration,https://github.com/Azure/azure-rest-api-specs/blob/bf9983dd77d8691739ffac9160ff8bb93bd74288/specification/network/resource-manager/Microsoft.Network/Network/Network/SecurityUserConfiguration.tsp#L26,true,https://github.com/Azure/azure-rest-api-specs/blob/bf9983dd77d8691739ffac9160ff8bb93bd74288/specification/network/resource-manager/Microsoft.Network/Network/Network/SecurityUserConfiguration.tsp#L50,https://github.com/Azure/azure-rest-api-specs/blob/bf9983dd77d8691739ffac9160ff8bb93bd74288/specification/network/resource-manager/Microsoft.Network/Network/Network/SecurityUserConfiguration.tsp#L55
microsoft.network/networkmanagers/securityuserconfigurations/rulecollections/rules|/subscriptions/{}/resourcegroups/{}/providers/microsoft.network/networkmanagers/{}/securityuserconfigurations/{}/rulecollections/{}/rules/{},Microsoft.Network/networkManagers/securityUserConfigurations/ruleCollections/rules,/subscriptions/{subscriptionId}/resourceGroups/{resourceGroupName}/providers/Microsoft.Network/networkManagers/{networkManagerName}/securityUserConfigurations/{configurationName}/ruleCollections/{ruleCollectionName}/rules/{ruleName},SecurityUserRule,https://github.com/Azure/azure-rest-api-specs/blob/bf9983dd77d8691739ffac9160ff8bb93bd74288/specification/network/resource-manager/Microsoft.Network/Network/Network/SecurityUserRule.tsp#L26,true,https://github.com/Azure/azure-rest-api-specs/blob/bf9983dd77d8691739ffac9160ff8bb93bd74288/specification/network/resource-manager/Microsoft.Network/Network/Network/SecurityUserRule.tsp#L50,https://github.com/Azure/azure-rest-api-specs/blob/bf9983dd77d8691739ffac9160ff8bb93bd74288/specification/network/resource-manager/Microsoft.Network/Network/Network/SecurityUserRule.tsp#L55
microsoft.network/networkmanagers/securityuserconfigurations/rulecollections|/subscriptions/{}/resourcegroups/{}/providers/microsoft.network/networkmanagers/{}/securityuserconfigurations/{}/rulecollections/{},Microsoft.Network/networkManagers/securityUserConfigurations/ruleCollections,/subscriptions/{subscriptionId}/resourceGroups/{resourceGroupName}/providers/Microsoft.Network/networkManagers/{networkManagerName}/securityUserConfigurations/{configurationName}/ruleCollections/{ruleCollectionName},SecurityUserRuleCollection,https://github.com/Azure/azure-rest-api-specs/blob/bf9983dd77d8691739ffac9160ff8bb93bd74288/specification/network/resource-manager/Microsoft.Network/Network/Network/SecurityUserRuleCollection.tsp#L26,true,https://github.com/Azure/azure-rest-api-specs/blob/bf9983dd77d8691739ffac9160ff8bb93bd74288/specification/network/resource-manager/Microsoft.Network/Network/Network/SecurityUserRuleCollection.tsp#L50,https://github.com/Azure/azure-rest-api-specs/blob/bf9983dd77d8691739ffac9160ff8bb93bd74288/specification/network/resource-manager/Microsoft.Network/Network/Network/SecurityUserRuleCollection.tsp#L55
microsoft.network/servicegateways|/subscriptions/{}/resourcegroups/{}/providers/microsoft.network/servicegateways/{},Microsoft.Network/serviceGateways,/subscriptions/{subscriptionId}/resourceGroups/{resourceGroupName}/providers/Microsoft.Network/serviceGateways/{serviceGatewayName},ServiceGateway,https://github.com/Azure/azure-rest-api-specs/blob/bf9983dd77d8691739ffac9160ff8bb93bd74288/specification/network/resource-manager/Microsoft.Network/Network/Network/ServiceGateway.tsp#L26,true,https://github.com/Azure/azure-rest-api-specs/blob/bf9983dd77d8691739ffac9160ff8bb93bd74288/specification/network/resource-manager/Microsoft.Network/Network/Network/ServiceGateway.tsp#L82,https://github.com/Azure/azure-rest-api-specs/blob/bf9983dd77d8691739ffac9160ff8bb93bd74288/specification/network/resource-manager/Microsoft.Network/Network/Network/ServiceGateway.tsp#L87
microsoft.network/firewallpolicies/signatureoverrides|/subscriptions/{}/resourcegroups/{}/providers/microsoft.network/firewallpolicies/{}/signatureoverrides/default,Microsoft.Network/firewallPolicies/signatureOverrides,/subscriptions/{subscriptionId}/resourceGroups/{resourceGroupName}/providers/Microsoft.Network/firewallPolicies/{firewallPolicyName}/signatureOverrides/default,SignaturesOverrides,https://github.com/Azure/azure-rest-api-specs/blob/bf9983dd77d8691739ffac9160ff8bb93bd74288/specification/network/resource-manager/Microsoft.Network/Network/Network/SignaturesOverrides.tsp#L27,true,https://github.com/Azure/azure-rest-api-specs/blob/bf9983dd77d8691739ffac9160ff8bb93bd74288/specification/network/resource-manager/Microsoft.Network/Network/Network/SignaturesOverrides.tsp#L74,https://github.com/Azure/azure-rest-api-specs/blob/bf9983dd77d8691739ffac9160ff8bb93bd74288/specification/network/resource-manager/Microsoft.Network/Network/Network/SignaturesOverrides.tsp#L80
microsoft.network/networkmanagers/ipampools/staticcidrs|/subscriptions/{}/resourcegroups/{}/providers/microsoft.network/networkmanagers/{}/ipampools/{}/staticcidrs/{},Microsoft.Network/networkManagers/ipamPools/staticCidrs,/subscriptions/{subscriptionId}/resourceGroups/{resourceGroupName}/providers/Microsoft.Network/networkManagers/{networkManagerName}/ipamPools/{poolName}/staticCidrs/{staticCidrName},StaticCidr,https://github.com/Azure/azure-rest-api-specs/blob/bf9983dd77d8691739ffac9160ff8bb93bd74288/specification/network/resource-manager/Microsoft.Network/Network/Network/StaticCidr.tsp#L26,false,https://github.com/Azure/azure-rest-api-specs/blob/bf9983dd77d8691739ffac9160ff8bb93bd74288/specification/network/resource-manager/Microsoft.Network/Network/Network/StaticCidr.tsp#L84,
microsoft.network/networkmanagers/networkgroups/staticmembers|/subscriptions/{}/resourcegroups/{}/providers/microsoft.network/networkmanagers/{}/networkgroups/{}/staticmembers/{},Microsoft.Network/networkManagers/networkGroups/staticMembers,/subscriptions/{subscriptionId}/resourceGroups/{resourceGroupName}/providers/Microsoft.Network/networkManagers/{networkManagerName}/networkGroups/{networkGroupName}/staticMembers/{staticMemberName},StaticMember,https://github.com/Azure/azure-rest-api-specs/blob/bf9983dd77d8691739ffac9160ff8bb93bd74288/specification/network/resource-manager/Microsoft.Network/Network/Network/StaticMember.tsp#L26,true,https://github.com/Azure/azure-rest-api-specs/blob/bf9983dd77d8691739ffac9160ff8bb93bd74288/specification/network/resource-manager/Microsoft.Network/Network/Network/StaticMember.tsp#L49,https://github.com/Azure/azure-rest-api-specs/blob/bf9983dd77d8691739ffac9160ff8bb93bd74288/specification/network/resource-manager/Microsoft.Network/Network/Network/StaticMember.tsp#L54
microsoft.network/interconnectgroups/subgroups|/subscriptions/{}/resourcegroups/{}/providers/microsoft.network/interconnectgroups/{}/subgroups/{},Microsoft.Network/interconnectGroups/subgroups,/subscriptions/{subscriptionId}/resourceGroups/{resourceGroupName}/providers/Microsoft.Network/interconnectGroups/{interconnectGroupName}/subgroups/{subgroupName},Subgroup,https://github.com/Azure/azure-rest-api-specs/blob/bf9983dd77d8691739ffac9160ff8bb93bd74288/specification/network/resource-manager/Microsoft.Network/Network/Network/InterconnectGroup.tsp#L61,false,https://github.com/Azure/azure-rest-api-specs/blob/bf9983dd77d8691739ffac9160ff8bb93bd74288/specification/network/resource-manager/Microsoft.Network/Network/Network/InterconnectGroup.tsp#L139,
microsoft.network/networkmanagerconnections|/subscriptions/{}/providers/microsoft.network/networkmanagerconnections/{},Microsoft.Network/networkManagerConnections,/subscriptions/{subscriptionId}/providers/Microsoft.Network/networkManagerConnections/{networkManagerConnectionName},SubscriptionsNetworkManagerConnections,https://github.com/Azure/azure-rest-api-specs/blob/bf9983dd77d8691739ffac9160ff8bb93bd74288/specification/network/resource-manager/Microsoft.Network/Network/Network/NetworkManagerConnection.tsp#L25,true,https://github.com/Azure/azure-rest-api-specs/blob/bf9983dd77d8691739ffac9160ff8bb93bd74288/specification/network/resource-manager/Microsoft.Network/Network/Network/NetworkManagerConnection.tsp#L69,https://github.com/Azure/azure-rest-api-specs/blob/bf9983dd77d8691739ffac9160ff8bb93bd74288/specification/network/resource-manager/Microsoft.Network/Network/Network/NetworkManagerConnection.tsp#L77
microsoft.network/networkmanagers/verifierworkspaces|/subscriptions/{}/resourcegroups/{}/providers/microsoft.network/networkmanagers/{}/verifierworkspaces/{},Microsoft.Network/networkManagers/verifierWorkspaces,/subscriptions/{subscriptionId}/resourceGroups/{resourceGroupName}/providers/Microsoft.Network/networkManagers/{networkManagerName}/verifierWorkspaces/{workspaceName},VerifierWorkspace,https://github.com/Azure/azure-rest-api-specs/blob/bf9983dd77d8691739ffac9160ff8bb93bd74288/specification/network/resource-manager/Microsoft.Network/Network/Network/VerifierWorkspace.tsp#L26,true,https://github.com/Azure/azure-rest-api-specs/blob/bf9983dd77d8691739ffac9160ff8bb93bd74288/specification/network/resource-manager/Microsoft.Network/Network/Network/VerifierWorkspace.tsp#L63,https://github.com/Azure/azure-rest-api-specs/blob/bf9983dd77d8691739ffac9160ff8bb93bd74288/specification/network/resource-manager/Microsoft.Network/Network/Network/VerifierWorkspace.tsp#L69
microsoft.network/networkvirtualappliances/virtualappliancesites|/subscriptions/{}/resourcegroups/{}/providers/microsoft.network/networkvirtualappliances/{}/virtualappliancesites/{},Microsoft.Network/networkVirtualAppliances/virtualApplianceSites,/subscriptions/{subscriptionId}/resourceGroups/{resourceGroupName}/providers/Microsoft.Network/networkVirtualAppliances/{networkVirtualApplianceName}/virtualApplianceSites/{siteName},VirtualApplianceSite,https://github.com/Azure/azure-rest-api-specs/blob/bf9983dd77d8691739ffac9160ff8bb93bd74288/specification/network/resource-manager/Microsoft.Network/Network/Network/VirtualApplianceSite.tsp#L26,true,https://github.com/Azure/azure-rest-api-specs/blob/bf9983dd77d8691739ffac9160ff8bb93bd74288/specification/network/resource-manager/Microsoft.Network/Network/Network/VirtualApplianceSite.tsp#L53,https://github.com/Azure/azure-rest-api-specs/blob/bf9983dd77d8691739ffac9160ff8bb93bd74288/specification/network/resource-manager/Microsoft.Network/Network/Network/VirtualApplianceSite.tsp#L58
microsoft.network/virtualhubs|/subscriptions/{}/resourcegroups/{}/providers/microsoft.network/virtualhubs/{},Microsoft.Network/virtualHubs,/subscriptions/{subscriptionId}/resourceGroups/{resourceGroupName}/providers/Microsoft.Network/virtualHubs/{virtualHubName},VirtualHub,https://github.com/Azure/azure-rest-api-specs/blob/bf9983dd77d8691739ffac9160ff8bb93bd74288/specification/network/resource-manager/Microsoft.Network/Network/Network/VirtualHub.tsp#L24,true,https://github.com/Azure/azure-rest-api-specs/blob/bf9983dd77d8691739ffac9160ff8bb93bd74288/specification/network/resource-manager/Microsoft.Network/Network/Network/VirtualHub.tsp#L104,https://github.com/Azure/azure-rest-api-specs/blob/bf9983dd77d8691739ffac9160ff8bb93bd74288/specification/network/resource-manager/Microsoft.Network/Network/Network/VirtualHub.tsp#L110
microsoft.network/virtualnetworkappliances|/subscriptions/{}/resourcegroups/{}/providers/microsoft.network/virtualnetworkappliances/{},Microsoft.Network/virtualNetworkAppliances,/subscriptions/{subscriptionId}/resourceGroups/{resourceGroupName}/providers/Microsoft.Network/virtualNetworkAppliances/{virtualNetworkApplianceName},VirtualNetworkAppliance,https://github.com/Azure/azure-rest-api-specs/blob/bf9983dd77d8691739ffac9160ff8bb93bd74288/specification/network/resource-manager/Microsoft.Network/Network/Network/VirtualNetworkAppliance.tsp#L25,true,https://github.com/Azure/azure-rest-api-specs/blob/bf9983dd77d8691739ffac9160ff8bb93bd74288/specification/network/resource-manager/Microsoft.Network/Network/Network/VirtualNetworkAppliance.tsp#L50,https://github.com/Azure/azure-rest-api-specs/blob/bf9983dd77d8691739ffac9160ff8bb93bd74288/specification/network/resource-manager/Microsoft.Network/Network/Network/VirtualNetworkAppliance.tsp#L55
microsoft.network/virtualnetworkgateways|/subscriptions/{}/resourcegroups/{}/providers/microsoft.network/virtualnetworkgateways/{},Microsoft.Network/virtualNetworkGateways,/subscriptions/{subscriptionId}/resourceGroups/{resourceGroupName}/providers/Microsoft.Network/virtualNetworkGateways/{virtualNetworkGatewayName},VirtualNetworkGateway,https://github.com/Azure/azure-rest-api-specs/blob/bf9983dd77d8691739ffac9160ff8bb93bd74288/specification/network/resource-manager/Microsoft.Network/Network/Network/VirtualNetworkGateway.tsp#L25,true,https://github.com/Azure/azure-rest-api-specs/blob/bf9983dd77d8691739ffac9160ff8bb93bd74288/specification/network/resource-manager/Microsoft.Network/Network/Network/VirtualNetworkGateway.tsp#L62,https://github.com/Azure/azure-rest-api-specs/blob/bf9983dd77d8691739ffac9160ff8bb93bd74288/specification/network/resource-manager/Microsoft.Network/Network/Network/VirtualNetworkGateway.tsp#L68
microsoft.network/connections|/subscriptions/{}/resourcegroups/{}/providers/microsoft.network/connections/{},Microsoft.Network/connections,/subscriptions/{subscriptionId}/resourceGroups/{resourceGroupName}/providers/Microsoft.Network/connections/{virtualNetworkGatewayConnectionName},VirtualNetworkGatewayConnection,https://github.com/Azure/azure-rest-api-specs/blob/bf9983dd77d8691739ffac9160ff8bb93bd74288/specification/network/resource-manager/Microsoft.Network/Network/Network/VirtualNetworkGatewayConnection.tsp#L24,true,https://github.com/Azure/azure-rest-api-specs/blob/bf9983dd77d8691739ffac9160ff8bb93bd74288/specification/network/resource-manager/Microsoft.Network/Network/Network/VirtualNetworkGatewayConnection.tsp#L49,https://github.com/Azure/azure-rest-api-specs/blob/bf9983dd77d8691739ffac9160ff8bb93bd74288/specification/network/resource-manager/Microsoft.Network/Network/Network/VirtualNetworkGatewayConnection.tsp#L55
microsoft.network/virtualnetworkgateways/natrules|/subscriptions/{}/resourcegroups/{}/providers/microsoft.network/virtualnetworkgateways/{}/natrules/{},Microsoft.Network/virtualNetworkGateways/natRules,/subscriptions/{subscriptionId}/resourceGroups/{resourceGroupName}/providers/Microsoft.Network/virtualNetworkGateways/{virtualNetworkGatewayName}/natRules/{natRuleName},VirtualNetworkGatewayNatRule,https://github.com/Azure/azure-rest-api-specs/blob/bf9983dd77d8691739ffac9160ff8bb93bd74288/specification/network/resource-manager/Microsoft.Network/Network/Network/VirtualNetworkGatewayNatRule.tsp#L26,true,https://github.com/Azure/azure-rest-api-specs/blob/bf9983dd77d8691739ffac9160ff8bb93bd74288/specification/network/resource-manager/Microsoft.Network/Network/Network/VirtualNetworkGatewayNatRule.tsp#L53,https://github.com/Azure/azure-rest-api-specs/blob/bf9983dd77d8691739ffac9160ff8bb93bd74288/specification/network/resource-manager/Microsoft.Network/Network/Network/VirtualNetworkGatewayNatRule.tsp#L58
microsoft.network/virtualrouters|/subscriptions/{}/resourcegroups/{}/providers/microsoft.network/virtualrouters/{},Microsoft.Network/virtualRouters,/subscriptions/{subscriptionId}/resourceGroups/{resourceGroupName}/providers/Microsoft.Network/virtualRouters/{virtualRouterName},VirtualRouter,https://github.com/Azure/azure-rest-api-specs/blob/bf9983dd77d8691739ffac9160ff8bb93bd74288/specification/network/resource-manager/Microsoft.Network/Network/Network/VirtualRouter.tsp#L24,true,https://github.com/Azure/azure-rest-api-specs/blob/bf9983dd77d8691739ffac9160ff8bb93bd74288/specification/network/resource-manager/Microsoft.Network/Network/Network/VirtualRouter.tsp#L48,https://github.com/Azure/azure-rest-api-specs/blob/bf9983dd77d8691739ffac9160ff8bb93bd74288/specification/network/resource-manager/Microsoft.Network/Network/Network/VirtualRouter.tsp#L63
microsoft.network/virtualrouters/peerings|/subscriptions/{}/resourcegroups/{}/providers/microsoft.network/virtualrouters/{}/peerings/{},Microsoft.Network/virtualRouters/peerings,/subscriptions/{subscriptionId}/resourceGroups/{resourceGroupName}/providers/Microsoft.Network/virtualRouters/{virtualRouterName}/peerings/{peeringName},VirtualRouterPeering,https://github.com/Azure/azure-rest-api-specs/blob/bf9983dd77d8691739ffac9160ff8bb93bd74288/specification/network/resource-manager/Microsoft.Network/Network/Network/VirtualRouterPeering.tsp#L26,true,https://github.com/Azure/azure-rest-api-specs/blob/bf9983dd77d8691739ffac9160ff8bb93bd74288/specification/network/resource-manager/Microsoft.Network/Network/Network/VirtualRouterPeering.tsp#L53,https://github.com/Azure/azure-rest-api-specs/blob/bf9983dd77d8691739ffac9160ff8bb93bd74288/specification/network/resource-manager/Microsoft.Network/Network/Network/VirtualRouterPeering.tsp#L58
microsoft.network/virtualwans|/subscriptions/{}/resourcegroups/{}/providers/microsoft.network/virtualwans/{},Microsoft.Network/virtualWans,/subscriptions/{subscriptionId}/resourceGroups/{resourceGroupName}/providers/Microsoft.Network/virtualWans/{VirtualWANName},VirtualWAN,https://github.com/Azure/azure-rest-api-specs/blob/bf9983dd77d8691739ffac9160ff8bb93bd74288/specification/network/resource-manager/Microsoft.Network/Network/Network/VirtualWAN.tsp#L25,true,https://github.com/Azure/azure-rest-api-specs/blob/bf9983dd77d8691739ffac9160ff8bb93bd74288/specification/network/resource-manager/Microsoft.Network/Network/Network/VirtualWAN.tsp#L68,https://github.com/Azure/azure-rest-api-specs/blob/bf9983dd77d8691739ffac9160ff8bb93bd74288/specification/network/resource-manager/Microsoft.Network/Network/Network/VirtualWAN.tsp#L73
microsoft.network/vpngateways/vpnconnections|/subscriptions/{}/resourcegroups/{}/providers/microsoft.network/vpngateways/{}/vpnconnections/{},Microsoft.Network/vpnGateways/vpnConnections,/subscriptions/{subscriptionId}/resourceGroups/{resourceGroupName}/providers/Microsoft.Network/vpnGateways/{gatewayName}/vpnConnections/{connectionName},VpnConnection,https://github.com/Azure/azure-rest-api-specs/blob/bf9983dd77d8691739ffac9160ff8bb93bd74288/specification/network/resource-manager/Microsoft.Network/Network/Network/VpnSiteLinkConnection.tsp#L26,false,,
microsoft.network/vpngateways/vpnconnections/vpnlinkconnections|/subscriptions/{}/resourcegroups/{}/providers/microsoft.network/vpngateways/{}/vpnconnections/{}/vpnlinkconnections/{},Microsoft.Network/vpnGateways/vpnConnections/vpnLinkConnections,/subscriptions/{subscriptionId}/resourceGroups/{resourceGroupName}/providers/Microsoft.Network/vpnGateways/{gatewayName}/vpnConnections/{connectionName}/vpnLinkConnections/{linkConnectionName},VpnConnectionsVpnLinkConnections,https://github.com/Azure/azure-rest-api-specs/blob/bf9983dd77d8691739ffac9160ff8bb93bd74288/specification/network/resource-manager/Microsoft.Network/Network/Network/VpnSiteLinkConnection.tsp#L26,false,https://github.com/Azure/azure-rest-api-specs/blob/bf9983dd77d8691739ffac9160ff8bb93bd74288/specification/network/resource-manager/Microsoft.Network/Network/Network/VpnSiteLinkConnection.tsp#L81,
microsoft.network/vpngateways|/subscriptions/{}/resourcegroups/{}/providers/microsoft.network/vpngateways/{},Microsoft.Network/vpnGateways,/subscriptions/{subscriptionId}/resourceGroups/{resourceGroupName}/providers/Microsoft.Network/vpnGateways/{gatewayName},VpnGateway,https://github.com/Azure/azure-rest-api-specs/blob/bf9983dd77d8691739ffac9160ff8bb93bd74288/specification/network/resource-manager/Microsoft.Network/Network/Network/VpnGateway.tsp#L24,true,https://github.com/Azure/azure-rest-api-specs/blob/bf9983dd77d8691739ffac9160ff8bb93bd74288/specification/network/resource-manager/Microsoft.Network/Network/Network/VpnGateway.tsp#L95,https://github.com/Azure/azure-rest-api-specs/blob/bf9983dd77d8691739ffac9160ff8bb93bd74288/specification/network/resource-manager/Microsoft.Network/Network/Network/VpnGateway.tsp#L101
microsoft.network/vpngateways/natrules|/subscriptions/{}/resourcegroups/{}/providers/microsoft.network/vpngateways/{}/natrules/{},Microsoft.Network/vpnGateways/natRules,/subscriptions/{subscriptionId}/resourceGroups/{resourceGroupName}/providers/Microsoft.Network/vpnGateways/{gatewayName}/natRules/{natRuleName},VpnGatewayNatRule,https://github.com/Azure/azure-rest-api-specs/blob/bf9983dd77d8691739ffac9160ff8bb93bd74288/specification/network/resource-manager/Microsoft.Network/Network/Network/VpnGatewayNatRule.tsp#L26,true,https://github.com/Azure/azure-rest-api-specs/blob/bf9983dd77d8691739ffac9160ff8bb93bd74288/specification/network/resource-manager/Microsoft.Network/Network/Network/VpnGatewayNatRule.tsp#L53,https://github.com/Azure/azure-rest-api-specs/blob/bf9983dd77d8691739ffac9160ff8bb93bd74288/specification/network/resource-manager/Microsoft.Network/Network/Network/VpnGatewayNatRule.tsp#L58
microsoft.network/vpngateways/vpnconnections/vpnlinkconnections/sharedkeys|/subscriptions/{}/resourcegroups/{}/providers/microsoft.network/vpngateways/{}/vpnconnections/{}/vpnlinkconnections/{}/sharedkeys/default,Microsoft.Network/vpnGateways/vpnConnections/vpnLinkConnections/sharedKeys,/subscriptions/{subscriptionId}/resourceGroups/{resourceGroupName}/providers/Microsoft.Network/vpnGateways/{gatewayName}/vpnConnections/{connectionName}/vpnLinkConnections/{linkConnectionName}/sharedKeys/default,VpnLinkConnectionsSharedKeys,https://github.com/Azure/azure-rest-api-specs/blob/bf9983dd77d8691739ffac9160ff8bb93bd74288/specification/network/resource-manager/Microsoft.Network/Network/Network/ConnectionSharedKeyResult.tsp#L27,true,https://github.com/Azure/azure-rest-api-specs/blob/bf9983dd77d8691739ffac9160ff8bb93bd74288/specification/network/resource-manager/Microsoft.Network/Network/Network/ConnectionSharedKeyResult.tsp#L81,https://github.com/Azure/azure-rest-api-specs/blob/bf9983dd77d8691739ffac9160ff8bb93bd74288/specification/network/resource-manager/Microsoft.Network/Network/Network/ConnectionSharedKeyResult.tsp#L89
microsoft.network/vpnserverconfigurations|/subscriptions/{}/resourcegroups/{}/providers/microsoft.network/vpnserverconfigurations/{},Microsoft.Network/vpnServerConfigurations,/subscriptions/{subscriptionId}/resourceGroups/{resourceGroupName}/providers/Microsoft.Network/vpnServerConfigurations/{vpnServerConfigurationName},VpnServerConfiguration,https://github.com/Azure/azure-rest-api-specs/blob/bf9983dd77d8691739ffac9160ff8bb93bd74288/specification/network/resource-manager/Microsoft.Network/Network/Network/VpnServerConfiguration.tsp#L24,true,https://github.com/Azure/azure-rest-api-specs/blob/bf9983dd77d8691739ffac9160ff8bb93bd74288/specification/network/resource-manager/Microsoft.Network/Network/Network/VpnServerConfiguration.tsp#L48,https://github.com/Azure/azure-rest-api-specs/blob/bf9983dd77d8691739ffac9160ff8bb93bd74288/specification/network/resource-manager/Microsoft.Network/Network/Network/VpnServerConfiguration.tsp#L53
microsoft.network/vpnserverconfigurations/configurationpolicygroups|/subscriptions/{}/resourcegroups/{}/providers/microsoft.network/vpnserverconfigurations/{}/configurationpolicygroups/{},Microsoft.Network/vpnServerConfigurations/configurationPolicyGroups,/subscriptions/{subscriptionId}/resourceGroups/{resourceGroupName}/providers/Microsoft.Network/vpnServerConfigurations/{vpnServerConfigurationName}/configurationPolicyGroups/{configurationPolicyGroupName},VpnServerConfigurationPolicyGroup,https://github.com/Azure/azure-rest-api-specs/blob/bf9983dd77d8691739ffac9160ff8bb93bd74288/specification/network/resource-manager/Microsoft.Network/Network/Network/VpnServerConfigurationPolicyGroup.tsp#L26,true,https://github.com/Azure/azure-rest-api-specs/blob/bf9983dd77d8691739ffac9160ff8bb93bd74288/specification/network/resource-manager/Microsoft.Network/Network/Network/VpnServerConfigurationPolicyGroup.tsp#L53,https://github.com/Azure/azure-rest-api-specs/blob/bf9983dd77d8691739ffac9160ff8bb93bd74288/specification/network/resource-manager/Microsoft.Network/Network/Network/VpnServerConfigurationPolicyGroup.tsp#L58
microsoft.network/vpnsites|/subscriptions/{}/resourcegroups/{}/providers/microsoft.network/vpnsites/{},Microsoft.Network/vpnSites,/subscriptions/{subscriptionId}/resourceGroups/{resourceGroupName}/providers/Microsoft.Network/vpnSites/{vpnSiteName},VpnSite,https://github.com/Azure/azure-rest-api-specs/blob/bf9983dd77d8691739ffac9160ff8bb93bd74288/specification/network/resource-manager/Microsoft.Network/Network/Network/VpnSite.tsp#L24,true,https://github.com/Azure/azure-rest-api-specs/blob/bf9983dd77d8691739ffac9160ff8bb93bd74288/specification/network/resource-manager/Microsoft.Network/Network/Network/VpnSite.tsp#L48,https://github.com/Azure/azure-rest-api-specs/blob/bf9983dd77d8691739ffac9160ff8bb93bd74288/specification/network/resource-manager/Microsoft.Network/Network/Network/VpnSite.tsp#L53
microsoft.network/vpnsites/vpnsitelinks|/subscriptions/{}/resourcegroups/{}/providers/microsoft.network/vpnsites/{}/vpnsitelinks/{},Microsoft.Network/vpnSites/vpnSiteLinks,/subscriptions/{subscriptionId}/resourceGroups/{resourceGroupName}/providers/Microsoft.Network/vpnSites/{vpnSiteName}/vpnSiteLinks/{vpnSiteLinkName},VpnSiteLink,https://github.com/Azure/azure-rest-api-specs/blob/bf9983dd77d8691739ffac9160ff8bb93bd74288/specification/network/resource-manager/Microsoft.Network/Network/Network/VpnSiteLink.tsp#L26,false,https://github.com/Azure/azure-rest-api-specs/blob/bf9983dd77d8691739ffac9160ff8bb93bd74288/specification/network/resource-manager/Microsoft.Network/Network/Network/VpnSiteLink.tsp#L53,
microsoft.network/applicationgatewaywebapplicationfirewallpolicies|/subscriptions/{}/resourcegroups/{}/providers/microsoft.network/applicationgatewaywebapplicationfirewallpolicies/{},Microsoft.Network/ApplicationGatewayWebApplicationFirewallPolicies,/subscriptions/{subscriptionId}/resourceGroups/{resourceGroupName}/providers/Microsoft.Network/ApplicationGatewayWebApplicationFirewallPolicies/{policyName},WebApplicationFirewallPolicy,https://github.com/Azure/azure-rest-api-specs/blob/bf9983dd77d8691739ffac9160ff8bb93bd74288/specification/network/resource-manager/Microsoft.Network/Network/Network/WebApplicationFirewallPolicy.tsp#L24,true,https://github.com/Azure/azure-rest-api-specs/blob/bf9983dd77d8691739ffac9160ff8bb93bd74288/specification/network/resource-manager/Microsoft.Network/Network/Network/WebApplicationFirewallPolicy.tsp#L48,https://github.com/Azure/azure-rest-api-specs/blob/bf9983dd77d8691739ffac9160ff8bb93bd74288/specification/network/resource-manager/Microsoft.Network/Network/Network/WebApplicationFirewallPolicy.tsp#L53
