operationKey,operationName,operationVerb,operationPath,operationKind,operationDefinition,resourceKey,resourceType,resourceInstancePath,resourceName
delete|/subscriptions/{}/resourcegroups/{}/providers/microsoft.compute/availabilitysets/{},delete,delete,/subscriptions/{subscriptionId}/resourceGroups/{resourceGroupName}/providers/Microsoft.Compute/availabilitySets/{availabilitySetName},delete,https://github.com/Azure/azure-rest-api-specs/blob/fe2ecb8ba063bedd3fab06de547cb4fd2eb99658/specification/compute/resource-manager/Microsoft.Compute/Compute/Compute/AvailabilitySet.tsp#L59,microsoft.compute/availabilitysets|/subscriptions/{}/resourcegroups/{}/providers/microsoft.compute/availabilitysets/{},Microsoft.Compute/availabilitySets,/subscriptions/{subscriptionId}/resourceGroups/{resourceGroupName}/providers/Microsoft.Compute/availabilitySets/{availabilitySetName},AvailabilitySet
delete|/subscriptions/{}/resourcegroups/{}/providers/microsoft.compute/capacityreservationgroups/{}/capacityreservations/{},delete,delete,/subscriptions/{subscriptionId}/resourceGroups/{resourceGroupName}/providers/Microsoft.Compute/capacityReservationGroups/{capacityReservationGroupName}/capacityReservations/{capacityReservationName},delete,https://github.com/Azure/azure-rest-api-specs/blob/fe2ecb8ba063bedd3fab06de547cb4fd2eb99658/specification/compute/resource-manager/Microsoft.Compute/Compute/Compute/CapacityReservation.tsp#L87,microsoft.compute/capacityreservationgroups/capacityreservations|/subscriptions/{}/resourcegroups/{}/providers/microsoft.compute/capacityreservationgroups/{}/capacityreservations/{},Microsoft.Compute/capacityReservationGroups/capacityReservations,/subscriptions/{subscriptionId}/resourceGroups/{resourceGroupName}/providers/Microsoft.Compute/capacityReservationGroups/{capacityReservationGroupName}/capacityReservations/{capacityReservationName},CapacityReservation
delete|/subscriptions/{}/resourcegroups/{}/providers/microsoft.compute/capacityreservationgroups/{},delete,delete,/subscriptions/{subscriptionId}/resourceGroups/{resourceGroupName}/providers/Microsoft.Compute/capacityReservationGroups/{capacityReservationGroupName},delete,https://github.com/Azure/azure-rest-api-specs/blob/fe2ecb8ba063bedd3fab06de547cb4fd2eb99658/specification/compute/resource-manager/Microsoft.Compute/Compute/Compute/CapacityReservationGroup.tsp#L62,microsoft.compute/capacityreservationgroups|/subscriptions/{}/resourcegroups/{}/providers/microsoft.compute/capacityreservationgroups/{},Microsoft.Compute/capacityReservationGroups,/subscriptions/{subscriptionId}/resourceGroups/{resourceGroupName}/providers/Microsoft.Compute/capacityReservationGroups/{capacityReservationGroupName},CapacityReservationGroup
delete|/subscriptions/{}/resourcegroups/{}/providers/microsoft.compute/hostgroups/{}/hosts/{},delete,delete,/subscriptions/{subscriptionId}/resourceGroups/{resourceGroupName}/providers/Microsoft.Compute/hostGroups/{hostGroupName}/hosts/{hostName},delete,https://github.com/Azure/azure-rest-api-specs/blob/fe2ecb8ba063bedd3fab06de547cb4fd2eb99658/specification/compute/resource-manager/Microsoft.Compute/Compute/Compute/DedicatedHost.tsp#L82,microsoft.compute/hostgroups/hosts|/subscriptions/{}/resourcegroups/{}/providers/microsoft.compute/hostgroups/{}/hosts/{},Microsoft.Compute/hostGroups/hosts,/subscriptions/{subscriptionId}/resourceGroups/{resourceGroupName}/providers/Microsoft.Compute/hostGroups/{hostGroupName}/hosts/{hostName},DedicatedHost
delete|/subscriptions/{}/resourcegroups/{}/providers/microsoft.compute/hostgroups/{},delete,delete,/subscriptions/{subscriptionId}/resourceGroups/{resourceGroupName}/providers/Microsoft.Compute/hostGroups/{hostGroupName},delete,https://github.com/Azure/azure-rest-api-specs/blob/fe2ecb8ba063bedd3fab06de547cb4fd2eb99658/specification/compute/resource-manager/Microsoft.Compute/Compute/Compute/DedicatedHostGroup.tsp#L62,microsoft.compute/hostgroups|/subscriptions/{}/resourcegroups/{}/providers/microsoft.compute/hostgroups/{},Microsoft.Compute/hostGroups,/subscriptions/{subscriptionId}/resourceGroups/{resourceGroupName}/providers/Microsoft.Compute/hostGroups/{hostGroupName},DedicatedHostGroup
delete|/subscriptions/{}/resourcegroups/{}/providers/microsoft.compute/images/{},delete,delete,/subscriptions/{subscriptionId}/resourceGroups/{resourceGroupName}/providers/Microsoft.Compute/images/{imageName},delete,https://github.com/Azure/azure-rest-api-specs/blob/fe2ecb8ba063bedd3fab06de547cb4fd2eb99658/specification/compute/resource-manager/Microsoft.Compute/Compute/Compute/Image.tsp#L79,microsoft.compute/images|/subscriptions/{}/resourcegroups/{}/providers/microsoft.compute/images/{},Microsoft.Compute/images,/subscriptions/{subscriptionId}/resourceGroups/{resourceGroupName}/providers/Microsoft.Compute/images/{imageName},Image
delete|/subscriptions/{}/resourcegroups/{}/providers/microsoft.compute/interconnectblocks/{},delete,delete,/subscriptions/{subscriptionId}/resourceGroups/{resourceGroupName}/providers/Microsoft.Compute/interconnectBlocks/{interconnectBlockName},delete,https://github.com/Azure/azure-rest-api-specs/blob/fe2ecb8ba063bedd3fab06de547cb4fd2eb99658/specification/compute/resource-manager/Microsoft.Compute/Compute/Compute/InterconnectBlock.tsp#L83,microsoft.compute/interconnectblocks|/subscriptions/{}/resourcegroups/{}/providers/microsoft.compute/interconnectblocks/{},Microsoft.Compute/interconnectBlocks,/subscriptions/{subscriptionId}/resourceGroups/{resourceGroupName}/providers/Microsoft.Compute/interconnectBlocks/{interconnectBlockName},InterconnectBlock
delete|/subscriptions/{}/resourcegroups/{}/providers/microsoft.compute/proximityplacementgroups/{},delete,delete,/subscriptions/{subscriptionId}/resourceGroups/{resourceGroupName}/providers/Microsoft.Compute/proximityPlacementGroups/{proximityPlacementGroupName},delete,https://github.com/Azure/azure-rest-api-specs/blob/fe2ecb8ba063bedd3fab06de547cb4fd2eb99658/specification/compute/resource-manager/Microsoft.Compute/Compute/Compute/ProximityPlacementGroup.tsp#L63,microsoft.compute/proximityplacementgroups|/subscriptions/{}/resourcegroups/{}/providers/microsoft.compute/proximityplacementgroups/{},Microsoft.Compute/proximityPlacementGroups,/subscriptions/{subscriptionId}/resourceGroups/{resourceGroupName}/providers/Microsoft.Compute/proximityPlacementGroups/{proximityPlacementGroupName},ProximityPlacementGroup
delete|/subscriptions/{}/resourcegroups/{}/providers/microsoft.compute/restorepointcollections/{}/restorepoints/{},delete,delete,/subscriptions/{subscriptionId}/resourceGroups/{resourceGroupName}/providers/Microsoft.Compute/restorePointCollections/{restorePointCollectionName}/restorePoints/{restorePointName},delete,https://github.com/Azure/azure-rest-api-specs/blob/fe2ecb8ba063bedd3fab06de547cb4fd2eb99658/specification/compute/resource-manager/Microsoft.Compute/Compute/Compute/RestorePoint.tsp#L64,microsoft.compute/restorepointcollections/restorepoints|/subscriptions/{}/resourcegroups/{}/providers/microsoft.compute/restorepointcollections/{}/restorepoints/{},Microsoft.Compute/restorePointCollections/restorePoints,/subscriptions/{subscriptionId}/resourceGroups/{resourceGroupName}/providers/Microsoft.Compute/restorePointCollections/{restorePointCollectionName}/restorePoints/{restorePointName},RestorePoint
delete|/subscriptions/{}/resourcegroups/{}/providers/microsoft.compute/restorepointcollections/{},delete,delete,/subscriptions/{subscriptionId}/resourceGroups/{resourceGroupName}/providers/Microsoft.Compute/restorePointCollections/{restorePointCollectionName},delete,https://github.com/Azure/azure-rest-api-specs/blob/fe2ecb8ba063bedd3fab06de547cb4fd2eb99658/specification/compute/resource-manager/Microsoft.Compute/Compute/Compute/RestorePointCollection.tsp#L63,microsoft.compute/restorepointcollections|/subscriptions/{}/resourcegroups/{}/providers/microsoft.compute/restorepointcollections/{},Microsoft.Compute/restorePointCollections,/subscriptions/{subscriptionId}/resourceGroups/{resourceGroupName}/providers/Microsoft.Compute/restorePointCollections/{restorePointCollectionName},RestorePointCollection
delete|/subscriptions/{}/resourcegroups/{}/providers/microsoft.compute/sshpublickeys/{},delete,delete,/subscriptions/{subscriptionId}/resourceGroups/{resourceGroupName}/providers/Microsoft.Compute/sshPublicKeys/{sshPublicKeyName},delete,https://github.com/Azure/azure-rest-api-specs/blob/fe2ecb8ba063bedd3fab06de547cb4fd2eb99658/specification/compute/resource-manager/Microsoft.Compute/Compute/Compute/SshPublicKeyResource.tsp#L61,microsoft.compute/sshpublickeys|/subscriptions/{}/resourcegroups/{}/providers/microsoft.compute/sshpublickeys/{},Microsoft.Compute/sshPublicKeys,/subscriptions/{subscriptionId}/resourceGroups/{resourceGroupName}/providers/Microsoft.Compute/sshPublicKeys/{sshPublicKeyName},SshPublicKeyResource
delete|/subscriptions/{}/resourcegroups/{}/providers/microsoft.compute/virtualmachines/{}/diagnosticruncommands/{},delete,delete,/subscriptions/{subscriptionId}/resourceGroups/{resourceGroupName}/providers/Microsoft.Compute/virtualMachines/{vmName}/diagnosticRunCommands/{runCommandName},delete,https://github.com/Azure/azure-rest-api-specs/blob/fe2ecb8ba063bedd3fab06de547cb4fd2eb99658/specification/compute/resource-manager/Microsoft.Compute/Compute/Compute/VirtualMachineDiagnosticRunCommand.tsp#L94,microsoft.compute/virtualmachines/diagnosticruncommands|/subscriptions/{}/resourcegroups/{}/providers/microsoft.compute/virtualmachines/{}/diagnosticruncommands/{},Microsoft.Compute/virtualMachines/diagnosticRunCommands,/subscriptions/{subscriptionId}/resourceGroups/{resourceGroupName}/providers/Microsoft.Compute/virtualMachines/{vmName}/diagnosticRunCommands/{runCommandName},VirtualMachinesDiagnosticRunCommands
delete|/subscriptions/{}/resourcegroups/{}/providers/microsoft.compute/virtualmachines/{}/extensions/{},delete,delete,/subscriptions/{subscriptionId}/resourceGroups/{resourceGroupName}/providers/Microsoft.Compute/virtualMachines/{vmName}/extensions/{vmExtensionName},delete,https://github.com/Azure/azure-rest-api-specs/blob/fe2ecb8ba063bedd3fab06de547cb4fd2eb99658/specification/compute/resource-manager/Microsoft.Compute/Compute/Compute/VirtualMachineExtension.tsp#L97,microsoft.compute/virtualmachines/extensions|/subscriptions/{}/resourcegroups/{}/providers/microsoft.compute/virtualmachines/{}/extensions/{},Microsoft.Compute/virtualMachines/extensions,/subscriptions/{subscriptionId}/resourceGroups/{resourceGroupName}/providers/Microsoft.Compute/virtualMachines/{vmName}/extensions/{vmExtensionName},VirtualMachineExtension
delete|/subscriptions/{}/resourcegroups/{}/providers/microsoft.compute/virtualmachines/{}/runcommands/{},delete,delete,/subscriptions/{subscriptionId}/resourceGroups/{resourceGroupName}/providers/Microsoft.Compute/virtualMachines/{vmName}/runCommands/{runCommandName},delete,https://github.com/Azure/azure-rest-api-specs/blob/fe2ecb8ba063bedd3fab06de547cb4fd2eb99658/specification/compute/resource-manager/Microsoft.Compute/Compute/Compute/VirtualMachineRunCommand.tsp#L97,microsoft.compute/virtualmachines/runcommands|/subscriptions/{}/resourcegroups/{}/providers/microsoft.compute/virtualmachines/{}/runcommands/{},Microsoft.Compute/virtualMachines/runCommands,/subscriptions/{subscriptionId}/resourceGroups/{resourceGroupName}/providers/Microsoft.Compute/virtualMachines/{vmName}/runCommands/{runCommandName},VirtualMachinesRunCommands
delete|/subscriptions/{}/resourcegroups/{}/providers/microsoft.compute/virtualmachines/{},delete,delete,/subscriptions/{subscriptionId}/resourceGroups/{resourceGroupName}/providers/Microsoft.Compute/virtualMachines/{vmName},delete,https://github.com/Azure/azure-rest-api-specs/blob/fe2ecb8ba063bedd3fab06de547cb4fd2eb99658/specification/compute/resource-manager/Microsoft.Compute/Compute/Compute/VirtualMachine.tsp#L146,microsoft.compute/virtualmachines|/subscriptions/{}/resourcegroups/{}/providers/microsoft.compute/virtualmachines/{},Microsoft.Compute/virtualMachines,/subscriptions/{subscriptionId}/resourceGroups/{resourceGroupName}/providers/Microsoft.Compute/virtualMachines/{vmName},VirtualMachine
delete|/subscriptions/{}/resourcegroups/{}/providers/microsoft.compute/virtualmachinescalesets/{}/virtualmachines/{}/diagnosticruncommands/{},delete,delete,/subscriptions/{subscriptionId}/resourceGroups/{resourceGroupName}/providers/Microsoft.Compute/virtualMachineScaleSets/{vmScaleSetName}/virtualMachines/{instanceId}/diagnosticRunCommands/{runCommandName},delete,https://github.com/Azure/azure-rest-api-specs/blob/fe2ecb8ba063bedd3fab06de547cb4fd2eb99658/specification/compute/resource-manager/Microsoft.Compute/Compute/Compute/VirtualMachineDiagnosticRunCommand.tsp#L186,microsoft.compute/virtualmachinescalesets/virtualmachines/diagnosticruncommands|/subscriptions/{}/resourcegroups/{}/providers/microsoft.compute/virtualmachinescalesets/{}/virtualmachines/{}/diagnosticruncommands/{},Microsoft.Compute/virtualMachineScaleSets/virtualMachines/diagnosticRunCommands,/subscriptions/{subscriptionId}/resourceGroups/{resourceGroupName}/providers/Microsoft.Compute/virtualMachineScaleSets/{vmScaleSetName}/virtualMachines/{instanceId}/diagnosticRunCommands/{runCommandName},VirtualMachinesDiagnosticRunCommands
delete|/subscriptions/{}/resourcegroups/{}/providers/microsoft.compute/virtualmachinescalesets/{}/virtualmachines/{}/runcommands/{},delete,delete,/subscriptions/{subscriptionId}/resourceGroups/{resourceGroupName}/providers/Microsoft.Compute/virtualMachineScaleSets/{vmScaleSetName}/virtualMachines/{instanceId}/runCommands/{runCommandName},delete,https://github.com/Azure/azure-rest-api-specs/blob/fe2ecb8ba063bedd3fab06de547cb4fd2eb99658/specification/compute/resource-manager/Microsoft.Compute/Compute/Compute/VirtualMachineRunCommand.tsp#L205,microsoft.compute/virtualmachinescalesets/virtualmachines/runcommands|/subscriptions/{}/resourcegroups/{}/providers/microsoft.compute/virtualmachinescalesets/{}/virtualmachines/{}/runcommands/{},Microsoft.Compute/virtualMachineScaleSets/virtualMachines/runCommands,/subscriptions/{subscriptionId}/resourceGroups/{resourceGroupName}/providers/Microsoft.Compute/virtualMachineScaleSets/{vmScaleSetName}/virtualMachines/{instanceId}/runCommands/{runCommandName},VirtualMachinesRunCommands
delete|/subscriptions/{}/resourcegroups/{}/providers/microsoft.compute/virtualmachinescalesets/{}/virtualmachines/{},delete,delete,/subscriptions/{subscriptionId}/resourceGroups/{resourceGroupName}/providers/Microsoft.Compute/virtualMachineScaleSets/{vmScaleSetName}/virtualMachines/{instanceId},delete,https://github.com/Azure/azure-rest-api-specs/blob/fe2ecb8ba063bedd3fab06de547cb4fd2eb99658/specification/compute/resource-manager/Microsoft.Compute/Compute/Compute/VirtualMachineScaleSetVM.tsp#L159,microsoft.compute/virtualmachinescalesets/virtualmachines|/subscriptions/{}/resourcegroups/{}/providers/microsoft.compute/virtualmachinescalesets/{}/virtualmachines/{},Microsoft.Compute/virtualMachineScaleSets/virtualMachines,/subscriptions/{subscriptionId}/resourceGroups/{resourceGroupName}/providers/Microsoft.Compute/virtualMachineScaleSets/{vmScaleSetName}/virtualMachines/{instanceId},VirtualMachineScaleSetVM
delete|/subscriptions/{}/resourcegroups/{}/providers/microsoft.compute/virtualmachinescalesets/{},delete,delete,/subscriptions/{subscriptionId}/resourceGroups/{resourceGroupName}/providers/Microsoft.Compute/virtualMachineScaleSets/{vmScaleSetName},delete,https://github.com/Azure/azure-rest-api-specs/blob/fe2ecb8ba063bedd3fab06de547cb4fd2eb99658/specification/compute/resource-manager/Microsoft.Compute/Compute/Compute/VirtualMachineScaleSet.tsp#L153,microsoft.compute/virtualmachinescalesets|/subscriptions/{}/resourcegroups/{}/providers/microsoft.compute/virtualmachinescalesets/{},Microsoft.Compute/virtualMachineScaleSets,/subscriptions/{subscriptionId}/resourceGroups/{resourceGroupName}/providers/Microsoft.Compute/virtualMachineScaleSets/{vmScaleSetName},VirtualMachineScaleSet
get|/subscriptions/{}/providers/microsoft.compute/availabilitysets,listBySubscription,get,/subscriptions/{subscriptionId}/providers/Microsoft.Compute/availabilitySets,list,https://github.com/Azure/azure-rest-api-specs/blob/fe2ecb8ba063bedd3fab06de547cb4fd2eb99658/specification/compute/resource-manager/Microsoft.Compute/Compute/Compute/AvailabilitySet.tsp#L72,microsoft.compute/availabilitysets|/subscriptions/{}/resourcegroups/{}/providers/microsoft.compute/availabilitysets/{},Microsoft.Compute/availabilitySets,/subscriptions/{subscriptionId}/resourceGroups/{resourceGroupName}/providers/Microsoft.Compute/availabilitySets/{availabilitySetName},AvailabilitySet
get|/subscriptions/{}/providers/microsoft.compute/capacityreservationgroups,listBySubscription,get,/subscriptions/{subscriptionId}/providers/Microsoft.Compute/capacityReservationGroups,list,https://github.com/Azure/azure-rest-api-specs/blob/fe2ecb8ba063bedd3fab06de547cb4fd2eb99658/specification/compute/resource-manager/Microsoft.Compute/Compute/Compute/CapacityReservationGroup.tsp#L82,microsoft.compute/capacityreservationgroups|/subscriptions/{}/resourcegroups/{}/providers/microsoft.compute/capacityreservationgroups/{},Microsoft.Compute/capacityReservationGroups,/subscriptions/{subscriptionId}/resourceGroups/{resourceGroupName}/providers/Microsoft.Compute/capacityReservationGroups/{capacityReservationGroupName},CapacityReservationGroup
get|/subscriptions/{}/providers/microsoft.compute/hostgroups,listBySubscription,get,/subscriptions/{subscriptionId}/providers/Microsoft.Compute/hostGroups,list,https://github.com/Azure/azure-rest-api-specs/blob/fe2ecb8ba063bedd3fab06de547cb4fd2eb99658/specification/compute/resource-manager/Microsoft.Compute/Compute/Compute/DedicatedHostGroup.tsp#L75,microsoft.compute/hostgroups|/subscriptions/{}/resourcegroups/{}/providers/microsoft.compute/hostgroups/{},Microsoft.Compute/hostGroups,/subscriptions/{subscriptionId}/resourceGroups/{resourceGroupName}/providers/Microsoft.Compute/hostGroups/{hostGroupName},DedicatedHostGroup
get|/subscriptions/{}/providers/microsoft.compute/images,list,get,/subscriptions/{subscriptionId}/providers/Microsoft.Compute/images,list,https://github.com/Azure/azure-rest-api-specs/blob/fe2ecb8ba063bedd3fab06de547cb4fd2eb99658/specification/compute/resource-manager/Microsoft.Compute/Compute/Compute/Image.tsp#L92,microsoft.compute/images|/subscriptions/{}/resourcegroups/{}/providers/microsoft.compute/images/{},Microsoft.Compute/images,/subscriptions/{subscriptionId}/resourceGroups/{resourceGroupName}/providers/Microsoft.Compute/images/{imageName},Image
get|/subscriptions/{}/providers/microsoft.compute/interconnectblocks,listBySubscription,get,/subscriptions/{subscriptionId}/providers/Microsoft.Compute/interconnectBlocks,list,https://github.com/Azure/azure-rest-api-specs/blob/fe2ecb8ba063bedd3fab06de547cb4fd2eb99658/specification/compute/resource-manager/Microsoft.Compute/Compute/Compute/InterconnectBlock.tsp#L99,microsoft.compute/interconnectblocks|/subscriptions/{}/resourcegroups/{}/providers/microsoft.compute/interconnectblocks/{},Microsoft.Compute/interconnectBlocks,/subscriptions/{subscriptionId}/resourceGroups/{resourceGroupName}/providers/Microsoft.Compute/interconnectBlocks/{interconnectBlockName},InterconnectBlock
get|/subscriptions/{}/providers/microsoft.compute/locations/{}/publishers/{}/artifacttypes/vmextension/types/{}/versions/{},get,get,/subscriptions/{subscriptionId}/providers/Microsoft.Compute/locations/{location}/publishers/{publisherName}/artifacttypes/vmextension/types/{type}/versions/{version},read,https://github.com/Azure/azure-rest-api-specs/blob/fe2ecb8ba063bedd3fab06de547cb4fd2eb99658/specification/compute/resource-manager/Microsoft.Compute/Compute/Compute/VirtualMachineExtensionImage.tsp#L70,microsoft.compute/locations/publishers/artifacttypes/types/versions|/subscriptions/{}/providers/microsoft.compute/locations/{}/publishers/{}/artifacttypes/vmextension/types/{}/versions/{},Microsoft.Compute/locations/publishers/artifacttypes/types/versions,/subscriptions/{subscriptionId}/providers/Microsoft.Compute/locations/{location}/publishers/{publisherName}/artifacttypes/vmextension/types/{type}/versions/{version},TypesVersions
get|/subscriptions/{}/providers/microsoft.compute/locations/{}/publishers/{}/artifacttypes/vmextension/types/{}/versions,listVersions,get,/subscriptions/{subscriptionId}/providers/Microsoft.Compute/locations/{location}/publishers/{publisherName}/artifacttypes/vmextension/types/{type}/versions,list,https://github.com/Azure/azure-rest-api-specs/blob/fe2ecb8ba063bedd3fab06de547cb4fd2eb99658/specification/compute/resource-manager/Microsoft.Compute/Compute/Compute/VirtualMachineExtensionImage.tsp#L85,microsoft.compute/locations/publishers/artifacttypes/types/versions|/subscriptions/{}/providers/microsoft.compute/locations/{}/publishers/{}/artifacttypes/vmextension/types/{}/versions/{},Microsoft.Compute/locations/publishers/artifacttypes/types/versions,/subscriptions/{subscriptionId}/providers/Microsoft.Compute/locations/{location}/publishers/{publisherName}/artifacttypes/vmextension/types/{type}/versions/{version},TypesVersions
get|/subscriptions/{}/providers/microsoft.compute/locations/{}/publishers/{}/artifacttypes/vmextension/types,listTypes,get,/subscriptions/{subscriptionId}/providers/Microsoft.Compute/locations/{location}/publishers/{publisherName}/artifacttypes/vmextension/types,list,https://github.com/Azure/azure-rest-api-specs/blob/fe2ecb8ba063bedd3fab06de547cb4fd2eb99658/specification/compute/resource-manager/Microsoft.Compute/Compute/Compute/VirtualMachineExtensionImage.tsp#L76,microsoft.compute/locations/publishers/artifacttypes/types/versions|/subscriptions/{}/providers/microsoft.compute/locations/{}/publishers/{}/artifacttypes/vmextension/types/{}/versions/{},Microsoft.Compute/locations/publishers/artifacttypes/types/versions,/subscriptions/{subscriptionId}/providers/Microsoft.Compute/locations/{location}/publishers/{publisherName}/artifacttypes/vmextension/types/{type}/versions/{version},TypesVersions
get|/subscriptions/{}/providers/microsoft.compute/proximityplacementgroups,listBySubscription,get,/subscriptions/{subscriptionId}/providers/Microsoft.Compute/proximityPlacementGroups,list,https://github.com/Azure/azure-rest-api-specs/blob/fe2ecb8ba063bedd3fab06de547cb4fd2eb99658/specification/compute/resource-manager/Microsoft.Compute/Compute/Compute/ProximityPlacementGroup.tsp#L79,microsoft.compute/proximityplacementgroups|/subscriptions/{}/resourcegroups/{}/providers/microsoft.compute/proximityplacementgroups/{},Microsoft.Compute/proximityPlacementGroups,/subscriptions/{subscriptionId}/resourceGroups/{resourceGroupName}/providers/Microsoft.Compute/proximityPlacementGroups/{proximityPlacementGroupName},ProximityPlacementGroup
get|/subscriptions/{}/providers/microsoft.compute/restorepointcollections,listAll,get,/subscriptions/{subscriptionId}/providers/Microsoft.Compute/restorePointCollections,list,https://github.com/Azure/azure-rest-api-specs/blob/fe2ecb8ba063bedd3fab06de547cb4fd2eb99658/specification/compute/resource-manager/Microsoft.Compute/Compute/Compute/RestorePointCollection.tsp#L76,microsoft.compute/restorepointcollections|/subscriptions/{}/resourcegroups/{}/providers/microsoft.compute/restorepointcollections/{},Microsoft.Compute/restorePointCollections,/subscriptions/{subscriptionId}/resourceGroups/{resourceGroupName}/providers/Microsoft.Compute/restorePointCollections/{restorePointCollectionName},RestorePointCollection
get|/subscriptions/{}/providers/microsoft.compute/sshpublickeys,listBySubscription,get,/subscriptions/{subscriptionId}/providers/Microsoft.Compute/sshPublicKeys,list,https://github.com/Azure/azure-rest-api-specs/blob/fe2ecb8ba063bedd3fab06de547cb4fd2eb99658/specification/compute/resource-manager/Microsoft.Compute/Compute/Compute/SshPublicKeyResource.tsp#L78,microsoft.compute/sshpublickeys|/subscriptions/{}/resourcegroups/{}/providers/microsoft.compute/sshpublickeys/{},Microsoft.Compute/sshPublicKeys,/subscriptions/{subscriptionId}/resourceGroups/{resourceGroupName}/providers/Microsoft.Compute/sshPublicKeys/{sshPublicKeyName},SshPublicKeyResource
get|/subscriptions/{}/providers/microsoft.compute/virtualmachines,listAll,get,/subscriptions/{subscriptionId}/providers/Microsoft.Compute/virtualMachines,list,https://github.com/Azure/azure-rest-api-specs/blob/fe2ecb8ba063bedd3fab06de547cb4fd2eb99658/specification/compute/resource-manager/Microsoft.Compute/Compute/Compute/VirtualMachine.tsp#L181,microsoft.compute/virtualmachines|/subscriptions/{}/resourcegroups/{}/providers/microsoft.compute/virtualmachines/{},Microsoft.Compute/virtualMachines,/subscriptions/{subscriptionId}/resourceGroups/{resourceGroupName}/providers/Microsoft.Compute/virtualMachines/{vmName},VirtualMachine
get|/subscriptions/{}/providers/microsoft.compute/virtualmachinescalesets,listAll,get,/subscriptions/{subscriptionId}/providers/Microsoft.Compute/virtualMachineScaleSets,list,https://github.com/Azure/azure-rest-api-specs/blob/fe2ecb8ba063bedd3fab06de547cb4fd2eb99658/specification/compute/resource-manager/Microsoft.Compute/Compute/Compute/VirtualMachineScaleSet.tsp#L177,microsoft.compute/virtualmachinescalesets|/subscriptions/{}/resourcegroups/{}/providers/microsoft.compute/virtualmachinescalesets/{},Microsoft.Compute/virtualMachineScaleSets,/subscriptions/{subscriptionId}/resourceGroups/{resourceGroupName}/providers/Microsoft.Compute/virtualMachineScaleSets/{vmScaleSetName},VirtualMachineScaleSet
get|/subscriptions/{}/resourcegroups/{}/providers/microsoft.compute/availabilitysets/{}/vmsizes,listAvailableSizes,get,/subscriptions/{subscriptionId}/resourceGroups/{resourceGroupName}/providers/Microsoft.Compute/availabilitySets/{availabilitySetName}/vmSizes,action,https://github.com/Azure/azure-rest-api-specs/blob/fe2ecb8ba063bedd3fab06de547cb4fd2eb99658/specification/compute/resource-manager/Microsoft.Compute/Compute/Compute/AvailabilitySet.tsp#L91,microsoft.compute/availabilitysets|/subscriptions/{}/resourcegroups/{}/providers/microsoft.compute/availabilitysets/{},Microsoft.Compute/availabilitySets,/subscriptions/{subscriptionId}/resourceGroups/{resourceGroupName}/providers/Microsoft.Compute/availabilitySets/{availabilitySetName},AvailabilitySet
get|/subscriptions/{}/resourcegroups/{}/providers/microsoft.compute/availabilitysets/{},get,get,/subscriptions/{subscriptionId}/resourceGroups/{resourceGroupName}/providers/Microsoft.Compute/availabilitySets/{availabilitySetName},read,https://github.com/Azure/azure-rest-api-specs/blob/fe2ecb8ba063bedd3fab06de547cb4fd2eb99658/specification/compute/resource-manager/Microsoft.Compute/Compute/Compute/AvailabilitySet.tsp#L38,microsoft.compute/availabilitysets|/subscriptions/{}/resourcegroups/{}/providers/microsoft.compute/availabilitysets/{},Microsoft.Compute/availabilitySets,/subscriptions/{subscriptionId}/resourceGroups/{resourceGroupName}/providers/Microsoft.Compute/availabilitySets/{availabilitySetName},AvailabilitySet
get|/subscriptions/{}/resourcegroups/{}/providers/microsoft.compute/availabilitysets,list,get,/subscriptions/{subscriptionId}/resourceGroups/{resourceGroupName}/providers/Microsoft.Compute/availabilitySets,list,https://github.com/Azure/azure-rest-api-specs/blob/fe2ecb8ba063bedd3fab06de547cb4fd2eb99658/specification/compute/resource-manager/Microsoft.Compute/Compute/Compute/AvailabilitySet.tsp#L64,microsoft.compute/availabilitysets|/subscriptions/{}/resourcegroups/{}/providers/microsoft.compute/availabilitysets/{},Microsoft.Compute/availabilitySets,/subscriptions/{subscriptionId}/resourceGroups/{resourceGroupName}/providers/Microsoft.Compute/availabilitySets/{availabilitySetName},AvailabilitySet
get|/subscriptions/{}/resourcegroups/{}/providers/microsoft.compute/capacityreservationgroups/{}/capacityreservations/{},get,get,/subscriptions/{subscriptionId}/resourceGroups/{resourceGroupName}/providers/Microsoft.Compute/capacityReservationGroups/{capacityReservationGroupName}/capacityReservations/{capacityReservationName},read,https://github.com/Azure/azure-rest-api-specs/blob/fe2ecb8ba063bedd3fab06de547cb4fd2eb99658/specification/compute/resource-manager/Microsoft.Compute/Compute/Compute/CapacityReservation.tsp#L43,microsoft.compute/capacityreservationgroups/capacityreservations|/subscriptions/{}/resourcegroups/{}/providers/microsoft.compute/capacityreservationgroups/{}/capacityreservations/{},Microsoft.Compute/capacityReservationGroups/capacityReservations,/subscriptions/{subscriptionId}/resourceGroups/{resourceGroupName}/providers/Microsoft.Compute/capacityReservationGroups/{capacityReservationGroupName}/capacityReservations/{capacityReservationName},CapacityReservation
get|/subscriptions/{}/resourcegroups/{}/providers/microsoft.compute/capacityreservationgroups/{}/capacityreservations,listByCapacityReservationGroup,get,/subscriptions/{subscriptionId}/resourceGroups/{resourceGroupName}/providers/Microsoft.Compute/capacityReservationGroups/{capacityReservationGroupName}/capacityReservations,list,https://github.com/Azure/azure-rest-api-specs/blob/fe2ecb8ba063bedd3fab06de547cb4fd2eb99658/specification/compute/resource-manager/Microsoft.Compute/Compute/Compute/CapacityReservation.tsp#L96,microsoft.compute/capacityreservationgroups/capacityreservations|/subscriptions/{}/resourcegroups/{}/providers/microsoft.compute/capacityreservationgroups/{}/capacityreservations/{},Microsoft.Compute/capacityReservationGroups/capacityReservations,/subscriptions/{subscriptionId}/resourceGroups/{resourceGroupName}/providers/Microsoft.Compute/capacityReservationGroups/{capacityReservationGroupName}/capacityReservations/{capacityReservationName},CapacityReservation
get|/subscriptions/{}/resourcegroups/{}/providers/microsoft.compute/capacityreservationgroups/{},get,get,/subscriptions/{subscriptionId}/resourceGroups/{resourceGroupName}/providers/Microsoft.Compute/capacityReservationGroups/{capacityReservationGroupName},read,https://github.com/Azure/azure-rest-api-specs/blob/fe2ecb8ba063bedd3fab06de547cb4fd2eb99658/specification/compute/resource-manager/Microsoft.Compute/Compute/Compute/CapacityReservationGroup.tsp#L33,microsoft.compute/capacityreservationgroups|/subscriptions/{}/resourcegroups/{}/providers/microsoft.compute/capacityreservationgroups/{},Microsoft.Compute/capacityReservationGroups,/subscriptions/{subscriptionId}/resourceGroups/{resourceGroupName}/providers/Microsoft.Compute/capacityReservationGroups/{capacityReservationGroupName},CapacityReservationGroup
get|/subscriptions/{}/resourcegroups/{}/providers/microsoft.compute/capacityreservationgroups,listByResourceGroup,get,/subscriptions/{subscriptionId}/resourceGroups/{resourceGroupName}/providers/Microsoft.Compute/capacityReservationGroups,list,https://github.com/Azure/azure-rest-api-specs/blob/fe2ecb8ba063bedd3fab06de547cb4fd2eb99658/specification/compute/resource-manager/Microsoft.Compute/Compute/Compute/CapacityReservationGroup.tsp#L67,microsoft.compute/capacityreservationgroups|/subscriptions/{}/resourcegroups/{}/providers/microsoft.compute/capacityreservationgroups/{},Microsoft.Compute/capacityReservationGroups,/subscriptions/{subscriptionId}/resourceGroups/{resourceGroupName}/providers/Microsoft.Compute/capacityReservationGroups/{capacityReservationGroupName},CapacityReservationGroup
get|/subscriptions/{}/resourcegroups/{}/providers/microsoft.compute/hostgroups/{}/hosts/{}/hostsizes,listAvailableSizes,get,/subscriptions/{subscriptionId}/resourceGroups/{resourceGroupName}/providers/Microsoft.Compute/hostGroups/{hostGroupName}/hosts/{hostName}/hostSizes,action,https://github.com/Azure/azure-rest-api-specs/blob/fe2ecb8ba063bedd3fab06de547cb4fd2eb99658/specification/compute/resource-manager/Microsoft.Compute/Compute/Compute/DedicatedHost.tsp#L101,microsoft.compute/hostgroups/hosts|/subscriptions/{}/resourcegroups/{}/providers/microsoft.compute/hostgroups/{}/hosts/{},Microsoft.Compute/hostGroups/hosts,/subscriptions/{subscriptionId}/resourceGroups/{resourceGroupName}/providers/Microsoft.Compute/hostGroups/{hostGroupName}/hosts/{hostName},DedicatedHost
get|/subscriptions/{}/resourcegroups/{}/providers/microsoft.compute/hostgroups/{}/hosts/{},get,get,/subscriptions/{subscriptionId}/resourceGroups/{resourceGroupName}/providers/Microsoft.Compute/hostGroups/{hostGroupName}/hosts/{hostName},read,https://github.com/Azure/azure-rest-api-specs/blob/fe2ecb8ba063bedd3fab06de547cb4fd2eb99658/specification/compute/resource-manager/Microsoft.Compute/Compute/Compute/DedicatedHost.tsp#L41,microsoft.compute/hostgroups/hosts|/subscriptions/{}/resourcegroups/{}/providers/microsoft.compute/hostgroups/{}/hosts/{},Microsoft.Compute/hostGroups/hosts,/subscriptions/{subscriptionId}/resourceGroups/{resourceGroupName}/providers/Microsoft.Compute/hostGroups/{hostGroupName}/hosts/{hostName},DedicatedHost
get|/subscriptions/{}/resourcegroups/{}/providers/microsoft.compute/hostgroups/{}/hosts,listByHostGroup,get,/subscriptions/{subscriptionId}/resourceGroups/{resourceGroupName}/providers/Microsoft.Compute/hostGroups/{hostGroupName}/hosts,list,https://github.com/Azure/azure-rest-api-specs/blob/fe2ecb8ba063bedd3fab06de547cb4fd2eb99658/specification/compute/resource-manager/Microsoft.Compute/Compute/Compute/DedicatedHost.tsp#L88,microsoft.compute/hostgroups/hosts|/subscriptions/{}/resourcegroups/{}/providers/microsoft.compute/hostgroups/{}/hosts/{},Microsoft.Compute/hostGroups/hosts,/subscriptions/{subscriptionId}/resourceGroups/{resourceGroupName}/providers/Microsoft.Compute/hostGroups/{hostGroupName}/hosts/{hostName},DedicatedHost
get|/subscriptions/{}/resourcegroups/{}/providers/microsoft.compute/hostgroups/{},get,get,/subscriptions/{subscriptionId}/resourceGroups/{resourceGroupName}/providers/Microsoft.Compute/hostGroups/{hostGroupName},read,https://github.com/Azure/azure-rest-api-specs/blob/fe2ecb8ba063bedd3fab06de547cb4fd2eb99658/specification/compute/resource-manager/Microsoft.Compute/Compute/Compute/DedicatedHostGroup.tsp#L33,microsoft.compute/hostgroups|/subscriptions/{}/resourcegroups/{}/providers/microsoft.compute/hostgroups/{},Microsoft.Compute/hostGroups,/subscriptions/{subscriptionId}/resourceGroups/{resourceGroupName}/providers/Microsoft.Compute/hostGroups/{hostGroupName},DedicatedHostGroup
get|/subscriptions/{}/resourcegroups/{}/providers/microsoft.compute/hostgroups,listByResourceGroup,get,/subscriptions/{subscriptionId}/resourceGroups/{resourceGroupName}/providers/Microsoft.Compute/hostGroups,list,https://github.com/Azure/azure-rest-api-specs/blob/fe2ecb8ba063bedd3fab06de547cb4fd2eb99658/specification/compute/resource-manager/Microsoft.Compute/Compute/Compute/DedicatedHostGroup.tsp#L67,microsoft.compute/hostgroups|/subscriptions/{}/resourcegroups/{}/providers/microsoft.compute/hostgroups/{},Microsoft.Compute/hostGroups,/subscriptions/{subscriptionId}/resourceGroups/{resourceGroupName}/providers/Microsoft.Compute/hostGroups/{hostGroupName},DedicatedHostGroup
get|/subscriptions/{}/resourcegroups/{}/providers/microsoft.compute/images/{},get,get,/subscriptions/{subscriptionId}/resourceGroups/{resourceGroupName}/providers/Microsoft.Compute/images/{imageName},read,https://github.com/Azure/azure-rest-api-specs/blob/fe2ecb8ba063bedd3fab06de547cb4fd2eb99658/specification/compute/resource-manager/Microsoft.Compute/Compute/Compute/Image.tsp#L37,microsoft.compute/images|/subscriptions/{}/resourcegroups/{}/providers/microsoft.compute/images/{},Microsoft.Compute/images,/subscriptions/{subscriptionId}/resourceGroups/{resourceGroupName}/providers/Microsoft.Compute/images/{imageName},Image
get|/subscriptions/{}/resourcegroups/{}/providers/microsoft.compute/images,listByResourceGroup,get,/subscriptions/{subscriptionId}/resourceGroups/{resourceGroupName}/providers/Microsoft.Compute/images,list,https://github.com/Azure/azure-rest-api-specs/blob/fe2ecb8ba063bedd3fab06de547cb4fd2eb99658/specification/compute/resource-manager/Microsoft.Compute/Compute/Compute/Image.tsp#L84,microsoft.compute/images|/subscriptions/{}/resourcegroups/{}/providers/microsoft.compute/images/{},Microsoft.Compute/images,/subscriptions/{subscriptionId}/resourceGroups/{resourceGroupName}/providers/Microsoft.Compute/images/{imageName},Image
get|/subscriptions/{}/resourcegroups/{}/providers/microsoft.compute/interconnectblocks/{},get,get,/subscriptions/{subscriptionId}/resourceGroups/{resourceGroupName}/providers/Microsoft.Compute/interconnectBlocks/{interconnectBlockName},read,https://github.com/Azure/azure-rest-api-specs/blob/fe2ecb8ba063bedd3fab06de547cb4fd2eb99658/specification/compute/resource-manager/Microsoft.Compute/Compute/Compute/InterconnectBlock.tsp#L48,microsoft.compute/interconnectblocks|/subscriptions/{}/resourcegroups/{}/providers/microsoft.compute/interconnectblocks/{},Microsoft.Compute/interconnectBlocks,/subscriptions/{subscriptionId}/resourceGroups/{resourceGroupName}/providers/Microsoft.Compute/interconnectBlocks/{interconnectBlockName},InterconnectBlock
get|/subscriptions/{}/resourcegroups/{}/providers/microsoft.compute/interconnectblocks,listByResourceGroup,get,/subscriptions/{subscriptionId}/resourceGroups/{resourceGroupName}/providers/Microsoft.Compute/interconnectBlocks,list,https://github.com/Azure/azure-rest-api-specs/blob/fe2ecb8ba063bedd3fab06de547cb4fd2eb99658/specification/compute/resource-manager/Microsoft.Compute/Compute/Compute/InterconnectBlock.tsp#L91,microsoft.compute/interconnectblocks|/subscriptions/{}/resourcegroups/{}/providers/microsoft.compute/interconnectblocks/{},Microsoft.Compute/interconnectBlocks,/subscriptions/{subscriptionId}/resourceGroups/{resourceGroupName}/providers/Microsoft.Compute/interconnectBlocks/{interconnectBlockName},InterconnectBlock
get|/subscriptions/{}/resourcegroups/{}/providers/microsoft.compute/proximityplacementgroups/{},get,get,/subscriptions/{subscriptionId}/resourceGroups/{resourceGroupName}/providers/Microsoft.Compute/proximityPlacementGroups/{proximityPlacementGroupName},read,https://github.com/Azure/azure-rest-api-specs/blob/fe2ecb8ba063bedd3fab06de547cb4fd2eb99658/specification/compute/resource-manager/Microsoft.Compute/Compute/Compute/ProximityPlacementGroup.tsp#L33,microsoft.compute/proximityplacementgroups|/subscriptions/{}/resourcegroups/{}/providers/microsoft.compute/proximityplacementgroups/{},Microsoft.Compute/proximityPlacementGroups,/subscriptions/{subscriptionId}/resourceGroups/{resourceGroupName}/providers/Microsoft.Compute/proximityPlacementGroups/{proximityPlacementGroupName},ProximityPlacementGroup
get|/subscriptions/{}/resourcegroups/{}/providers/microsoft.compute/proximityplacementgroups,listByResourceGroup,get,/subscriptions/{subscriptionId}/resourceGroups/{resourceGroupName}/providers/Microsoft.Compute/proximityPlacementGroups,list,https://github.com/Azure/azure-rest-api-specs/blob/fe2ecb8ba063bedd3fab06de547cb4fd2eb99658/specification/compute/resource-manager/Microsoft.Compute/Compute/Compute/ProximityPlacementGroup.tsp#L71,microsoft.compute/proximityplacementgroups|/subscriptions/{}/resourcegroups/{}/providers/microsoft.compute/proximityplacementgroups/{},Microsoft.Compute/proximityPlacementGroups,/subscriptions/{subscriptionId}/resourceGroups/{resourceGroupName}/providers/Microsoft.Compute/proximityPlacementGroups/{proximityPlacementGroupName},ProximityPlacementGroup
get|/subscriptions/{}/resourcegroups/{}/providers/microsoft.compute/restorepointcollections/{}/restorepoints/{},get,get,/subscriptions/{subscriptionId}/resourceGroups/{resourceGroupName}/providers/Microsoft.Compute/restorePointCollections/{restorePointCollectionName}/restorePoints/{restorePointName},read,https://github.com/Azure/azure-rest-api-specs/blob/fe2ecb8ba063bedd3fab06de547cb4fd2eb99658/specification/compute/resource-manager/Microsoft.Compute/Compute/Compute/RestorePoint.tsp#L34,microsoft.compute/restorepointcollections/restorepoints|/subscriptions/{}/resourcegroups/{}/providers/microsoft.compute/restorepointcollections/{}/restorepoints/{},Microsoft.Compute/restorePointCollections/restorePoints,/subscriptions/{subscriptionId}/resourceGroups/{resourceGroupName}/providers/Microsoft.Compute/restorePointCollections/{restorePointCollectionName}/restorePoints/{restorePointName},RestorePoint
get|/subscriptions/{}/resourcegroups/{}/providers/microsoft.compute/restorepointcollections/{},get,get,/subscriptions/{subscriptionId}/resourceGroups/{resourceGroupName}/providers/Microsoft.Compute/restorePointCollections/{restorePointCollectionName},read,https://github.com/Azure/azure-rest-api-specs/blob/fe2ecb8ba063bedd3fab06de547cb4fd2eb99658/specification/compute/resource-manager/Microsoft.Compute/Compute/Compute/RestorePointCollection.tsp#L32,microsoft.compute/restorepointcollections|/subscriptions/{}/resourcegroups/{}/providers/microsoft.compute/restorepointcollections/{},Microsoft.Compute/restorePointCollections,/subscriptions/{subscriptionId}/resourceGroups/{resourceGroupName}/providers/Microsoft.Compute/restorePointCollections/{restorePointCollectionName},RestorePointCollection
get|/subscriptions/{}/resourcegroups/{}/providers/microsoft.compute/restorepointcollections,list,get,/subscriptions/{subscriptionId}/resourceGroups/{resourceGroupName}/providers/Microsoft.Compute/restorePointCollections,list,https://github.com/Azure/azure-rest-api-specs/blob/fe2ecb8ba063bedd3fab06de547cb4fd2eb99658/specification/compute/resource-manager/Microsoft.Compute/Compute/Compute/RestorePointCollection.tsp#L68,microsoft.compute/restorepointcollections|/subscriptions/{}/resourcegroups/{}/providers/microsoft.compute/restorepointcollections/{},Microsoft.Compute/restorePointCollections,/subscriptions/{subscriptionId}/resourceGroups/{resourceGroupName}/providers/Microsoft.Compute/restorePointCollections/{restorePointCollectionName},RestorePointCollection
get|/subscriptions/{}/resourcegroups/{}/providers/microsoft.compute/sshpublickeys/{},get,get,/subscriptions/{subscriptionId}/resourceGroups/{resourceGroupName}/providers/Microsoft.Compute/sshPublicKeys/{sshPublicKeyName},read,https://github.com/Azure/azure-rest-api-specs/blob/fe2ecb8ba063bedd3fab06de547cb4fd2eb99658/specification/compute/resource-manager/Microsoft.Compute/Compute/Compute/SshPublicKeyResource.tsp#L35,microsoft.compute/sshpublickeys|/subscriptions/{}/resourcegroups/{}/providers/microsoft.compute/sshpublickeys/{},Microsoft.Compute/sshPublicKeys,/subscriptions/{subscriptionId}/resourceGroups/{resourceGroupName}/providers/Microsoft.Compute/sshPublicKeys/{sshPublicKeyName},SshPublicKeyResource
get|/subscriptions/{}/resourcegroups/{}/providers/microsoft.compute/sshpublickeys,listByResourceGroup,get,/subscriptions/{subscriptionId}/resourceGroups/{resourceGroupName}/providers/Microsoft.Compute/sshPublicKeys,list,https://github.com/Azure/azure-rest-api-specs/blob/fe2ecb8ba063bedd3fab06de547cb4fd2eb99658/specification/compute/resource-manager/Microsoft.Compute/Compute/Compute/SshPublicKeyResource.tsp#L68,microsoft.compute/sshpublickeys|/subscriptions/{}/resourcegroups/{}/providers/microsoft.compute/sshpublickeys/{},Microsoft.Compute/sshPublicKeys,/subscriptions/{subscriptionId}/resourceGroups/{resourceGroupName}/providers/Microsoft.Compute/sshPublicKeys/{sshPublicKeyName},SshPublicKeyResource
get|/subscriptions/{}/resourcegroups/{}/providers/microsoft.compute/virtualmachines/{}/diagnosticruncommands/{},getByVirtualMachine,get,/subscriptions/{subscriptionId}/resourceGroups/{resourceGroupName}/providers/Microsoft.Compute/virtualMachines/{vmName}/diagnosticRunCommands/{runCommandName},read,https://github.com/Azure/azure-rest-api-specs/blob/fe2ecb8ba063bedd3fab06de547cb4fd2eb99658/specification/compute/resource-manager/Microsoft.Compute/Compute/Compute/VirtualMachineDiagnosticRunCommand.tsp#L54,microsoft.compute/virtualmachines/diagnosticruncommands|/subscriptions/{}/resourcegroups/{}/providers/microsoft.compute/virtualmachines/{}/diagnosticruncommands/{},Microsoft.Compute/virtualMachines/diagnosticRunCommands,/subscriptions/{subscriptionId}/resourceGroups/{resourceGroupName}/providers/Microsoft.Compute/virtualMachines/{vmName}/diagnosticRunCommands/{runCommandName},VirtualMachinesDiagnosticRunCommands
get|/subscriptions/{}/resourcegroups/{}/providers/microsoft.compute/virtualmachines/{}/diagnosticruncommands,diagnosticListByVirtualMachine,get,/subscriptions/{subscriptionId}/resourceGroups/{resourceGroupName}/providers/Microsoft.Compute/virtualMachines/{vmName}/diagnosticRunCommands,list,https://github.com/Azure/azure-rest-api-specs/blob/fe2ecb8ba063bedd3fab06de547cb4fd2eb99658/specification/compute/resource-manager/Microsoft.Compute/Compute/Compute/VirtualMachineDiagnosticRunCommand.tsp#L107,microsoft.compute/virtualmachines/diagnosticruncommands|/subscriptions/{}/resourcegroups/{}/providers/microsoft.compute/virtualmachines/{}/diagnosticruncommands/{},Microsoft.Compute/virtualMachines/diagnosticRunCommands,/subscriptions/{subscriptionId}/resourceGroups/{resourceGroupName}/providers/Microsoft.Compute/virtualMachines/{vmName}/diagnosticRunCommands/{runCommandName},VirtualMachinesDiagnosticRunCommands
get|/subscriptions/{}/resourcegroups/{}/providers/microsoft.compute/virtualmachines/{}/extensions/{},get,get,/subscriptions/{subscriptionId}/resourceGroups/{resourceGroupName}/providers/Microsoft.Compute/virtualMachines/{vmName}/extensions/{vmExtensionName},read,https://github.com/Azure/azure-rest-api-specs/blob/fe2ecb8ba063bedd3fab06de547cb4fd2eb99658/specification/compute/resource-manager/Microsoft.Compute/Compute/Compute/VirtualMachineExtension.tsp#L59,microsoft.compute/virtualmachines/extensions|/subscriptions/{}/resourcegroups/{}/providers/microsoft.compute/virtualmachines/{}/extensions/{},Microsoft.Compute/virtualMachines/extensions,/subscriptions/{subscriptionId}/resourceGroups/{resourceGroupName}/providers/Microsoft.Compute/virtualMachines/{vmName}/extensions/{vmExtensionName},VirtualMachineExtension
get|/subscriptions/{}/resourcegroups/{}/providers/microsoft.compute/virtualmachines/{}/extensions,list,get,/subscriptions/{subscriptionId}/resourceGroups/{resourceGroupName}/providers/Microsoft.Compute/virtualMachines/{vmName}/extensions,list,https://github.com/Azure/azure-rest-api-specs/blob/fe2ecb8ba063bedd3fab06de547cb4fd2eb99658/specification/compute/resource-manager/Microsoft.Compute/Compute/Compute/VirtualMachineExtension.tsp#L102,microsoft.compute/virtualmachines/extensions|/subscriptions/{}/resourcegroups/{}/providers/microsoft.compute/virtualmachines/{}/extensions/{},Microsoft.Compute/virtualMachines/extensions,/subscriptions/{subscriptionId}/resourceGroups/{resourceGroupName}/providers/Microsoft.Compute/virtualMachines/{vmName}/extensions/{vmExtensionName},VirtualMachineExtension
get|/subscriptions/{}/resourcegroups/{}/providers/microsoft.compute/virtualmachines/{}/instanceview,instanceView,get,/subscriptions/{subscriptionId}/resourceGroups/{resourceGroupName}/providers/Microsoft.Compute/virtualMachines/{vmName}/instanceView,action,https://github.com/Azure/azure-rest-api-specs/blob/fe2ecb8ba063bedd3fab06de547cb4fd2eb99658/specification/compute/resource-manager/Microsoft.Compute/Compute/Compute/VirtualMachine.tsp#L285,microsoft.compute/virtualmachines|/subscriptions/{}/resourcegroups/{}/providers/microsoft.compute/virtualmachines/{},Microsoft.Compute/virtualMachines,/subscriptions/{subscriptionId}/resourceGroups/{resourceGroupName}/providers/Microsoft.Compute/virtualMachines/{vmName},VirtualMachine
get|/subscriptions/{}/resourcegroups/{}/providers/microsoft.compute/virtualmachines/{}/runcommands/{},getByVirtualMachine,get,/subscriptions/{subscriptionId}/resourceGroups/{resourceGroupName}/providers/Microsoft.Compute/virtualMachines/{vmName}/runCommands/{runCommandName},read,https://github.com/Azure/azure-rest-api-specs/blob/fe2ecb8ba063bedd3fab06de547cb4fd2eb99658/specification/compute/resource-manager/Microsoft.Compute/Compute/Compute/VirtualMachineRunCommand.tsp#L62,microsoft.compute/virtualmachines/runcommands|/subscriptions/{}/resourcegroups/{}/providers/microsoft.compute/virtualmachines/{}/runcommands/{},Microsoft.Compute/virtualMachines/runCommands,/subscriptions/{subscriptionId}/resourceGroups/{resourceGroupName}/providers/Microsoft.Compute/virtualMachines/{vmName}/runCommands/{runCommandName},VirtualMachinesRunCommands
get|/subscriptions/{}/resourcegroups/{}/providers/microsoft.compute/virtualmachines/{}/runcommands,listByVirtualMachine,get,/subscriptions/{subscriptionId}/resourceGroups/{resourceGroupName}/providers/Microsoft.Compute/virtualMachines/{vmName}/runCommands,list,https://github.com/Azure/azure-rest-api-specs/blob/fe2ecb8ba063bedd3fab06de547cb4fd2eb99658/specification/compute/resource-manager/Microsoft.Compute/Compute/Compute/VirtualMachineRunCommand.tsp#L109,microsoft.compute/virtualmachines/runcommands|/subscriptions/{}/resourcegroups/{}/providers/microsoft.compute/virtualmachines/{}/runcommands/{},Microsoft.Compute/virtualMachines/runCommands,/subscriptions/{subscriptionId}/resourceGroups/{resourceGroupName}/providers/Microsoft.Compute/virtualMachines/{vmName}/runCommands/{runCommandName},VirtualMachinesRunCommands
get|/subscriptions/{}/resourcegroups/{}/providers/microsoft.compute/virtualmachines/{}/vmsizes,listAvailableSizes,get,/subscriptions/{subscriptionId}/resourceGroups/{resourceGroupName}/providers/Microsoft.Compute/virtualMachines/{vmName}/vmSizes,action,https://github.com/Azure/azure-rest-api-specs/blob/fe2ecb8ba063bedd3fab06de547cb4fd2eb99658/specification/compute/resource-manager/Microsoft.Compute/Compute/Compute/VirtualMachine.tsp#L402,microsoft.compute/virtualmachines|/subscriptions/{}/resourcegroups/{}/providers/microsoft.compute/virtualmachines/{},Microsoft.Compute/virtualMachines,/subscriptions/{subscriptionId}/resourceGroups/{resourceGroupName}/providers/Microsoft.Compute/virtualMachines/{vmName},VirtualMachine
get|/subscriptions/{}/resourcegroups/{}/providers/microsoft.compute/virtualmachines/{},get,get,/subscriptions/{subscriptionId}/resourceGroups/{resourceGroupName}/providers/Microsoft.Compute/virtualMachines/{vmName},read,https://github.com/Azure/azure-rest-api-specs/blob/fe2ecb8ba063bedd3fab06de547cb4fd2eb99658/specification/compute/resource-manager/Microsoft.Compute/Compute/Compute/VirtualMachine.tsp#L81,microsoft.compute/virtualmachines|/subscriptions/{}/resourcegroups/{}/providers/microsoft.compute/virtualmachines/{},Microsoft.Compute/virtualMachines,/subscriptions/{subscriptionId}/resourceGroups/{resourceGroupName}/providers/Microsoft.Compute/virtualMachines/{vmName},VirtualMachine
get|/subscriptions/{}/resourcegroups/{}/providers/microsoft.compute/virtualmachines,list,get,/subscriptions/{subscriptionId}/resourceGroups/{resourceGroupName}/providers/Microsoft.Compute/virtualMachines,list,https://github.com/Azure/azure-rest-api-specs/blob/fe2ecb8ba063bedd3fab06de547cb4fd2eb99658/specification/compute/resource-manager/Microsoft.Compute/Compute/Compute/VirtualMachine.tsp#L160,microsoft.compute/virtualmachines|/subscriptions/{}/resourcegroups/{}/providers/microsoft.compute/virtualmachines/{},Microsoft.Compute/virtualMachines,/subscriptions/{subscriptionId}/resourceGroups/{resourceGroupName}/providers/Microsoft.Compute/virtualMachines/{vmName},VirtualMachine
get|/subscriptions/{}/resourcegroups/{}/providers/microsoft.compute/virtualmachinescalesets/{}/instanceview,getInstanceView,get,/subscriptions/{subscriptionId}/resourceGroups/{resourceGroupName}/providers/Microsoft.Compute/virtualMachineScaleSets/{vmScaleSetName}/instanceView,action,https://github.com/Azure/azure-rest-api-specs/blob/fe2ecb8ba063bedd3fab06de547cb4fd2eb99658/specification/compute/resource-manager/Microsoft.Compute/Compute/Compute/VirtualMachineScaleSet.tsp#L278,microsoft.compute/virtualmachinescalesets|/subscriptions/{}/resourcegroups/{}/providers/microsoft.compute/virtualmachinescalesets/{},Microsoft.Compute/virtualMachineScaleSets,/subscriptions/{subscriptionId}/resourceGroups/{resourceGroupName}/providers/Microsoft.Compute/virtualMachineScaleSets/{vmScaleSetName},VirtualMachineScaleSet
get|/subscriptions/{}/resourcegroups/{}/providers/microsoft.compute/virtualmachinescalesets/{}/lifecyclehookevents/{},get,get,/subscriptions/{subscriptionId}/resourceGroups/{resourceGroupName}/providers/Microsoft.Compute/virtualMachineScaleSets/{vmScaleSetName}/lifecycleHookEvents/{lifecycleHookEventName},read,https://github.com/Azure/azure-rest-api-specs/blob/fe2ecb8ba063bedd3fab06de547cb4fd2eb99658/specification/compute/resource-manager/Microsoft.Compute/Compute/Compute/VirtualMachineScaleSetLifecycleHookEvent.tsp#L58,microsoft.compute/virtualmachinescalesets/lifecyclehookevents|/subscriptions/{}/resourcegroups/{}/providers/microsoft.compute/virtualmachinescalesets/{}/lifecyclehookevents/{},Microsoft.Compute/virtualMachineScaleSets/lifecycleHookEvents,/subscriptions/{subscriptionId}/resourceGroups/{resourceGroupName}/providers/Microsoft.Compute/virtualMachineScaleSets/{vmScaleSetName}/lifecycleHookEvents/{lifecycleHookEventName},VMScaleSetLifecycleHookEvent
get|/subscriptions/{}/resourcegroups/{}/providers/microsoft.compute/virtualmachinescalesets/{}/lifecyclehookevents,list,get,/subscriptions/{subscriptionId}/resourceGroups/{resourceGroupName}/providers/Microsoft.Compute/virtualMachineScaleSets/{vmScaleSetName}/lifecycleHookEvents,list,https://github.com/Azure/azure-rest-api-specs/blob/fe2ecb8ba063bedd3fab06de547cb4fd2eb99658/specification/compute/resource-manager/Microsoft.Compute/Compute/Compute/VirtualMachineScaleSetLifecycleHookEvent.tsp#L73,microsoft.compute/virtualmachinescalesets/lifecyclehookevents|/subscriptions/{}/resourcegroups/{}/providers/microsoft.compute/virtualmachinescalesets/{}/lifecyclehookevents/{},Microsoft.Compute/virtualMachineScaleSets/lifecycleHookEvents,/subscriptions/{subscriptionId}/resourceGroups/{resourceGroupName}/providers/Microsoft.Compute/virtualMachineScaleSets/{vmScaleSetName}/lifecycleHookEvents/{lifecycleHookEventName},VMScaleSetLifecycleHookEvent
get|/subscriptions/{}/resourcegroups/{}/providers/microsoft.compute/virtualmachinescalesets/{}/osupgradehistory,getOSUpgradeHistory,get,/subscriptions/{subscriptionId}/resourceGroups/{resourceGroupName}/providers/Microsoft.Compute/virtualMachineScaleSets/{vmScaleSetName}/osUpgradeHistory,action,https://github.com/Azure/azure-rest-api-specs/blob/fe2ecb8ba063bedd3fab06de547cb4fd2eb99658/specification/compute/resource-manager/Microsoft.Compute/Compute/Compute/VirtualMachineScaleSet.tsp#L306,microsoft.compute/virtualmachinescalesets|/subscriptions/{}/resourcegroups/{}/providers/microsoft.compute/virtualmachinescalesets/{},Microsoft.Compute/virtualMachineScaleSets,/subscriptions/{subscriptionId}/resourceGroups/{resourceGroupName}/providers/Microsoft.Compute/virtualMachineScaleSets/{vmScaleSetName},VirtualMachineScaleSet
get|/subscriptions/{}/resourcegroups/{}/providers/microsoft.compute/virtualmachinescalesets/{}/rollingupgrades/latest,getLatest,get,/subscriptions/{subscriptionId}/resourceGroups/{resourceGroupName}/providers/Microsoft.Compute/virtualMachineScaleSets/{vmScaleSetName}/rollingUpgrades/latest,read,https://github.com/Azure/azure-rest-api-specs/blob/fe2ecb8ba063bedd3fab06de547cb4fd2eb99658/specification/compute/resource-manager/Microsoft.Compute/Compute/Compute/RollingUpgradeStatusInfo.tsp#L38,microsoft.compute/virtualmachinescalesets/rollingupgrades|/subscriptions/{}/resourcegroups/{}/providers/microsoft.compute/virtualmachinescalesets/{}/rollingupgrades/latest,Microsoft.Compute/virtualMachineScaleSets/rollingUpgrades,/subscriptions/{subscriptionId}/resourceGroups/{resourceGroupName}/providers/Microsoft.Compute/virtualMachineScaleSets/{vmScaleSetName}/rollingUpgrades/latest,RollingUpgradeStatusInfo
get|/subscriptions/{}/resourcegroups/{}/providers/microsoft.compute/virtualmachinescalesets/{}/skus,listSkus,get,/subscriptions/{subscriptionId}/resourceGroups/{resourceGroupName}/providers/Microsoft.Compute/virtualMachineScaleSets/{vmScaleSetName}/skus,action,https://github.com/Azure/azure-rest-api-specs/blob/fe2ecb8ba063bedd3fab06de547cb4fd2eb99658/specification/compute/resource-manager/Microsoft.Compute/Compute/Compute/VirtualMachineScaleSet.tsp#L429,microsoft.compute/virtualmachinescalesets|/subscriptions/{}/resourcegroups/{}/providers/microsoft.compute/virtualmachinescalesets/{},Microsoft.Compute/virtualMachineScaleSets,/subscriptions/{subscriptionId}/resourceGroups/{resourceGroupName}/providers/Microsoft.Compute/virtualMachineScaleSets/{vmScaleSetName},VirtualMachineScaleSet
get|/subscriptions/{}/resourcegroups/{}/providers/microsoft.compute/virtualmachinescalesets/{}/virtualmachines/{}/diagnosticruncommands/{},get,get,/subscriptions/{subscriptionId}/resourceGroups/{resourceGroupName}/providers/Microsoft.Compute/virtualMachineScaleSets/{vmScaleSetName}/virtualMachines/{instanceId}/diagnosticRunCommands/{runCommandName},read,https://github.com/Azure/azure-rest-api-specs/blob/fe2ecb8ba063bedd3fab06de547cb4fd2eb99658/specification/compute/resource-manager/Microsoft.Compute/Compute/Compute/VirtualMachineDiagnosticRunCommand.tsp#L142,microsoft.compute/virtualmachinescalesets/virtualmachines/diagnosticruncommands|/subscriptions/{}/resourcegroups/{}/providers/microsoft.compute/virtualmachinescalesets/{}/virtualmachines/{}/diagnosticruncommands/{},Microsoft.Compute/virtualMachineScaleSets/virtualMachines/diagnosticRunCommands,/subscriptions/{subscriptionId}/resourceGroups/{resourceGroupName}/providers/Microsoft.Compute/virtualMachineScaleSets/{vmScaleSetName}/virtualMachines/{instanceId}/diagnosticRunCommands/{runCommandName},VirtualMachinesDiagnosticRunCommands
get|/subscriptions/{}/resourcegroups/{}/providers/microsoft.compute/virtualmachinescalesets/{}/virtualmachines/{}/diagnosticruncommands,diagnosticList,get,/subscriptions/{subscriptionId}/resourceGroups/{resourceGroupName}/providers/Microsoft.Compute/virtualMachineScaleSets/{vmScaleSetName}/virtualMachines/{instanceId}/diagnosticRunCommands,list,https://github.com/Azure/azure-rest-api-specs/blob/fe2ecb8ba063bedd3fab06de547cb4fd2eb99658/specification/compute/resource-manager/Microsoft.Compute/Compute/Compute/VirtualMachineDiagnosticRunCommand.tsp#L201,microsoft.compute/virtualmachinescalesets/virtualmachines/diagnosticruncommands|/subscriptions/{}/resourcegroups/{}/providers/microsoft.compute/virtualmachinescalesets/{}/virtualmachines/{}/diagnosticruncommands/{},Microsoft.Compute/virtualMachineScaleSets/virtualMachines/diagnosticRunCommands,/subscriptions/{subscriptionId}/resourceGroups/{resourceGroupName}/providers/Microsoft.Compute/virtualMachineScaleSets/{vmScaleSetName}/virtualMachines/{instanceId}/diagnosticRunCommands/{runCommandName},VirtualMachinesDiagnosticRunCommands
get|/subscriptions/{}/resourcegroups/{}/providers/microsoft.compute/virtualmachinescalesets/{}/virtualmachines/{}/instanceview,getInstanceView,get,/subscriptions/{subscriptionId}/resourceGroups/{resourceGroupName}/providers/Microsoft.Compute/virtualMachineScaleSets/{vmScaleSetName}/virtualMachines/{instanceId}/instanceView,action,https://github.com/Azure/azure-rest-api-specs/blob/fe2ecb8ba063bedd3fab06de547cb4fd2eb99658/specification/compute/resource-manager/Microsoft.Compute/Compute/Compute/VirtualMachineScaleSetVM.tsp#L231,microsoft.compute/virtualmachinescalesets/virtualmachines|/subscriptions/{}/resourcegroups/{}/providers/microsoft.compute/virtualmachinescalesets/{}/virtualmachines/{},Microsoft.Compute/virtualMachineScaleSets/virtualMachines,/subscriptions/{subscriptionId}/resourceGroups/{resourceGroupName}/providers/Microsoft.Compute/virtualMachineScaleSets/{vmScaleSetName}/virtualMachines/{instanceId},VirtualMachineScaleSetVM
get|/subscriptions/{}/resourcegroups/{}/providers/microsoft.compute/virtualmachinescalesets/{}/virtualmachines/{}/runcommands/{},get,get,/subscriptions/{subscriptionId}/resourceGroups/{resourceGroupName}/providers/Microsoft.Compute/virtualMachineScaleSets/{vmScaleSetName}/virtualMachines/{instanceId}/runCommands/{runCommandName},read,https://github.com/Azure/azure-rest-api-specs/blob/fe2ecb8ba063bedd3fab06de547cb4fd2eb99658/specification/compute/resource-manager/Microsoft.Compute/Compute/Compute/VirtualMachineRunCommand.tsp#L163,microsoft.compute/virtualmachinescalesets/virtualmachines/runcommands|/subscriptions/{}/resourcegroups/{}/providers/microsoft.compute/virtualmachinescalesets/{}/virtualmachines/{}/runcommands/{},Microsoft.Compute/virtualMachineScaleSets/virtualMachines/runCommands,/subscriptions/{subscriptionId}/resourceGroups/{resourceGroupName}/providers/Microsoft.Compute/virtualMachineScaleSets/{vmScaleSetName}/virtualMachines/{instanceId}/runCommands/{runCommandName},VirtualMachinesRunCommands
get|/subscriptions/{}/resourcegroups/{}/providers/microsoft.compute/virtualmachinescalesets/{}/virtualmachines/{}/runcommands,list,get,/subscriptions/{subscriptionId}/resourceGroups/{resourceGroupName}/providers/Microsoft.Compute/virtualMachineScaleSets/{vmScaleSetName}/virtualMachines/{instanceId}/runCommands,list,https://github.com/Azure/azure-rest-api-specs/blob/fe2ecb8ba063bedd3fab06de547cb4fd2eb99658/specification/compute/resource-manager/Microsoft.Compute/Compute/Compute/VirtualMachineRunCommand.tsp#L219,microsoft.compute/virtualmachinescalesets/virtualmachines/runcommands|/subscriptions/{}/resourcegroups/{}/providers/microsoft.compute/virtualmachinescalesets/{}/virtualmachines/{}/runcommands/{},Microsoft.Compute/virtualMachineScaleSets/virtualMachines/runCommands,/subscriptions/{subscriptionId}/resourceGroups/{resourceGroupName}/providers/Microsoft.Compute/virtualMachineScaleSets/{vmScaleSetName}/virtualMachines/{instanceId}/runCommands/{runCommandName},VirtualMachinesRunCommands
get|/subscriptions/{}/resourcegroups/{}/providers/microsoft.compute/virtualmachinescalesets/{}/virtualmachines/{},get,get,/subscriptions/{subscriptionId}/resourceGroups/{resourceGroupName}/providers/Microsoft.Compute/virtualMachineScaleSets/{vmScaleSetName}/virtualMachines/{instanceId},read,https://github.com/Azure/azure-rest-api-specs/blob/fe2ecb8ba063bedd3fab06de547cb4fd2eb99658/specification/compute/resource-manager/Microsoft.Compute/Compute/Compute/VirtualMachineScaleSetVM.tsp#L110,microsoft.compute/virtualmachinescalesets/virtualmachines|/subscriptions/{}/resourcegroups/{}/providers/microsoft.compute/virtualmachinescalesets/{}/virtualmachines/{},Microsoft.Compute/virtualMachineScaleSets/virtualMachines,/subscriptions/{subscriptionId}/resourceGroups/{resourceGroupName}/providers/Microsoft.Compute/virtualMachineScaleSets/{vmScaleSetName}/virtualMachines/{instanceId},VirtualMachineScaleSetVM
get|/subscriptions/{}/resourcegroups/{}/providers/microsoft.compute/virtualmachinescalesets/{}/virtualmachines,list,get,/subscriptions/{subscriptionId}/resourceGroups/{resourceGroupName}/providers/Microsoft.Compute/virtualMachineScaleSets/{virtualMachineScaleSetName}/virtualMachines,list,https://github.com/Azure/azure-rest-api-specs/blob/fe2ecb8ba063bedd3fab06de547cb4fd2eb99658/specification/compute/resource-manager/Microsoft.Compute/Compute/Compute/VirtualMachineScaleSetVM.tsp#L176,microsoft.compute/virtualmachinescalesets/virtualmachines|/subscriptions/{}/resourcegroups/{}/providers/microsoft.compute/virtualmachinescalesets/{}/virtualmachines/{},Microsoft.Compute/virtualMachineScaleSets/virtualMachines,/subscriptions/{subscriptionId}/resourceGroups/{resourceGroupName}/providers/Microsoft.Compute/virtualMachineScaleSets/{vmScaleSetName}/virtualMachines/{instanceId},VirtualMachineScaleSetVM
get|/subscriptions/{}/resourcegroups/{}/providers/microsoft.compute/virtualmachinescalesets/{},get,get,/subscriptions/{subscriptionId}/resourceGroups/{resourceGroupName}/providers/Microsoft.Compute/virtualMachineScaleSets/{vmScaleSetName},read,https://github.com/Azure/azure-rest-api-specs/blob/fe2ecb8ba063bedd3fab06de547cb4fd2eb99658/specification/compute/resource-manager/Microsoft.Compute/Compute/Compute/VirtualMachineScaleSet.tsp#L86,microsoft.compute/virtualmachinescalesets|/subscriptions/{}/resourcegroups/{}/providers/microsoft.compute/virtualmachinescalesets/{},Microsoft.Compute/virtualMachineScaleSets,/subscriptions/{subscriptionId}/resourceGroups/{resourceGroupName}/providers/Microsoft.Compute/virtualMachineScaleSets/{vmScaleSetName},VirtualMachineScaleSet
get|/subscriptions/{}/resourcegroups/{}/providers/microsoft.compute/virtualmachinescalesets,list,get,/subscriptions/{subscriptionId}/resourceGroups/{resourceGroupName}/providers/Microsoft.Compute/virtualMachineScaleSets,list,https://github.com/Azure/azure-rest-api-specs/blob/fe2ecb8ba063bedd3fab06de547cb4fd2eb99658/specification/compute/resource-manager/Microsoft.Compute/Compute/Compute/VirtualMachineScaleSet.tsp#L168,microsoft.compute/virtualmachinescalesets|/subscriptions/{}/resourcegroups/{}/providers/microsoft.compute/virtualmachinescalesets/{},Microsoft.Compute/virtualMachineScaleSets,/subscriptions/{subscriptionId}/resourceGroups/{resourceGroupName}/providers/Microsoft.Compute/virtualMachineScaleSets/{vmScaleSetName},VirtualMachineScaleSet
patch|/subscriptions/{}/resourcegroups/{}/providers/microsoft.compute/availabilitysets/{},update,patch,/subscriptions/{subscriptionId}/resourceGroups/{resourceGroupName}/providers/Microsoft.Compute/availabilitySets/{availabilitySetName},update,https://github.com/Azure/azure-rest-api-specs/blob/fe2ecb8ba063bedd3fab06de547cb4fd2eb99658/specification/compute/resource-manager/Microsoft.Compute/Compute/Compute/AvailabilitySet.tsp#L53,microsoft.compute/availabilitysets|/subscriptions/{}/resourcegroups/{}/providers/microsoft.compute/availabilitysets/{},Microsoft.Compute/availabilitySets,/subscriptions/{subscriptionId}/resourceGroups/{resourceGroupName}/providers/Microsoft.Compute/availabilitySets/{availabilitySetName},AvailabilitySet
patch|/subscriptions/{}/resourcegroups/{}/providers/microsoft.compute/capacityreservationgroups/{}/capacityreservations/{},update,patch,/subscriptions/{subscriptionId}/resourceGroups/{resourceGroupName}/providers/Microsoft.Compute/capacityReservationGroups/{capacityReservationGroupName}/capacityReservations/{capacityReservationName},update,https://github.com/Azure/azure-rest-api-specs/blob/fe2ecb8ba063bedd3fab06de547cb4fd2eb99658/specification/compute/resource-manager/Microsoft.Compute/Compute/Compute/CapacityReservation.tsp#L74,microsoft.compute/capacityreservationgroups/capacityreservations|/subscriptions/{}/resourcegroups/{}/providers/microsoft.compute/capacityreservationgroups/{}/capacityreservations/{},Microsoft.Compute/capacityReservationGroups/capacityReservations,/subscriptions/{subscriptionId}/resourceGroups/{resourceGroupName}/providers/Microsoft.Compute/capacityReservationGroups/{capacityReservationGroupName}/capacityReservations/{capacityReservationName},CapacityReservation
patch|/subscriptions/{}/resourcegroups/{}/providers/microsoft.compute/capacityreservationgroups/{},update,patch,/subscriptions/{subscriptionId}/resourceGroups/{resourceGroupName}/providers/Microsoft.Compute/capacityReservationGroups/{capacityReservationGroupName},update,https://github.com/Azure/azure-rest-api-specs/blob/fe2ecb8ba063bedd3fab06de547cb4fd2eb99658/specification/compute/resource-manager/Microsoft.Compute/Compute/Compute/CapacityReservationGroup.tsp#L53,microsoft.compute/capacityreservationgroups|/subscriptions/{}/resourcegroups/{}/providers/microsoft.compute/capacityreservationgroups/{},Microsoft.Compute/capacityReservationGroups,/subscriptions/{subscriptionId}/resourceGroups/{resourceGroupName}/providers/Microsoft.Compute/capacityReservationGroups/{capacityReservationGroupName},CapacityReservationGroup
patch|/subscriptions/{}/resourcegroups/{}/providers/microsoft.compute/hostgroups/{}/hosts/{},update,patch,/subscriptions/{subscriptionId}/resourceGroups/{resourceGroupName}/providers/Microsoft.Compute/hostGroups/{hostGroupName}/hosts/{hostName},update,https://github.com/Azure/azure-rest-api-specs/blob/fe2ecb8ba063bedd3fab06de547cb4fd2eb99658/specification/compute/resource-manager/Microsoft.Compute/Compute/Compute/DedicatedHost.tsp#L67,microsoft.compute/hostgroups/hosts|/subscriptions/{}/resourcegroups/{}/providers/microsoft.compute/hostgroups/{}/hosts/{},Microsoft.Compute/hostGroups/hosts,/subscriptions/{subscriptionId}/resourceGroups/{resourceGroupName}/providers/Microsoft.Compute/hostGroups/{hostGroupName}/hosts/{hostName},DedicatedHost
patch|/subscriptions/{}/resourcegroups/{}/providers/microsoft.compute/hostgroups/{},update,patch,/subscriptions/{subscriptionId}/resourceGroups/{resourceGroupName}/providers/Microsoft.Compute/hostGroups/{hostGroupName},update,https://github.com/Azure/azure-rest-api-specs/blob/fe2ecb8ba063bedd3fab06de547cb4fd2eb99658/specification/compute/resource-manager/Microsoft.Compute/Compute/Compute/DedicatedHostGroup.tsp#L53,microsoft.compute/hostgroups|/subscriptions/{}/resourcegroups/{}/providers/microsoft.compute/hostgroups/{},Microsoft.Compute/hostGroups,/subscriptions/{subscriptionId}/resourceGroups/{resourceGroupName}/providers/Microsoft.Compute/hostGroups/{hostGroupName},DedicatedHostGroup
patch|/subscriptions/{}/resourcegroups/{}/providers/microsoft.compute/images/{},update,patch,/subscriptions/{subscriptionId}/resourceGroups/{resourceGroupName}/providers/Microsoft.Compute/images/{imageName},update,https://github.com/Azure/azure-rest-api-specs/blob/fe2ecb8ba063bedd3fab06de547cb4fd2eb99658/specification/compute/resource-manager/Microsoft.Compute/Compute/Compute/Image.tsp#L61,microsoft.compute/images|/subscriptions/{}/resourcegroups/{}/providers/microsoft.compute/images/{},Microsoft.Compute/images,/subscriptions/{subscriptionId}/resourceGroups/{resourceGroupName}/providers/Microsoft.Compute/images/{imageName},Image
patch|/subscriptions/{}/resourcegroups/{}/providers/microsoft.compute/interconnectblocks/{},update,patch,/subscriptions/{subscriptionId}/resourceGroups/{resourceGroupName}/providers/Microsoft.Compute/interconnectBlocks/{interconnectBlockName},update,https://github.com/Azure/azure-rest-api-specs/blob/fe2ecb8ba063bedd3fab06de547cb4fd2eb99658/specification/compute/resource-manager/Microsoft.Compute/Compute/Compute/InterconnectBlock.tsp#L72,microsoft.compute/interconnectblocks|/subscriptions/{}/resourcegroups/{}/providers/microsoft.compute/interconnectblocks/{},Microsoft.Compute/interconnectBlocks,/subscriptions/{subscriptionId}/resourceGroups/{resourceGroupName}/providers/Microsoft.Compute/interconnectBlocks/{interconnectBlockName},InterconnectBlock
patch|/subscriptions/{}/resourcegroups/{}/providers/microsoft.compute/proximityplacementgroups/{},update,patch,/subscriptions/{subscriptionId}/resourceGroups/{resourceGroupName}/providers/Microsoft.Compute/proximityPlacementGroups/{proximityPlacementGroupName},update,https://github.com/Azure/azure-rest-api-specs/blob/fe2ecb8ba063bedd3fab06de547cb4fd2eb99658/specification/compute/resource-manager/Microsoft.Compute/Compute/Compute/ProximityPlacementGroup.tsp#L53,microsoft.compute/proximityplacementgroups|/subscriptions/{}/resourcegroups/{}/providers/microsoft.compute/proximityplacementgroups/{},Microsoft.Compute/proximityPlacementGroups,/subscriptions/{subscriptionId}/resourceGroups/{resourceGroupName}/providers/Microsoft.Compute/proximityPlacementGroups/{proximityPlacementGroupName},ProximityPlacementGroup
patch|/subscriptions/{}/resourcegroups/{}/providers/microsoft.compute/restorepointcollections/{},update,patch,/subscriptions/{subscriptionId}/resourceGroups/{resourceGroupName}/providers/Microsoft.Compute/restorePointCollections/{restorePointCollectionName},update,https://github.com/Azure/azure-rest-api-specs/blob/fe2ecb8ba063bedd3fab06de547cb4fd2eb99658/specification/compute/resource-manager/Microsoft.Compute/Compute/Compute/RestorePointCollection.tsp#L52,microsoft.compute/restorepointcollections|/subscriptions/{}/resourcegroups/{}/providers/microsoft.compute/restorepointcollections/{},Microsoft.Compute/restorePointCollections,/subscriptions/{subscriptionId}/resourceGroups/{resourceGroupName}/providers/Microsoft.Compute/restorePointCollections/{restorePointCollectionName},RestorePointCollection
patch|/subscriptions/{}/resourcegroups/{}/providers/microsoft.compute/sshpublickeys/{},update,patch,/subscriptions/{subscriptionId}/resourceGroups/{resourceGroupName}/providers/Microsoft.Compute/sshPublicKeys/{sshPublicKeyName},update,https://github.com/Azure/azure-rest-api-specs/blob/fe2ecb8ba063bedd3fab06de547cb4fd2eb99658/specification/compute/resource-manager/Microsoft.Compute/Compute/Compute/SshPublicKeyResource.tsp#L50,microsoft.compute/sshpublickeys|/subscriptions/{}/resourcegroups/{}/providers/microsoft.compute/sshpublickeys/{},Microsoft.Compute/sshPublicKeys,/subscriptions/{subscriptionId}/resourceGroups/{resourceGroupName}/providers/Microsoft.Compute/sshPublicKeys/{sshPublicKeyName},SshPublicKeyResource
patch|/subscriptions/{}/resourcegroups/{}/providers/microsoft.compute/virtualmachines/{}/diagnosticruncommands/{},update,patch,/subscriptions/{subscriptionId}/resourceGroups/{resourceGroupName}/providers/Microsoft.Compute/virtualMachines/{vmName}/diagnosticRunCommands/{runCommandName},update,https://github.com/Azure/azure-rest-api-specs/blob/fe2ecb8ba063bedd3fab06de547cb4fd2eb99658/specification/compute/resource-manager/Microsoft.Compute/Compute/Compute/VirtualMachineDiagnosticRunCommand.tsp#L79,microsoft.compute/virtualmachines/diagnosticruncommands|/subscriptions/{}/resourcegroups/{}/providers/microsoft.compute/virtualmachines/{}/diagnosticruncommands/{},Microsoft.Compute/virtualMachines/diagnosticRunCommands,/subscriptions/{subscriptionId}/resourceGroups/{resourceGroupName}/providers/Microsoft.Compute/virtualMachines/{vmName}/diagnosticRunCommands/{runCommandName},VirtualMachinesDiagnosticRunCommands
patch|/subscriptions/{}/resourcegroups/{}/providers/microsoft.compute/virtualmachines/{}/extensions/{},update,patch,/subscriptions/{subscriptionId}/resourceGroups/{resourceGroupName}/providers/Microsoft.Compute/virtualMachines/{vmName}/extensions/{vmExtensionName},update,https://github.com/Azure/azure-rest-api-specs/blob/fe2ecb8ba063bedd3fab06de547cb4fd2eb99658/specification/compute/resource-manager/Microsoft.Compute/Compute/Compute/VirtualMachineExtension.tsp#L83,microsoft.compute/virtualmachines/extensions|/subscriptions/{}/resourcegroups/{}/providers/microsoft.compute/virtualmachines/{}/extensions/{},Microsoft.Compute/virtualMachines/extensions,/subscriptions/{subscriptionId}/resourceGroups/{resourceGroupName}/providers/Microsoft.Compute/virtualMachines/{vmName}/extensions/{vmExtensionName},VirtualMachineExtension
patch|/subscriptions/{}/resourcegroups/{}/providers/microsoft.compute/virtualmachines/{}/runcommands/{},update,patch,/subscriptions/{subscriptionId}/resourceGroups/{resourceGroupName}/providers/Microsoft.Compute/virtualMachines/{vmName}/runCommands/{runCommandName},update,https://github.com/Azure/azure-rest-api-specs/blob/fe2ecb8ba063bedd3fab06de547cb4fd2eb99658/specification/compute/resource-manager/Microsoft.Compute/Compute/Compute/VirtualMachineRunCommand.tsp#L86,microsoft.compute/virtualmachines/runcommands|/subscriptions/{}/resourcegroups/{}/providers/microsoft.compute/virtualmachines/{}/runcommands/{},Microsoft.Compute/virtualMachines/runCommands,/subscriptions/{subscriptionId}/resourceGroups/{resourceGroupName}/providers/Microsoft.Compute/virtualMachines/{vmName}/runCommands/{runCommandName},VirtualMachinesRunCommands
patch|/subscriptions/{}/resourcegroups/{}/providers/microsoft.compute/virtualmachines/{},update,patch,/subscriptions/{subscriptionId}/resourceGroups/{resourceGroupName}/providers/Microsoft.Compute/virtualMachines/{vmName},update,https://github.com/Azure/azure-rest-api-specs/blob/fe2ecb8ba063bedd3fab06de547cb4fd2eb99658/specification/compute/resource-manager/Microsoft.Compute/Compute/Compute/VirtualMachine.tsp#L119,microsoft.compute/virtualmachines|/subscriptions/{}/resourcegroups/{}/providers/microsoft.compute/virtualmachines/{},Microsoft.Compute/virtualMachines,/subscriptions/{subscriptionId}/resourceGroups/{resourceGroupName}/providers/Microsoft.Compute/virtualMachines/{vmName},VirtualMachine
patch|/subscriptions/{}/resourcegroups/{}/providers/microsoft.compute/virtualmachinescalesets/{}/lifecyclehookevents/{},update,patch,/subscriptions/{subscriptionId}/resourceGroups/{resourceGroupName}/providers/Microsoft.Compute/virtualMachineScaleSets/{vmScaleSetName}/lifecycleHookEvents/{lifecycleHookEventName},update,https://github.com/Azure/azure-rest-api-specs/blob/fe2ecb8ba063bedd3fab06de547cb4fd2eb99658/specification/compute/resource-manager/Microsoft.Compute/Compute/Compute/VirtualMachineScaleSetLifecycleHookEvent.tsp#L64,microsoft.compute/virtualmachinescalesets/lifecyclehookevents|/subscriptions/{}/resourcegroups/{}/providers/microsoft.compute/virtualmachinescalesets/{}/lifecyclehookevents/{},Microsoft.Compute/virtualMachineScaleSets/lifecycleHookEvents,/subscriptions/{subscriptionId}/resourceGroups/{resourceGroupName}/providers/Microsoft.Compute/virtualMachineScaleSets/{vmScaleSetName}/lifecycleHookEvents/{lifecycleHookEventName},VMScaleSetLifecycleHookEvent
patch|/subscriptions/{}/resourcegroups/{}/providers/microsoft.compute/virtualmachinescalesets/{}/virtualmachines/{}/diagnosticruncommands/{},update,patch,/subscriptions/{subscriptionId}/resourceGroups/{resourceGroupName}/providers/Microsoft.Compute/virtualMachineScaleSets/{vmScaleSetName}/virtualMachines/{instanceId}/diagnosticRunCommands/{runCommandName},update,https://github.com/Azure/azure-rest-api-specs/blob/fe2ecb8ba063bedd3fab06de547cb4fd2eb99658/specification/compute/resource-manager/Microsoft.Compute/Compute/Compute/VirtualMachineDiagnosticRunCommand.tsp#L171,microsoft.compute/virtualmachinescalesets/virtualmachines/diagnosticruncommands|/subscriptions/{}/resourcegroups/{}/providers/microsoft.compute/virtualmachinescalesets/{}/virtualmachines/{}/diagnosticruncommands/{},Microsoft.Compute/virtualMachineScaleSets/virtualMachines/diagnosticRunCommands,/subscriptions/{subscriptionId}/resourceGroups/{resourceGroupName}/providers/Microsoft.Compute/virtualMachineScaleSets/{vmScaleSetName}/virtualMachines/{instanceId}/diagnosticRunCommands/{runCommandName},VirtualMachinesDiagnosticRunCommands
patch|/subscriptions/{}/resourcegroups/{}/providers/microsoft.compute/virtualmachinescalesets/{}/virtualmachines/{}/runcommands/{},update,patch,/subscriptions/{subscriptionId}/resourceGroups/{resourceGroupName}/providers/Microsoft.Compute/virtualMachineScaleSets/{vmScaleSetName}/virtualMachines/{instanceId}/runCommands/{runCommandName},update,https://github.com/Azure/azure-rest-api-specs/blob/fe2ecb8ba063bedd3fab06de547cb4fd2eb99658/specification/compute/resource-manager/Microsoft.Compute/Compute/Compute/VirtualMachineRunCommand.tsp#L191,microsoft.compute/virtualmachinescalesets/virtualmachines/runcommands|/subscriptions/{}/resourcegroups/{}/providers/microsoft.compute/virtualmachinescalesets/{}/virtualmachines/{}/runcommands/{},Microsoft.Compute/virtualMachineScaleSets/virtualMachines/runCommands,/subscriptions/{subscriptionId}/resourceGroups/{resourceGroupName}/providers/Microsoft.Compute/virtualMachineScaleSets/{vmScaleSetName}/virtualMachines/{instanceId}/runCommands/{runCommandName},VirtualMachinesRunCommands
patch|/subscriptions/{}/resourcegroups/{}/providers/microsoft.compute/virtualmachinescalesets/{},update,patch,/subscriptions/{subscriptionId}/resourceGroups/{resourceGroupName}/providers/Microsoft.Compute/virtualMachineScaleSets/{vmScaleSetName},update,https://github.com/Azure/azure-rest-api-specs/blob/fe2ecb8ba063bedd3fab06de547cb4fd2eb99658/specification/compute/resource-manager/Microsoft.Compute/Compute/Compute/VirtualMachineScaleSet.tsp#L125,microsoft.compute/virtualmachinescalesets|/subscriptions/{}/resourcegroups/{}/providers/microsoft.compute/virtualmachinescalesets/{},Microsoft.Compute/virtualMachineScaleSets,/subscriptions/{subscriptionId}/resourceGroups/{resourceGroupName}/providers/Microsoft.Compute/virtualMachineScaleSets/{vmScaleSetName},VirtualMachineScaleSet
post|/subscriptions/{}/resourcegroups/{}/providers/microsoft.compute/availabilitysets/{}/cancelmigrationtovirtualmachinescaleset,cancelMigrationToVirtualMachineScaleSet,post,/subscriptions/{subscriptionId}/resourceGroups/{resourceGroupName}/providers/Microsoft.Compute/availabilitySets/{availabilitySetName}/cancelMigrationToVirtualMachineScaleSet,action,https://github.com/Azure/azure-rest-api-specs/blob/fe2ecb8ba063bedd3fab06de547cb4fd2eb99658/specification/compute/resource-manager/Microsoft.Compute/Compute/Compute/AvailabilitySet.tsp#L110,microsoft.compute/availabilitysets|/subscriptions/{}/resourcegroups/{}/providers/microsoft.compute/availabilitysets/{},Microsoft.Compute/availabilitySets,/subscriptions/{subscriptionId}/resourceGroups/{resourceGroupName}/providers/Microsoft.Compute/availabilitySets/{availabilitySetName},AvailabilitySet
post|/subscriptions/{}/resourcegroups/{}/providers/microsoft.compute/availabilitysets/{}/converttovirtualmachinescaleset,convertToVirtualMachineScaleSet,post,/subscriptions/{subscriptionId}/resourceGroups/{resourceGroupName}/providers/Microsoft.Compute/availabilitySets/{availabilitySetName}/convertToVirtualMachineScaleSet,action,https://github.com/Azure/azure-rest-api-specs/blob/fe2ecb8ba063bedd3fab06de547cb4fd2eb99658/specification/compute/resource-manager/Microsoft.Compute/Compute/Compute/AvailabilitySet.tsp#L130,microsoft.compute/availabilitysets|/subscriptions/{}/resourcegroups/{}/providers/microsoft.compute/availabilitysets/{},Microsoft.Compute/availabilitySets,/subscriptions/{subscriptionId}/resourceGroups/{resourceGroupName}/providers/Microsoft.Compute/availabilitySets/{availabilitySetName},AvailabilitySet
post|/subscriptions/{}/resourcegroups/{}/providers/microsoft.compute/availabilitysets/{}/startmigrationtovirtualmachinescaleset,startMigrationToVirtualMachineScaleSet,post,/subscriptions/{subscriptionId}/resourceGroups/{resourceGroupName}/providers/Microsoft.Compute/availabilitySets/{availabilitySetName}/startMigrationToVirtualMachineScaleSet,action,https://github.com/Azure/azure-rest-api-specs/blob/fe2ecb8ba063bedd3fab06de547cb4fd2eb99658/specification/compute/resource-manager/Microsoft.Compute/Compute/Compute/AvailabilitySet.tsp#L100,microsoft.compute/availabilitysets|/subscriptions/{}/resourcegroups/{}/providers/microsoft.compute/availabilitysets/{},Microsoft.Compute/availabilitySets,/subscriptions/{subscriptionId}/resourceGroups/{resourceGroupName}/providers/Microsoft.Compute/availabilitySets/{availabilitySetName},AvailabilitySet
post|/subscriptions/{}/resourcegroups/{}/providers/microsoft.compute/availabilitysets/{}/validatemigrationtovirtualmachinescaleset,validateMigrationToVirtualMachineScaleSet,post,/subscriptions/{subscriptionId}/resourceGroups/{resourceGroupName}/providers/Microsoft.Compute/availabilitySets/{availabilitySetName}/validateMigrationToVirtualMachineScaleSet,action,https://github.com/Azure/azure-rest-api-specs/blob/fe2ecb8ba063bedd3fab06de547cb4fd2eb99658/specification/compute/resource-manager/Microsoft.Compute/Compute/Compute/AvailabilitySet.tsp#L120,microsoft.compute/availabilitysets|/subscriptions/{}/resourcegroups/{}/providers/microsoft.compute/availabilitysets/{},Microsoft.Compute/availabilitySets,/subscriptions/{subscriptionId}/resourceGroups/{resourceGroupName}/providers/Microsoft.Compute/availabilitySets/{availabilitySetName},AvailabilitySet
post|/subscriptions/{}/resourcegroups/{}/providers/microsoft.compute/hostgroups/{}/hosts/{}/redeploy,redeploy,post,/subscriptions/{subscriptionId}/resourceGroups/{resourceGroupName}/providers/Microsoft.Compute/hostGroups/{hostGroupName}/hosts/{hostName}/redeploy,action,https://github.com/Azure/azure-rest-api-specs/blob/fe2ecb8ba063bedd3fab06de547cb4fd2eb99658/specification/compute/resource-manager/Microsoft.Compute/Compute/Compute/DedicatedHost.tsp#L111,microsoft.compute/hostgroups/hosts|/subscriptions/{}/resourcegroups/{}/providers/microsoft.compute/hostgroups/{}/hosts/{},Microsoft.Compute/hostGroups/hosts,/subscriptions/{subscriptionId}/resourceGroups/{resourceGroupName}/providers/Microsoft.Compute/hostGroups/{hostGroupName}/hosts/{hostName},DedicatedHost
post|/subscriptions/{}/resourcegroups/{}/providers/microsoft.compute/hostgroups/{}/hosts/{}/restart,restart,post,/subscriptions/{subscriptionId}/resourceGroups/{resourceGroupName}/providers/Microsoft.Compute/hostGroups/{hostGroupName}/hosts/{hostName}/restart,action,https://github.com/Azure/azure-rest-api-specs/blob/fe2ecb8ba063bedd3fab06de547cb4fd2eb99658/specification/compute/resource-manager/Microsoft.Compute/Compute/Compute/DedicatedHost.tsp#L124,microsoft.compute/hostgroups/hosts|/subscriptions/{}/resourcegroups/{}/providers/microsoft.compute/hostgroups/{}/hosts/{},Microsoft.Compute/hostGroups/hosts,/subscriptions/{subscriptionId}/resourceGroups/{resourceGroupName}/providers/Microsoft.Compute/hostGroups/{hostGroupName}/hosts/{hostName},DedicatedHost
post|/subscriptions/{}/resourcegroups/{}/providers/microsoft.compute/sshpublickeys/{}/generatekeypair,generateKeyPair,post,/subscriptions/{subscriptionId}/resourceGroups/{resourceGroupName}/providers/Microsoft.Compute/sshPublicKeys/{sshPublicKeyName}/generateKeyPair,action,https://github.com/Azure/azure-rest-api-specs/blob/fe2ecb8ba063bedd3fab06de547cb4fd2eb99658/specification/compute/resource-manager/Microsoft.Compute/Compute/Compute/SshPublicKeyResource.tsp#L88,microsoft.compute/sshpublickeys|/subscriptions/{}/resourcegroups/{}/providers/microsoft.compute/sshpublickeys/{},Microsoft.Compute/sshPublicKeys,/subscriptions/{subscriptionId}/resourceGroups/{resourceGroupName}/providers/Microsoft.Compute/sshPublicKeys/{sshPublicKeyName},SshPublicKeyResource
post|/subscriptions/{}/resourcegroups/{}/providers/microsoft.compute/virtualmachines/{}/assesspatches,assessPatches,post,/subscriptions/{subscriptionId}/resourceGroups/{resourceGroupName}/providers/Microsoft.Compute/virtualMachines/{vmName}/assessPatches,action,https://github.com/Azure/azure-rest-api-specs/blob/fe2ecb8ba063bedd3fab06de547cb4fd2eb99658/specification/compute/resource-manager/Microsoft.Compute/Compute/Compute/VirtualMachine.tsp#L208,microsoft.compute/virtualmachines|/subscriptions/{}/resourcegroups/{}/providers/microsoft.compute/virtualmachines/{},Microsoft.Compute/virtualMachines,/subscriptions/{subscriptionId}/resourceGroups/{resourceGroupName}/providers/Microsoft.Compute/virtualMachines/{vmName},VirtualMachine
post|/subscriptions/{}/resourcegroups/{}/providers/microsoft.compute/virtualmachines/{}/attachdetachdatadisks,attachDetachDataDisks,post,/subscriptions/{subscriptionId}/resourceGroups/{resourceGroupName}/providers/Microsoft.Compute/virtualMachines/{vmName}/attachDetachDataDisks,action,https://github.com/Azure/azure-rest-api-specs/blob/fe2ecb8ba063bedd3fab06de547cb4fd2eb99658/specification/compute/resource-manager/Microsoft.Compute/Compute/Compute/VirtualMachine.tsp#L217,microsoft.compute/virtualmachines|/subscriptions/{}/resourcegroups/{}/providers/microsoft.compute/virtualmachines/{},Microsoft.Compute/virtualMachines,/subscriptions/{subscriptionId}/resourceGroups/{resourceGroupName}/providers/Microsoft.Compute/virtualMachines/{vmName},VirtualMachine
post|/subscriptions/{}/resourcegroups/{}/providers/microsoft.compute/virtualmachines/{}/capture,capture,post,/subscriptions/{subscriptionId}/resourceGroups/{resourceGroupName}/providers/Microsoft.Compute/virtualMachines/{vmName}/capture,action,https://github.com/Azure/azure-rest-api-specs/blob/fe2ecb8ba063bedd3fab06de547cb4fd2eb99658/specification/compute/resource-manager/Microsoft.Compute/Compute/Compute/VirtualMachine.tsp#L226,microsoft.compute/virtualmachines|/subscriptions/{}/resourcegroups/{}/providers/microsoft.compute/virtualmachines/{},Microsoft.Compute/virtualMachines,/subscriptions/{subscriptionId}/resourceGroups/{resourceGroupName}/providers/Microsoft.Compute/virtualMachines/{vmName},VirtualMachine
post|/subscriptions/{}/resourcegroups/{}/providers/microsoft.compute/virtualmachines/{}/converttomanageddisks,convertToManagedDisks,post,/subscriptions/{subscriptionId}/resourceGroups/{resourceGroupName}/providers/Microsoft.Compute/virtualMachines/{vmName}/convertToManagedDisks,action,https://github.com/Azure/azure-rest-api-specs/blob/fe2ecb8ba063bedd3fab06de547cb4fd2eb99658/specification/compute/resource-manager/Microsoft.Compute/Compute/Compute/VirtualMachine.tsp#L235,microsoft.compute/virtualmachines|/subscriptions/{}/resourcegroups/{}/providers/microsoft.compute/virtualmachines/{},Microsoft.Compute/virtualMachines,/subscriptions/{subscriptionId}/resourceGroups/{resourceGroupName}/providers/Microsoft.Compute/virtualMachines/{vmName},VirtualMachine
post|/subscriptions/{}/resourcegroups/{}/providers/microsoft.compute/virtualmachines/{}/deallocate,deallocate,post,/subscriptions/{subscriptionId}/resourceGroups/{resourceGroupName}/providers/Microsoft.Compute/virtualMachines/{vmName}/deallocate,action,https://github.com/Azure/azure-rest-api-specs/blob/fe2ecb8ba063bedd3fab06de547cb4fd2eb99658/specification/compute/resource-manager/Microsoft.Compute/Compute/Compute/VirtualMachine.tsp#L245,microsoft.compute/virtualmachines|/subscriptions/{}/resourcegroups/{}/providers/microsoft.compute/virtualmachines/{},Microsoft.Compute/virtualMachines,/subscriptions/{subscriptionId}/resourceGroups/{resourceGroupName}/providers/Microsoft.Compute/virtualMachines/{vmName},VirtualMachine
post|/subscriptions/{}/resourcegroups/{}/providers/microsoft.compute/virtualmachines/{}/generalize,generalize,post,/subscriptions/{subscriptionId}/resourceGroups/{resourceGroupName}/providers/Microsoft.Compute/virtualMachines/{vmName}/generalize,action,https://github.com/Azure/azure-rest-api-specs/blob/fe2ecb8ba063bedd3fab06de547cb4fd2eb99658/specification/compute/resource-manager/Microsoft.Compute/Compute/Compute/VirtualMachine.tsp#L269,microsoft.compute/virtualmachines|/subscriptions/{}/resourcegroups/{}/providers/microsoft.compute/virtualmachines/{},Microsoft.Compute/virtualMachines,/subscriptions/{subscriptionId}/resourceGroups/{resourceGroupName}/providers/Microsoft.Compute/virtualMachines/{vmName},VirtualMachine
post|/subscriptions/{}/resourcegroups/{}/providers/microsoft.compute/virtualmachines/{}/installpatches,installPatches,post,/subscriptions/{subscriptionId}/resourceGroups/{resourceGroupName}/providers/Microsoft.Compute/virtualMachines/{vmName}/installPatches,action,https://github.com/Azure/azure-rest-api-specs/blob/fe2ecb8ba063bedd3fab06de547cb4fd2eb99658/specification/compute/resource-manager/Microsoft.Compute/Compute/Compute/VirtualMachine.tsp#L274,microsoft.compute/virtualmachines|/subscriptions/{}/resourcegroups/{}/providers/microsoft.compute/virtualmachines/{},Microsoft.Compute/virtualMachines,/subscriptions/{subscriptionId}/resourceGroups/{resourceGroupName}/providers/Microsoft.Compute/virtualMachines/{vmName},VirtualMachine
post|/subscriptions/{}/resourcegroups/{}/providers/microsoft.compute/virtualmachines/{}/migratetovirtualmachinescaleset,migrateToVMScaleSet,post,/subscriptions/{subscriptionId}/resourceGroups/{resourceGroupName}/providers/Microsoft.Compute/virtualMachines/{vmName}/migrateToVirtualMachineScaleSet,action,https://github.com/Azure/azure-rest-api-specs/blob/fe2ecb8ba063bedd3fab06de547cb4fd2eb99658/specification/compute/resource-manager/Microsoft.Compute/Compute/Compute/VirtualMachine.tsp#L423,microsoft.compute/virtualmachines|/subscriptions/{}/resourcegroups/{}/providers/microsoft.compute/virtualmachines/{},Microsoft.Compute/virtualMachines,/subscriptions/{subscriptionId}/resourceGroups/{resourceGroupName}/providers/Microsoft.Compute/virtualMachines/{vmName},VirtualMachine
post|/subscriptions/{}/resourcegroups/{}/providers/microsoft.compute/virtualmachines/{}/performmaintenance,performMaintenance,post,/subscriptions/{subscriptionId}/resourceGroups/{resourceGroupName}/providers/Microsoft.Compute/virtualMachines/{vmName}/performMaintenance,action,https://github.com/Azure/azure-rest-api-specs/blob/fe2ecb8ba063bedd3fab06de547cb4fd2eb99658/specification/compute/resource-manager/Microsoft.Compute/Compute/Compute/VirtualMachine.tsp#L294,microsoft.compute/virtualmachines|/subscriptions/{}/resourcegroups/{}/providers/microsoft.compute/virtualmachines/{},Microsoft.Compute/virtualMachines,/subscriptions/{subscriptionId}/resourceGroups/{resourceGroupName}/providers/Microsoft.Compute/virtualMachines/{vmName},VirtualMachine
post|/subscriptions/{}/resourcegroups/{}/providers/microsoft.compute/virtualmachines/{}/poweroff,powerOff,post,/subscriptions/{subscriptionId}/resourceGroups/{resourceGroupName}/providers/Microsoft.Compute/virtualMachines/{vmName}/powerOff,action,https://github.com/Azure/azure-rest-api-specs/blob/fe2ecb8ba063bedd3fab06de547cb4fd2eb99658/specification/compute/resource-manager/Microsoft.Compute/Compute/Compute/VirtualMachine.tsp#L304,microsoft.compute/virtualmachines|/subscriptions/{}/resourcegroups/{}/providers/microsoft.compute/virtualmachines/{},Microsoft.Compute/virtualMachines,/subscriptions/{subscriptionId}/resourceGroups/{resourceGroupName}/providers/Microsoft.Compute/virtualMachines/{vmName},VirtualMachine
post|/subscriptions/{}/resourcegroups/{}/providers/microsoft.compute/virtualmachines/{}/reapply,reapply,post,/subscriptions/{subscriptionId}/resourceGroups/{resourceGroupName}/providers/Microsoft.Compute/virtualMachines/{vmName}/reapply,action,https://github.com/Azure/azure-rest-api-specs/blob/fe2ecb8ba063bedd3fab06de547cb4fd2eb99658/specification/compute/resource-manager/Microsoft.Compute/Compute/Compute/VirtualMachine.tsp#L321,microsoft.compute/virtualmachines|/subscriptions/{}/resourcegroups/{}/providers/microsoft.compute/virtualmachines/{},Microsoft.Compute/virtualMachines,/subscriptions/{subscriptionId}/resourceGroups/{resourceGroupName}/providers/Microsoft.Compute/virtualMachines/{vmName},VirtualMachine
post|/subscriptions/{}/resourcegroups/{}/providers/microsoft.compute/virtualmachines/{}/redeploy,redeploy,post,/subscriptions/{subscriptionId}/resourceGroups/{resourceGroupName}/providers/Microsoft.Compute/virtualMachines/{vmName}/redeploy,action,https://github.com/Azure/azure-rest-api-specs/blob/fe2ecb8ba063bedd3fab06de547cb4fd2eb99658/specification/compute/resource-manager/Microsoft.Compute/Compute/Compute/VirtualMachine.tsp#L331,microsoft.compute/virtualmachines|/subscriptions/{}/resourcegroups/{}/providers/microsoft.compute/virtualmachines/{},Microsoft.Compute/virtualMachines,/subscriptions/{subscriptionId}/resourceGroups/{resourceGroupName}/providers/Microsoft.Compute/virtualMachines/{vmName},VirtualMachine
post|/subscriptions/{}/resourcegroups/{}/providers/microsoft.compute/virtualmachines/{}/reimage,reimage,post,/subscriptions/{subscriptionId}/resourceGroups/{resourceGroupName}/providers/Microsoft.Compute/virtualMachines/{vmName}/reimage,action,https://github.com/Azure/azure-rest-api-specs/blob/fe2ecb8ba063bedd3fab06de547cb4fd2eb99658/specification/compute/resource-manager/Microsoft.Compute/Compute/Compute/VirtualMachine.tsp#L341,microsoft.compute/virtualmachines|/subscriptions/{}/resourcegroups/{}/providers/microsoft.compute/virtualmachines/{},Microsoft.Compute/virtualMachines,/subscriptions/{subscriptionId}/resourceGroups/{resourceGroupName}/providers/Microsoft.Compute/virtualMachines/{vmName},VirtualMachine
post|/subscriptions/{}/resourcegroups/{}/providers/microsoft.compute/virtualmachines/{}/restart,restart,post,/subscriptions/{subscriptionId}/resourceGroups/{resourceGroupName}/providers/Microsoft.Compute/virtualMachines/{vmName}/restart,action,https://github.com/Azure/azure-rest-api-specs/blob/fe2ecb8ba063bedd3fab06de547cb4fd2eb99658/specification/compute/resource-manager/Microsoft.Compute/Compute/Compute/VirtualMachine.tsp#L353,microsoft.compute/virtualmachines|/subscriptions/{}/resourcegroups/{}/providers/microsoft.compute/virtualmachines/{},Microsoft.Compute/virtualMachines,/subscriptions/{subscriptionId}/resourceGroups/{resourceGroupName}/providers/Microsoft.Compute/virtualMachines/{vmName},VirtualMachine
post|/subscriptions/{}/resourcegroups/{}/providers/microsoft.compute/virtualmachines/{}/retrievebootdiagnosticsdata,retrieveBootDiagnosticsData,post,/subscriptions/{subscriptionId}/resourceGroups/{resourceGroupName}/providers/Microsoft.Compute/virtualMachines/{vmName}/retrieveBootDiagnosticsData,action,https://github.com/Azure/azure-rest-api-specs/blob/fe2ecb8ba063bedd3fab06de547cb4fd2eb99658/specification/compute/resource-manager/Microsoft.Compute/Compute/Compute/VirtualMachine.tsp#L363,microsoft.compute/virtualmachines|/subscriptions/{}/resourcegroups/{}/providers/microsoft.compute/virtualmachines/{},Microsoft.Compute/virtualMachines,/subscriptions/{subscriptionId}/resourceGroups/{resourceGroupName}/providers/Microsoft.Compute/virtualMachines/{vmName},VirtualMachine
post|/subscriptions/{}/resourcegroups/{}/providers/microsoft.compute/virtualmachines/{}/runcommand,runCommand,post,/subscriptions/{subscriptionId}/resourceGroups/{resourceGroupName}/providers/Microsoft.Compute/virtualMachines/{vmName}/runCommand,action,https://github.com/Azure/azure-rest-api-specs/blob/fe2ecb8ba063bedd3fab06de547cb4fd2eb99658/specification/compute/resource-manager/Microsoft.Compute/Compute/Compute/VirtualMachine.tsp#L411,microsoft.compute/virtualmachines|/subscriptions/{}/resourcegroups/{}/providers/microsoft.compute/virtualmachines/{},Microsoft.Compute/virtualMachines,/subscriptions/{subscriptionId}/resourceGroups/{resourceGroupName}/providers/Microsoft.Compute/virtualMachines/{vmName},VirtualMachine
post|/subscriptions/{}/resourcegroups/{}/providers/microsoft.compute/virtualmachines/{}/simulateeviction,simulateEviction,post,/subscriptions/{subscriptionId}/resourceGroups/{resourceGroupName}/providers/Microsoft.Compute/virtualMachines/{vmName}/simulateEviction,action,https://github.com/Azure/azure-rest-api-specs/blob/fe2ecb8ba063bedd3fab06de547cb4fd2eb99658/specification/compute/resource-manager/Microsoft.Compute/Compute/Compute/VirtualMachine.tsp#L379,microsoft.compute/virtualmachines|/subscriptions/{}/resourcegroups/{}/providers/microsoft.compute/virtualmachines/{},Microsoft.Compute/virtualMachines,/subscriptions/{subscriptionId}/resourceGroups/{resourceGroupName}/providers/Microsoft.Compute/virtualMachines/{vmName},VirtualMachine
post|/subscriptions/{}/resourcegroups/{}/providers/microsoft.compute/virtualmachines/{}/start,start,post,/subscriptions/{subscriptionId}/resourceGroups/{resourceGroupName}/providers/Microsoft.Compute/virtualMachines/{vmName}/start,action,https://github.com/Azure/azure-rest-api-specs/blob/fe2ecb8ba063bedd3fab06de547cb4fd2eb99658/specification/compute/resource-manager/Microsoft.Compute/Compute/Compute/VirtualMachine.tsp#L388,microsoft.compute/virtualmachines|/subscriptions/{}/resourcegroups/{}/providers/microsoft.compute/virtualmachines/{},Microsoft.Compute/virtualMachines,/subscriptions/{subscriptionId}/resourceGroups/{resourceGroupName}/providers/Microsoft.Compute/virtualMachines/{vmName},VirtualMachine
post|/subscriptions/{}/resourcegroups/{}/providers/microsoft.compute/virtualmachinescalesets/{}/approverollingupgrade,approveRollingUpgrade,post,/subscriptions/{subscriptionId}/resourceGroups/{resourceGroupName}/providers/Microsoft.Compute/virtualMachineScaleSets/{vmScaleSetName}/approveRollingUpgrade,action,https://github.com/Azure/azure-rest-api-specs/blob/fe2ecb8ba063bedd3fab06de547cb4fd2eb99658/specification/compute/resource-manager/Microsoft.Compute/Compute/Compute/VirtualMachineScaleSet.tsp#L186,microsoft.compute/virtualmachinescalesets|/subscriptions/{}/resourcegroups/{}/providers/microsoft.compute/virtualmachinescalesets/{},Microsoft.Compute/virtualMachineScaleSets,/subscriptions/{subscriptionId}/resourceGroups/{resourceGroupName}/providers/Microsoft.Compute/virtualMachineScaleSets/{vmScaleSetName},VirtualMachineScaleSet
post|/subscriptions/{}/resourcegroups/{}/providers/microsoft.compute/virtualmachinescalesets/{}/converttosingleplacementgroup,convertToSinglePlacementGroup,post,/subscriptions/{subscriptionId}/resourceGroups/{resourceGroupName}/providers/Microsoft.Compute/virtualMachineScaleSets/{vmScaleSetName}/convertToSinglePlacementGroup,action,https://github.com/Azure/azure-rest-api-specs/blob/fe2ecb8ba063bedd3fab06de547cb4fd2eb99658/specification/compute/resource-manager/Microsoft.Compute/Compute/Compute/VirtualMachineScaleSet.tsp#L197,microsoft.compute/virtualmachinescalesets|/subscriptions/{}/resourcegroups/{}/providers/microsoft.compute/virtualmachinescalesets/{},Microsoft.Compute/virtualMachineScaleSets,/subscriptions/{subscriptionId}/resourceGroups/{resourceGroupName}/providers/Microsoft.Compute/virtualMachineScaleSets/{vmScaleSetName},VirtualMachineScaleSet
post|/subscriptions/{}/resourcegroups/{}/providers/microsoft.compute/virtualmachinescalesets/{}/deallocate,deallocate,post,/subscriptions/{subscriptionId}/resourceGroups/{resourceGroupName}/providers/Microsoft.Compute/virtualMachineScaleSets/{vmScaleSetName}/deallocate,action,https://github.com/Azure/azure-rest-api-specs/blob/fe2ecb8ba063bedd3fab06de547cb4fd2eb99658/specification/compute/resource-manager/Microsoft.Compute/Compute/Compute/VirtualMachineScaleSet.tsp#L207,microsoft.compute/virtualmachinescalesets|/subscriptions/{}/resourcegroups/{}/providers/microsoft.compute/virtualmachinescalesets/{},Microsoft.Compute/virtualMachineScaleSets,/subscriptions/{subscriptionId}/resourceGroups/{resourceGroupName}/providers/Microsoft.Compute/virtualMachineScaleSets/{vmScaleSetName},VirtualMachineScaleSet
post|/subscriptions/{}/resourcegroups/{}/providers/microsoft.compute/virtualmachinescalesets/{}/delete,deleteInstances,post,/subscriptions/{subscriptionId}/resourceGroups/{resourceGroupName}/providers/Microsoft.Compute/virtualMachineScaleSets/{vmScaleSetName}/delete,action,https://github.com/Azure/azure-rest-api-specs/blob/fe2ecb8ba063bedd3fab06de547cb4fd2eb99658/specification/compute/resource-manager/Microsoft.Compute/Compute/Compute/VirtualMachineScaleSet.tsp#L228,microsoft.compute/virtualmachinescalesets|/subscriptions/{}/resourcegroups/{}/providers/microsoft.compute/virtualmachinescalesets/{},Microsoft.Compute/virtualMachineScaleSets,/subscriptions/{subscriptionId}/resourceGroups/{resourceGroupName}/providers/Microsoft.Compute/virtualMachineScaleSets/{vmScaleSetName},VirtualMachineScaleSet
post|/subscriptions/{}/resourcegroups/{}/providers/microsoft.compute/virtualmachinescalesets/{}/extensionrollingupgrade,startExtensionUpgrade,post,/subscriptions/{subscriptionId}/resourceGroups/{resourceGroupName}/providers/Microsoft.Compute/virtualMachineScaleSets/{vmScaleSetName}/extensionRollingUpgrade,action,https://github.com/Azure/azure-rest-api-specs/blob/fe2ecb8ba063bedd3fab06de547cb4fd2eb99658/specification/compute/resource-manager/Microsoft.Compute/Compute/Compute/VirtualMachineScaleSet.tsp#L455,microsoft.compute/virtualmachinescalesets|/subscriptions/{}/resourcegroups/{}/providers/microsoft.compute/virtualmachinescalesets/{},Microsoft.Compute/virtualMachineScaleSets,/subscriptions/{subscriptionId}/resourceGroups/{resourceGroupName}/providers/Microsoft.Compute/virtualMachineScaleSets/{vmScaleSetName},VirtualMachineScaleSet
post|/subscriptions/{}/resourcegroups/{}/providers/microsoft.compute/virtualmachinescalesets/{}/forcerecoveryservicefabricplatformupdatedomainwalk,forceRecoveryServiceFabricPlatformUpdateDomainWalk,post,/subscriptions/{subscriptionId}/resourceGroups/{resourceGroupName}/providers/Microsoft.Compute/virtualMachineScaleSets/{vmScaleSetName}/forceRecoveryServiceFabricPlatformUpdateDomainWalk,action,https://github.com/Azure/azure-rest-api-specs/blob/fe2ecb8ba063bedd3fab06de547cb4fd2eb99658/specification/compute/resource-manager/Microsoft.Compute/Compute/Compute/VirtualMachineScaleSet.tsp#L246,microsoft.compute/virtualmachinescalesets|/subscriptions/{}/resourcegroups/{}/providers/microsoft.compute/virtualmachinescalesets/{},Microsoft.Compute/virtualMachineScaleSets,/subscriptions/{subscriptionId}/resourceGroups/{resourceGroupName}/providers/Microsoft.Compute/virtualMachineScaleSets/{vmScaleSetName},VirtualMachineScaleSet
post|/subscriptions/{}/resourcegroups/{}/providers/microsoft.compute/virtualmachinescalesets/{}/manualupgrade,updateInstances,post,/subscriptions/{subscriptionId}/resourceGroups/{resourceGroupName}/providers/Microsoft.Compute/virtualMachineScaleSets/{vmScaleSetName}/manualupgrade,action,https://github.com/Azure/azure-rest-api-specs/blob/fe2ecb8ba063bedd3fab06de547cb4fd2eb99658/specification/compute/resource-manager/Microsoft.Compute/Compute/Compute/VirtualMachineScaleSet.tsp#L289,microsoft.compute/virtualmachinescalesets|/subscriptions/{}/resourcegroups/{}/providers/microsoft.compute/virtualmachinescalesets/{},Microsoft.Compute/virtualMachineScaleSets,/subscriptions/{subscriptionId}/resourceGroups/{resourceGroupName}/providers/Microsoft.Compute/virtualMachineScaleSets/{vmScaleSetName},VirtualMachineScaleSet
post|/subscriptions/{}/resourcegroups/{}/providers/microsoft.compute/virtualmachinescalesets/{}/migratevmavailabilityzone,migrateVMAvailabilityZone,post,/subscriptions/{subscriptionId}/resourceGroups/{resourceGroupName}/providers/Microsoft.Compute/virtualMachineScaleSets/{vmScaleSetName}/migrateVMAvailabilityZone,action,https://github.com/Azure/azure-rest-api-specs/blob/fe2ecb8ba063bedd3fab06de547cb4fd2eb99658/specification/compute/resource-manager/Microsoft.Compute/Compute/Compute/VirtualMachineScaleSet.tsp#L510,microsoft.compute/virtualmachinescalesets|/subscriptions/{}/resourcegroups/{}/providers/microsoft.compute/virtualmachinescalesets/{},Microsoft.Compute/virtualMachineScaleSets,/subscriptions/{subscriptionId}/resourceGroups/{resourceGroupName}/providers/Microsoft.Compute/virtualMachineScaleSets/{vmScaleSetName},VirtualMachineScaleSet
post|/subscriptions/{}/resourcegroups/{}/providers/microsoft.compute/virtualmachinescalesets/{}/osrollingupgrade,startOSUpgrade,post,/subscriptions/{subscriptionId}/resourceGroups/{resourceGroupName}/providers/Microsoft.Compute/virtualMachineScaleSets/{vmScaleSetName}/osRollingUpgrade,action,https://github.com/Azure/azure-rest-api-specs/blob/fe2ecb8ba063bedd3fab06de547cb4fd2eb99658/specification/compute/resource-manager/Microsoft.Compute/Compute/Compute/VirtualMachineScaleSet.tsp#L469,microsoft.compute/virtualmachinescalesets|/subscriptions/{}/resourcegroups/{}/providers/microsoft.compute/virtualmachinescalesets/{},Microsoft.Compute/virtualMachineScaleSets,/subscriptions/{subscriptionId}/resourceGroups/{resourceGroupName}/providers/Microsoft.Compute/virtualMachineScaleSets/{vmScaleSetName},VirtualMachineScaleSet
post|/subscriptions/{}/resourcegroups/{}/providers/microsoft.compute/virtualmachinescalesets/{}/performmaintenance,performMaintenance,post,/subscriptions/{subscriptionId}/resourceGroups/{resourceGroupName}/providers/Microsoft.Compute/virtualMachineScaleSets/{vmScaleSetName}/performMaintenance,action,https://github.com/Azure/azure-rest-api-specs/blob/fe2ecb8ba063bedd3fab06de547cb4fd2eb99658/specification/compute/resource-manager/Microsoft.Compute/Compute/Compute/VirtualMachineScaleSet.tsp#L316,microsoft.compute/virtualmachinescalesets|/subscriptions/{}/resourcegroups/{}/providers/microsoft.compute/virtualmachinescalesets/{},Microsoft.Compute/virtualMachineScaleSets,/subscriptions/{subscriptionId}/resourceGroups/{resourceGroupName}/providers/Microsoft.Compute/virtualMachineScaleSets/{vmScaleSetName},VirtualMachineScaleSet
post|/subscriptions/{}/resourcegroups/{}/providers/microsoft.compute/virtualmachinescalesets/{}/poweroff,powerOff,post,/subscriptions/{subscriptionId}/resourceGroups/{resourceGroupName}/providers/Microsoft.Compute/virtualMachineScaleSets/{vmScaleSetName}/poweroff,action,https://github.com/Azure/azure-rest-api-specs/blob/fe2ecb8ba063bedd3fab06de547cb4fd2eb99658/specification/compute/resource-manager/Microsoft.Compute/Compute/Compute/VirtualMachineScaleSet.tsp#L330,microsoft.compute/virtualmachinescalesets|/subscriptions/{}/resourcegroups/{}/providers/microsoft.compute/virtualmachinescalesets/{},Microsoft.Compute/virtualMachineScaleSets,/subscriptions/{subscriptionId}/resourceGroups/{resourceGroupName}/providers/Microsoft.Compute/virtualMachineScaleSets/{vmScaleSetName},VirtualMachineScaleSet
post|/subscriptions/{}/resourcegroups/{}/providers/microsoft.compute/virtualmachinescalesets/{}/reapply,reapply,post,/subscriptions/{subscriptionId}/resourceGroups/{resourceGroupName}/providers/Microsoft.Compute/virtualMachineScaleSets/{vmScaleSetName}/reapply,action,https://github.com/Azure/azure-rest-api-specs/blob/fe2ecb8ba063bedd3fab06de547cb4fd2eb99658/specification/compute/resource-manager/Microsoft.Compute/Compute/Compute/VirtualMachineScaleSet.tsp#L350,microsoft.compute/virtualmachinescalesets|/subscriptions/{}/resourcegroups/{}/providers/microsoft.compute/virtualmachinescalesets/{},Microsoft.Compute/virtualMachineScaleSets,/subscriptions/{subscriptionId}/resourceGroups/{resourceGroupName}/providers/Microsoft.Compute/virtualMachineScaleSets/{vmScaleSetName},VirtualMachineScaleSet
post|/subscriptions/{}/resourcegroups/{}/providers/microsoft.compute/virtualmachinescalesets/{}/redeploy,redeploy,post,/subscriptions/{subscriptionId}/resourceGroups/{resourceGroupName}/providers/Microsoft.Compute/virtualMachineScaleSets/{vmScaleSetName}/redeploy,action,https://github.com/Azure/azure-rest-api-specs/blob/fe2ecb8ba063bedd3fab06de547cb4fd2eb99658/specification/compute/resource-manager/Microsoft.Compute/Compute/Compute/VirtualMachineScaleSet.tsp#L361,microsoft.compute/virtualmachinescalesets|/subscriptions/{}/resourcegroups/{}/providers/microsoft.compute/virtualmachinescalesets/{},Microsoft.Compute/virtualMachineScaleSets,/subscriptions/{subscriptionId}/resourceGroups/{resourceGroupName}/providers/Microsoft.Compute/virtualMachineScaleSets/{vmScaleSetName},VirtualMachineScaleSet
post|/subscriptions/{}/resourcegroups/{}/providers/microsoft.compute/virtualmachinescalesets/{}/reimage,reimage,post,/subscriptions/{subscriptionId}/resourceGroups/{resourceGroupName}/providers/Microsoft.Compute/virtualMachineScaleSets/{vmScaleSetName}/reimage,action,https://github.com/Azure/azure-rest-api-specs/blob/fe2ecb8ba063bedd3fab06de547cb4fd2eb99658/specification/compute/resource-manager/Microsoft.Compute/Compute/Compute/VirtualMachineScaleSet.tsp#L374,microsoft.compute/virtualmachinescalesets|/subscriptions/{}/resourcegroups/{}/providers/microsoft.compute/virtualmachinescalesets/{},Microsoft.Compute/virtualMachineScaleSets,/subscriptions/{subscriptionId}/resourceGroups/{resourceGroupName}/providers/Microsoft.Compute/virtualMachineScaleSets/{vmScaleSetName},VirtualMachineScaleSet
post|/subscriptions/{}/resourcegroups/{}/providers/microsoft.compute/virtualmachinescalesets/{}/reimageall,reimageAll,post,/subscriptions/{subscriptionId}/resourceGroups/{resourceGroupName}/providers/Microsoft.Compute/virtualMachineScaleSets/{vmScaleSetName}/reimageall,action,https://github.com/Azure/azure-rest-api-specs/blob/fe2ecb8ba063bedd3fab06de547cb4fd2eb99658/specification/compute/resource-manager/Microsoft.Compute/Compute/Compute/VirtualMachineScaleSet.tsp#L388,microsoft.compute/virtualmachinescalesets|/subscriptions/{}/resourcegroups/{}/providers/microsoft.compute/virtualmachinescalesets/{},Microsoft.Compute/virtualMachineScaleSets,/subscriptions/{subscriptionId}/resourceGroups/{resourceGroupName}/providers/Microsoft.Compute/virtualMachineScaleSets/{vmScaleSetName},VirtualMachineScaleSet
post|/subscriptions/{}/resourcegroups/{}/providers/microsoft.compute/virtualmachinescalesets/{}/restart,restart,post,/subscriptions/{subscriptionId}/resourceGroups/{resourceGroupName}/providers/Microsoft.Compute/virtualMachineScaleSets/{vmScaleSetName}/restart,action,https://github.com/Azure/azure-rest-api-specs/blob/fe2ecb8ba063bedd3fab06de547cb4fd2eb99658/specification/compute/resource-manager/Microsoft.Compute/Compute/Compute/VirtualMachineScaleSet.tsp#L401,microsoft.compute/virtualmachinescalesets|/subscriptions/{}/resourcegroups/{}/providers/microsoft.compute/virtualmachinescalesets/{},Microsoft.Compute/virtualMachineScaleSets,/subscriptions/{subscriptionId}/resourceGroups/{resourceGroupName}/providers/Microsoft.Compute/virtualMachineScaleSets/{vmScaleSetName},VirtualMachineScaleSet
post|/subscriptions/{}/resourcegroups/{}/providers/microsoft.compute/virtualmachinescalesets/{}/rollingupgrades/cancel,cancel,post,/subscriptions/{subscriptionId}/resourceGroups/{resourceGroupName}/providers/Microsoft.Compute/virtualMachineScaleSets/{vmScaleSetName}/rollingUpgrades/cancel,action,https://github.com/Azure/azure-rest-api-specs/blob/fe2ecb8ba063bedd3fab06de547cb4fd2eb99658/specification/compute/resource-manager/Microsoft.Compute/Compute/Compute/VirtualMachineScaleSet.tsp#L483,microsoft.compute/virtualmachinescalesets|/subscriptions/{}/resourcegroups/{}/providers/microsoft.compute/virtualmachinescalesets/{},Microsoft.Compute/virtualMachineScaleSets,/subscriptions/{subscriptionId}/resourceGroups/{resourceGroupName}/providers/Microsoft.Compute/virtualMachineScaleSets/{vmScaleSetName},VirtualMachineScaleSet
post|/subscriptions/{}/resourcegroups/{}/providers/microsoft.compute/virtualmachinescalesets/{}/scaleout,scaleOut,post,/subscriptions/{subscriptionId}/resourceGroups/{resourceGroupName}/providers/Microsoft.Compute/virtualMachineScaleSets/{vmScaleSetName}/scaleOut,action,https://github.com/Azure/azure-rest-api-specs/blob/fe2ecb8ba063bedd3fab06de547cb4fd2eb99658/specification/compute/resource-manager/Microsoft.Compute/Compute/Compute/VirtualMachineScaleSet.tsp#L496,microsoft.compute/virtualmachinescalesets|/subscriptions/{}/resourcegroups/{}/providers/microsoft.compute/virtualmachinescalesets/{},Microsoft.Compute/virtualMachineScaleSets,/subscriptions/{subscriptionId}/resourceGroups/{resourceGroupName}/providers/Microsoft.Compute/virtualMachineScaleSets/{vmScaleSetName},VirtualMachineScaleSet
post|/subscriptions/{}/resourcegroups/{}/providers/microsoft.compute/virtualmachinescalesets/{}/setorchestrationservicestate,setOrchestrationServiceState,post,/subscriptions/{subscriptionId}/resourceGroups/{resourceGroupName}/providers/Microsoft.Compute/virtualMachineScaleSets/{vmScaleSetName}/setOrchestrationServiceState,action,https://github.com/Azure/azure-rest-api-specs/blob/fe2ecb8ba063bedd3fab06de547cb4fd2eb99658/specification/compute/resource-manager/Microsoft.Compute/Compute/Compute/VirtualMachineScaleSet.tsp#L414,microsoft.compute/virtualmachinescalesets|/subscriptions/{}/resourcegroups/{}/providers/microsoft.compute/virtualmachinescalesets/{},Microsoft.Compute/virtualMachineScaleSets,/subscriptions/{subscriptionId}/resourceGroups/{resourceGroupName}/providers/Microsoft.Compute/virtualMachineScaleSets/{vmScaleSetName},VirtualMachineScaleSet
post|/subscriptions/{}/resourcegroups/{}/providers/microsoft.compute/virtualmachinescalesets/{}/start,start,post,/subscriptions/{subscriptionId}/resourceGroups/{resourceGroupName}/providers/Microsoft.Compute/virtualMachineScaleSets/{vmScaleSetName}/start,action,https://github.com/Azure/azure-rest-api-specs/blob/fe2ecb8ba063bedd3fab06de547cb4fd2eb99658/specification/compute/resource-manager/Microsoft.Compute/Compute/Compute/VirtualMachineScaleSet.tsp#L439,microsoft.compute/virtualmachinescalesets|/subscriptions/{}/resourcegroups/{}/providers/microsoft.compute/virtualmachinescalesets/{},Microsoft.Compute/virtualMachineScaleSets,/subscriptions/{subscriptionId}/resourceGroups/{resourceGroupName}/providers/Microsoft.Compute/virtualMachineScaleSets/{vmScaleSetName},VirtualMachineScaleSet
post|/subscriptions/{}/resourcegroups/{}/providers/microsoft.compute/virtualmachinescalesets/{}/virtualmachines/{}/approverollingupgrade,approveRollingUpgrade,post,/subscriptions/{subscriptionId}/resourceGroups/{resourceGroupName}/providers/Microsoft.Compute/virtualMachineScaleSets/{vmScaleSetName}/virtualMachines/{instanceId}/approveRollingUpgrade,action,https://github.com/Azure/azure-rest-api-specs/blob/fe2ecb8ba063bedd3fab06de547cb4fd2eb99658/specification/compute/resource-manager/Microsoft.Compute/Compute/Compute/VirtualMachineScaleSetVM.tsp#L205,microsoft.compute/virtualmachinescalesets/virtualmachines|/subscriptions/{}/resourcegroups/{}/providers/microsoft.compute/virtualmachinescalesets/{}/virtualmachines/{},Microsoft.Compute/virtualMachineScaleSets/virtualMachines,/subscriptions/{subscriptionId}/resourceGroups/{resourceGroupName}/providers/Microsoft.Compute/virtualMachineScaleSets/{vmScaleSetName}/virtualMachines/{instanceId},VirtualMachineScaleSetVM
post|/subscriptions/{}/resourcegroups/{}/providers/microsoft.compute/virtualmachinescalesets/{}/virtualmachines/{}/attachdetachdatadisks,attachDetachDataDisks,post,/subscriptions/{subscriptionId}/resourceGroups/{resourceGroupName}/providers/Microsoft.Compute/virtualMachineScaleSets/{vmScaleSetName}/virtualMachines/{instanceId}/attachDetachDataDisks,action,https://github.com/Azure/azure-rest-api-specs/blob/fe2ecb8ba063bedd3fab06de547cb4fd2eb99658/specification/compute/resource-manager/Microsoft.Compute/Compute/Compute/VirtualMachineScaleSetVM.tsp#L280,microsoft.compute/virtualmachinescalesets/virtualmachines|/subscriptions/{}/resourcegroups/{}/providers/microsoft.compute/virtualmachinescalesets/{}/virtualmachines/{},Microsoft.Compute/virtualMachineScaleSets/virtualMachines,/subscriptions/{subscriptionId}/resourceGroups/{resourceGroupName}/providers/Microsoft.Compute/virtualMachineScaleSets/{vmScaleSetName}/virtualMachines/{instanceId},VirtualMachineScaleSetVM
post|/subscriptions/{}/resourcegroups/{}/providers/microsoft.compute/virtualmachinescalesets/{}/virtualmachines/{}/deallocate,deallocate,post,/subscriptions/{subscriptionId}/resourceGroups/{resourceGroupName}/providers/Microsoft.Compute/virtualMachineScaleSets/{vmScaleSetName}/virtualMachines/{instanceId}/deallocate,action,https://github.com/Azure/azure-rest-api-specs/blob/fe2ecb8ba063bedd3fab06de547cb4fd2eb99658/specification/compute/resource-manager/Microsoft.Compute/Compute/Compute/VirtualMachineScaleSetVM.tsp#L216,microsoft.compute/virtualmachinescalesets/virtualmachines|/subscriptions/{}/resourcegroups/{}/providers/microsoft.compute/virtualmachinescalesets/{}/virtualmachines/{},Microsoft.Compute/virtualMachineScaleSets/virtualMachines,/subscriptions/{subscriptionId}/resourceGroups/{resourceGroupName}/providers/Microsoft.Compute/virtualMachineScaleSets/{vmScaleSetName}/virtualMachines/{instanceId},VirtualMachineScaleSetVM
post|/subscriptions/{}/resourcegroups/{}/providers/microsoft.compute/virtualmachinescalesets/{}/virtualmachines/{}/performmaintenance,performMaintenance,post,/subscriptions/{subscriptionId}/resourceGroups/{resourceGroupName}/providers/Microsoft.Compute/virtualMachineScaleSets/{vmScaleSetName}/virtualMachines/{instanceId}/performMaintenance,action,https://github.com/Azure/azure-rest-api-specs/blob/fe2ecb8ba063bedd3fab06de547cb4fd2eb99658/specification/compute/resource-manager/Microsoft.Compute/Compute/Compute/VirtualMachineScaleSetVM.tsp#L291,microsoft.compute/virtualmachinescalesets/virtualmachines|/subscriptions/{}/resourcegroups/{}/providers/microsoft.compute/virtualmachinescalesets/{}/virtualmachines/{},Microsoft.Compute/virtualMachineScaleSets/virtualMachines,/subscriptions/{subscriptionId}/resourceGroups/{resourceGroupName}/providers/Microsoft.Compute/virtualMachineScaleSets/{vmScaleSetName}/virtualMachines/{instanceId},VirtualMachineScaleSetVM
post|/subscriptions/{}/resourcegroups/{}/providers/microsoft.compute/virtualmachinescalesets/{}/virtualmachines/{}/poweroff,powerOff,post,/subscriptions/{subscriptionId}/resourceGroups/{resourceGroupName}/providers/Microsoft.Compute/virtualMachineScaleSets/{vmScaleSetName}/virtualMachines/{instanceId}/powerOff,action,https://github.com/Azure/azure-rest-api-specs/blob/fe2ecb8ba063bedd3fab06de547cb4fd2eb99658/specification/compute/resource-manager/Microsoft.Compute/Compute/Compute/VirtualMachineScaleSetVM.tsp#L303,microsoft.compute/virtualmachinescalesets/virtualmachines|/subscriptions/{}/resourcegroups/{}/providers/microsoft.compute/virtualmachinescalesets/{}/virtualmachines/{},Microsoft.Compute/virtualMachineScaleSets/virtualMachines,/subscriptions/{subscriptionId}/resourceGroups/{resourceGroupName}/providers/Microsoft.Compute/virtualMachineScaleSets/{vmScaleSetName}/virtualMachines/{instanceId},VirtualMachineScaleSetVM
post|/subscriptions/{}/resourcegroups/{}/providers/microsoft.compute/virtualmachinescalesets/{}/virtualmachines/{}/redeploy,redeploy,post,/subscriptions/{subscriptionId}/resourceGroups/{resourceGroupName}/providers/Microsoft.Compute/virtualMachineScaleSets/{vmScaleSetName}/virtualMachines/{instanceId}/redeploy,action,https://github.com/Azure/azure-rest-api-specs/blob/fe2ecb8ba063bedd3fab06de547cb4fd2eb99658/specification/compute/resource-manager/Microsoft.Compute/Compute/Compute/VirtualMachineScaleSetVM.tsp#L322,microsoft.compute/virtualmachinescalesets/virtualmachines|/subscriptions/{}/resourcegroups/{}/providers/microsoft.compute/virtualmachinescalesets/{}/virtualmachines/{},Microsoft.Compute/virtualMachineScaleSets/virtualMachines,/subscriptions/{subscriptionId}/resourceGroups/{resourceGroupName}/providers/Microsoft.Compute/virtualMachineScaleSets/{vmScaleSetName}/virtualMachines/{instanceId},VirtualMachineScaleSetVM
post|/subscriptions/{}/resourcegroups/{}/providers/microsoft.compute/virtualmachinescalesets/{}/virtualmachines/{}/reimage,reimage,post,/subscriptions/{subscriptionId}/resourceGroups/{resourceGroupName}/providers/Microsoft.Compute/virtualMachineScaleSets/{vmScaleSetName}/virtualMachines/{instanceId}/reimage,action,https://github.com/Azure/azure-rest-api-specs/blob/fe2ecb8ba063bedd3fab06de547cb4fd2eb99658/specification/compute/resource-manager/Microsoft.Compute/Compute/Compute/VirtualMachineScaleSetVM.tsp#L242,microsoft.compute/virtualmachinescalesets/virtualmachines|/subscriptions/{}/resourcegroups/{}/providers/microsoft.compute/virtualmachinescalesets/{}/virtualmachines/{},Microsoft.Compute/virtualMachineScaleSets/virtualMachines,/subscriptions/{subscriptionId}/resourceGroups/{resourceGroupName}/providers/Microsoft.Compute/virtualMachineScaleSets/{vmScaleSetName}/virtualMachines/{instanceId},VirtualMachineScaleSetVM
post|/subscriptions/{}/resourcegroups/{}/providers/microsoft.compute/virtualmachinescalesets/{}/virtualmachines/{}/reimageall,reimageAll,post,/subscriptions/{subscriptionId}/resourceGroups/{resourceGroupName}/providers/Microsoft.Compute/virtualMachineScaleSets/{vmScaleSetName}/virtualMachines/{instanceId}/reimageall,action,https://github.com/Azure/azure-rest-api-specs/blob/fe2ecb8ba063bedd3fab06de547cb4fd2eb99658/specification/compute/resource-manager/Microsoft.Compute/Compute/Compute/VirtualMachineScaleSetVM.tsp#L257,microsoft.compute/virtualmachinescalesets/virtualmachines|/subscriptions/{}/resourcegroups/{}/providers/microsoft.compute/virtualmachinescalesets/{}/virtualmachines/{},Microsoft.Compute/virtualMachineScaleSets/virtualMachines,/subscriptions/{subscriptionId}/resourceGroups/{resourceGroupName}/providers/Microsoft.Compute/virtualMachineScaleSets/{vmScaleSetName}/virtualMachines/{instanceId},VirtualMachineScaleSetVM
post|/subscriptions/{}/resourcegroups/{}/providers/microsoft.compute/virtualmachinescalesets/{}/virtualmachines/{}/restart,restart,post,/subscriptions/{subscriptionId}/resourceGroups/{resourceGroupName}/providers/Microsoft.Compute/virtualMachineScaleSets/{vmScaleSetName}/virtualMachines/{instanceId}/restart,action,https://github.com/Azure/azure-rest-api-specs/blob/fe2ecb8ba063bedd3fab06de547cb4fd2eb99658/specification/compute/resource-manager/Microsoft.Compute/Compute/Compute/VirtualMachineScaleSetVM.tsp#L334,microsoft.compute/virtualmachinescalesets/virtualmachines|/subscriptions/{}/resourcegroups/{}/providers/microsoft.compute/virtualmachinescalesets/{}/virtualmachines/{},Microsoft.Compute/virtualMachineScaleSets/virtualMachines,/subscriptions/{subscriptionId}/resourceGroups/{resourceGroupName}/providers/Microsoft.Compute/virtualMachineScaleSets/{vmScaleSetName}/virtualMachines/{instanceId},VirtualMachineScaleSetVM
post|/subscriptions/{}/resourcegroups/{}/providers/microsoft.compute/virtualmachinescalesets/{}/virtualmachines/{}/retrievebootdiagnosticsdata,retrieveBootDiagnosticsData,post,/subscriptions/{subscriptionId}/resourceGroups/{resourceGroupName}/providers/Microsoft.Compute/virtualMachineScaleSets/{vmScaleSetName}/virtualMachines/{instanceId}/retrieveBootDiagnosticsData,action,https://github.com/Azure/azure-rest-api-specs/blob/fe2ecb8ba063bedd3fab06de547cb4fd2eb99658/specification/compute/resource-manager/Microsoft.Compute/Compute/Compute/VirtualMachineScaleSetVM.tsp#L346,microsoft.compute/virtualmachinescalesets/virtualmachines|/subscriptions/{}/resourcegroups/{}/providers/microsoft.compute/virtualmachinescalesets/{}/virtualmachines/{},Microsoft.Compute/virtualMachineScaleSets/virtualMachines,/subscriptions/{subscriptionId}/resourceGroups/{resourceGroupName}/providers/Microsoft.Compute/virtualMachineScaleSets/{vmScaleSetName}/virtualMachines/{instanceId},VirtualMachineScaleSetVM
post|/subscriptions/{}/resourcegroups/{}/providers/microsoft.compute/virtualmachinescalesets/{}/virtualmachines/{}/runcommand,runCommand,post,/subscriptions/{subscriptionId}/resourceGroups/{resourceGroupName}/providers/Microsoft.Compute/virtualMachineScaleSets/{vmScaleSetName}/virtualMachines/{instanceId}/runCommand,action,https://github.com/Azure/azure-rest-api-specs/blob/fe2ecb8ba063bedd3fab06de547cb4fd2eb99658/specification/compute/resource-manager/Microsoft.Compute/Compute/Compute/VirtualMachineScaleSetVM.tsp#L376,microsoft.compute/virtualmachinescalesets/virtualmachines|/subscriptions/{}/resourcegroups/{}/providers/microsoft.compute/virtualmachinescalesets/{}/virtualmachines/{},Microsoft.Compute/virtualMachineScaleSets/virtualMachines,/subscriptions/{subscriptionId}/resourceGroups/{resourceGroupName}/providers/Microsoft.Compute/virtualMachineScaleSets/{vmScaleSetName}/virtualMachines/{instanceId},VirtualMachineScaleSetVM
post|/subscriptions/{}/resourcegroups/{}/providers/microsoft.compute/virtualmachinescalesets/{}/virtualmachines/{}/simulateeviction,simulateEviction,post,/subscriptions/{subscriptionId}/resourceGroups/{resourceGroupName}/providers/Microsoft.Compute/virtualMachineScaleSets/{vmScaleSetName}/virtualMachines/{instanceId}/simulateEviction,action,https://github.com/Azure/azure-rest-api-specs/blob/fe2ecb8ba063bedd3fab06de547cb4fd2eb99658/specification/compute/resource-manager/Microsoft.Compute/Compute/Compute/VirtualMachineScaleSetVM.tsp#L269,microsoft.compute/virtualmachinescalesets/virtualmachines|/subscriptions/{}/resourcegroups/{}/providers/microsoft.compute/virtualmachinescalesets/{}/virtualmachines/{},Microsoft.Compute/virtualMachineScaleSets/virtualMachines,/subscriptions/{subscriptionId}/resourceGroups/{resourceGroupName}/providers/Microsoft.Compute/virtualMachineScaleSets/{vmScaleSetName}/virtualMachines/{instanceId},VirtualMachineScaleSetVM
post|/subscriptions/{}/resourcegroups/{}/providers/microsoft.compute/virtualmachinescalesets/{}/virtualmachines/{}/start,start,post,/subscriptions/{subscriptionId}/resourceGroups/{resourceGroupName}/providers/Microsoft.Compute/virtualMachineScaleSets/{vmScaleSetName}/virtualMachines/{instanceId}/start,action,https://github.com/Azure/azure-rest-api-specs/blob/fe2ecb8ba063bedd3fab06de547cb4fd2eb99658/specification/compute/resource-manager/Microsoft.Compute/Compute/Compute/VirtualMachineScaleSetVM.tsp#L364,microsoft.compute/virtualmachinescalesets/virtualmachines|/subscriptions/{}/resourcegroups/{}/providers/microsoft.compute/virtualmachinescalesets/{}/virtualmachines/{},Microsoft.Compute/virtualMachineScaleSets/virtualMachines,/subscriptions/{subscriptionId}/resourceGroups/{resourceGroupName}/providers/Microsoft.Compute/virtualMachineScaleSets/{vmScaleSetName}/virtualMachines/{instanceId},VirtualMachineScaleSetVM
put|/subscriptions/{}/resourcegroups/{}/providers/microsoft.compute/availabilitysets/{},createOrUpdate,put,/subscriptions/{subscriptionId}/resourceGroups/{resourceGroupName}/providers/Microsoft.Compute/availabilitySets/{availabilitySetName},createOrUpdate,https://github.com/Azure/azure-rest-api-specs/blob/fe2ecb8ba063bedd3fab06de547cb4fd2eb99658/specification/compute/resource-manager/Microsoft.Compute/Compute/Compute/AvailabilitySet.tsp#L44,microsoft.compute/availabilitysets|/subscriptions/{}/resourcegroups/{}/providers/microsoft.compute/availabilitysets/{},Microsoft.Compute/availabilitySets,/subscriptions/{subscriptionId}/resourceGroups/{resourceGroupName}/providers/Microsoft.Compute/availabilitySets/{availabilitySetName},AvailabilitySet
put|/subscriptions/{}/resourcegroups/{}/providers/microsoft.compute/capacityreservationgroups/{}/capacityreservations/{},createOrUpdate,put,/subscriptions/{subscriptionId}/resourceGroups/{resourceGroupName}/providers/Microsoft.Compute/capacityReservationGroups/{capacityReservationGroupName}/capacityReservations/{capacityReservationName},createOrUpdate,https://github.com/Azure/azure-rest-api-specs/blob/fe2ecb8ba063bedd3fab06de547cb4fd2eb99658/specification/compute/resource-manager/Microsoft.Compute/Compute/Compute/CapacityReservation.tsp#L58,microsoft.compute/capacityreservationgroups/capacityreservations|/subscriptions/{}/resourcegroups/{}/providers/microsoft.compute/capacityreservationgroups/{}/capacityreservations/{},Microsoft.Compute/capacityReservationGroups/capacityReservations,/subscriptions/{subscriptionId}/resourceGroups/{resourceGroupName}/providers/Microsoft.Compute/capacityReservationGroups/{capacityReservationGroupName}/capacityReservations/{capacityReservationName},CapacityReservation
put|/subscriptions/{}/resourcegroups/{}/providers/microsoft.compute/capacityreservationgroups/{},createOrUpdate,put,/subscriptions/{subscriptionId}/resourceGroups/{resourceGroupName}/providers/Microsoft.Compute/capacityReservationGroups/{capacityReservationGroupName},createOrUpdate,https://github.com/Azure/azure-rest-api-specs/blob/fe2ecb8ba063bedd3fab06de547cb4fd2eb99658/specification/compute/resource-manager/Microsoft.Compute/Compute/Compute/CapacityReservationGroup.tsp#L47,microsoft.compute/capacityreservationgroups|/subscriptions/{}/resourcegroups/{}/providers/microsoft.compute/capacityreservationgroups/{},Microsoft.Compute/capacityReservationGroups,/subscriptions/{subscriptionId}/resourceGroups/{resourceGroupName}/providers/Microsoft.Compute/capacityReservationGroups/{capacityReservationGroupName},CapacityReservationGroup
put|/subscriptions/{}/resourcegroups/{}/providers/microsoft.compute/hostgroups/{}/hosts/{},createOrUpdate,put,/subscriptions/{subscriptionId}/resourceGroups/{resourceGroupName}/providers/Microsoft.Compute/hostGroups/{hostGroupName}/hosts/{hostName},createOrUpdate,https://github.com/Azure/azure-rest-api-specs/blob/fe2ecb8ba063bedd3fab06de547cb4fd2eb99658/specification/compute/resource-manager/Microsoft.Compute/Compute/Compute/DedicatedHost.tsp#L56,microsoft.compute/hostgroups/hosts|/subscriptions/{}/resourcegroups/{}/providers/microsoft.compute/hostgroups/{}/hosts/{},Microsoft.Compute/hostGroups/hosts,/subscriptions/{subscriptionId}/resourceGroups/{resourceGroupName}/providers/Microsoft.Compute/hostGroups/{hostGroupName}/hosts/{hostName},DedicatedHost
put|/subscriptions/{}/resourcegroups/{}/providers/microsoft.compute/hostgroups/{},createOrUpdate,put,/subscriptions/{subscriptionId}/resourceGroups/{resourceGroupName}/providers/Microsoft.Compute/hostGroups/{hostGroupName},createOrUpdate,https://github.com/Azure/azure-rest-api-specs/blob/fe2ecb8ba063bedd3fab06de547cb4fd2eb99658/specification/compute/resource-manager/Microsoft.Compute/Compute/Compute/DedicatedHostGroup.tsp#L47,microsoft.compute/hostgroups|/subscriptions/{}/resourcegroups/{}/providers/microsoft.compute/hostgroups/{},Microsoft.Compute/hostGroups,/subscriptions/{subscriptionId}/resourceGroups/{resourceGroupName}/providers/Microsoft.Compute/hostGroups/{hostGroupName},DedicatedHostGroup
put|/subscriptions/{}/resourcegroups/{}/providers/microsoft.compute/images/{},createOrUpdate,put,/subscriptions/{subscriptionId}/resourceGroups/{resourceGroupName}/providers/Microsoft.Compute/images/{imageName},createOrUpdate,https://github.com/Azure/azure-rest-api-specs/blob/fe2ecb8ba063bedd3fab06de547cb4fd2eb99658/specification/compute/resource-manager/Microsoft.Compute/Compute/Compute/Image.tsp#L51,microsoft.compute/images|/subscriptions/{}/resourcegroups/{}/providers/microsoft.compute/images/{},Microsoft.Compute/images,/subscriptions/{subscriptionId}/resourceGroups/{resourceGroupName}/providers/Microsoft.Compute/images/{imageName},Image
put|/subscriptions/{}/resourcegroups/{}/providers/microsoft.compute/interconnectblocks/{},createOrUpdate,put,/subscriptions/{subscriptionId}/resourceGroups/{resourceGroupName}/providers/Microsoft.Compute/interconnectBlocks/{interconnectBlockName},createOrUpdate,https://github.com/Azure/azure-rest-api-specs/blob/fe2ecb8ba063bedd3fab06de547cb4fd2eb99658/specification/compute/resource-manager/Microsoft.Compute/Compute/Compute/InterconnectBlock.tsp#L62,microsoft.compute/interconnectblocks|/subscriptions/{}/resourcegroups/{}/providers/microsoft.compute/interconnectblocks/{},Microsoft.Compute/interconnectBlocks,/subscriptions/{subscriptionId}/resourceGroups/{resourceGroupName}/providers/Microsoft.Compute/interconnectBlocks/{interconnectBlockName},InterconnectBlock
put|/subscriptions/{}/resourcegroups/{}/providers/microsoft.compute/proximityplacementgroups/{},createOrUpdate,put,/subscriptions/{subscriptionId}/resourceGroups/{resourceGroupName}/providers/Microsoft.Compute/proximityPlacementGroups/{proximityPlacementGroupName},createOrUpdate,https://github.com/Azure/azure-rest-api-specs/blob/fe2ecb8ba063bedd3fab06de547cb4fd2eb99658/specification/compute/resource-manager/Microsoft.Compute/Compute/Compute/ProximityPlacementGroup.tsp#L47,microsoft.compute/proximityplacementgroups|/subscriptions/{}/resourcegroups/{}/providers/microsoft.compute/proximityplacementgroups/{},Microsoft.Compute/proximityPlacementGroups,/subscriptions/{subscriptionId}/resourceGroups/{resourceGroupName}/providers/Microsoft.Compute/proximityPlacementGroups/{proximityPlacementGroupName},ProximityPlacementGroup
put|/subscriptions/{}/resourcegroups/{}/providers/microsoft.compute/restorepointcollections/{}/restorepoints/{},create,put,/subscriptions/{subscriptionId}/resourceGroups/{resourceGroupName}/providers/Microsoft.Compute/restorePointCollections/{restorePointCollectionName}/restorePoints/{restorePointName},createOrUpdate,https://github.com/Azure/azure-rest-api-specs/blob/fe2ecb8ba063bedd3fab06de547cb4fd2eb99658/specification/compute/resource-manager/Microsoft.Compute/Compute/Compute/RestorePoint.tsp#L49,microsoft.compute/restorepointcollections/restorepoints|/subscriptions/{}/resourcegroups/{}/providers/microsoft.compute/restorepointcollections/{}/restorepoints/{},Microsoft.Compute/restorePointCollections/restorePoints,/subscriptions/{subscriptionId}/resourceGroups/{resourceGroupName}/providers/Microsoft.Compute/restorePointCollections/{restorePointCollectionName}/restorePoints/{restorePointName},RestorePoint
put|/subscriptions/{}/resourcegroups/{}/providers/microsoft.compute/restorepointcollections/{},createOrUpdate,put,/subscriptions/{subscriptionId}/resourceGroups/{resourceGroupName}/providers/Microsoft.Compute/restorePointCollections/{restorePointCollectionName},createOrUpdate,https://github.com/Azure/azure-rest-api-specs/blob/fe2ecb8ba063bedd3fab06de547cb4fd2eb99658/specification/compute/resource-manager/Microsoft.Compute/Compute/Compute/RestorePointCollection.tsp#L46,microsoft.compute/restorepointcollections|/subscriptions/{}/resourcegroups/{}/providers/microsoft.compute/restorepointcollections/{},Microsoft.Compute/restorePointCollections,/subscriptions/{subscriptionId}/resourceGroups/{resourceGroupName}/providers/Microsoft.Compute/restorePointCollections/{restorePointCollectionName},RestorePointCollection
put|/subscriptions/{}/resourcegroups/{}/providers/microsoft.compute/sshpublickeys/{},create,put,/subscriptions/{subscriptionId}/resourceGroups/{resourceGroupName}/providers/Microsoft.Compute/sshPublicKeys/{sshPublicKeyName},createOrUpdate,https://github.com/Azure/azure-rest-api-specs/blob/fe2ecb8ba063bedd3fab06de547cb4fd2eb99658/specification/compute/resource-manager/Microsoft.Compute/Compute/Compute/SshPublicKeyResource.tsp#L42,microsoft.compute/sshpublickeys|/subscriptions/{}/resourcegroups/{}/providers/microsoft.compute/sshpublickeys/{},Microsoft.Compute/sshPublicKeys,/subscriptions/{subscriptionId}/resourceGroups/{resourceGroupName}/providers/Microsoft.Compute/sshPublicKeys/{sshPublicKeyName},SshPublicKeyResource
put|/subscriptions/{}/resourcegroups/{}/providers/microsoft.compute/virtualmachines/{}/diagnosticruncommands/{},createOrUpdate,put,/subscriptions/{subscriptionId}/resourceGroups/{resourceGroupName}/providers/Microsoft.Compute/virtualMachines/{vmName}/diagnosticRunCommands/{runCommandName},createOrUpdate,https://github.com/Azure/azure-rest-api-specs/blob/fe2ecb8ba063bedd3fab06de547cb4fd2eb99658/specification/compute/resource-manager/Microsoft.Compute/Compute/Compute/VirtualMachineDiagnosticRunCommand.tsp#L69,microsoft.compute/virtualmachines/diagnosticruncommands|/subscriptions/{}/resourcegroups/{}/providers/microsoft.compute/virtualmachines/{}/diagnosticruncommands/{},Microsoft.Compute/virtualMachines/diagnosticRunCommands,/subscriptions/{subscriptionId}/resourceGroups/{resourceGroupName}/providers/Microsoft.Compute/virtualMachines/{vmName}/diagnosticRunCommands/{runCommandName},VirtualMachinesDiagnosticRunCommands
put|/subscriptions/{}/resourcegroups/{}/providers/microsoft.compute/virtualmachines/{}/extensions/{},createOrUpdate,put,/subscriptions/{subscriptionId}/resourceGroups/{resourceGroupName}/providers/Microsoft.Compute/virtualMachines/{vmName}/extensions/{vmExtensionName},createOrUpdate,https://github.com/Azure/azure-rest-api-specs/blob/fe2ecb8ba063bedd3fab06de547cb4fd2eb99658/specification/compute/resource-manager/Microsoft.Compute/Compute/Compute/VirtualMachineExtension.tsp#L73,microsoft.compute/virtualmachines/extensions|/subscriptions/{}/resourcegroups/{}/providers/microsoft.compute/virtualmachines/{}/extensions/{},Microsoft.Compute/virtualMachines/extensions,/subscriptions/{subscriptionId}/resourceGroups/{resourceGroupName}/providers/Microsoft.Compute/virtualMachines/{vmName}/extensions/{vmExtensionName},VirtualMachineExtension
put|/subscriptions/{}/resourcegroups/{}/providers/microsoft.compute/virtualmachines/{}/runcommands/{},createOrUpdate,put,/subscriptions/{subscriptionId}/resourceGroups/{resourceGroupName}/providers/Microsoft.Compute/virtualMachines/{vmName}/runCommands/{runCommandName},createOrUpdate,https://github.com/Azure/azure-rest-api-specs/blob/fe2ecb8ba063bedd3fab06de547cb4fd2eb99658/specification/compute/resource-manager/Microsoft.Compute/Compute/Compute/VirtualMachineRunCommand.tsp#L76,microsoft.compute/virtualmachines/runcommands|/subscriptions/{}/resourcegroups/{}/providers/microsoft.compute/virtualmachines/{}/runcommands/{},Microsoft.Compute/virtualMachines/runCommands,/subscriptions/{subscriptionId}/resourceGroups/{resourceGroupName}/providers/Microsoft.Compute/virtualMachines/{vmName}/runCommands/{runCommandName},VirtualMachinesRunCommands
put|/subscriptions/{}/resourcegroups/{}/providers/microsoft.compute/virtualmachines/{},createOrUpdate,put,/subscriptions/{subscriptionId}/resourceGroups/{resourceGroupName}/providers/Microsoft.Compute/virtualMachines/{vmName},createOrUpdate,https://github.com/Azure/azure-rest-api-specs/blob/fe2ecb8ba063bedd3fab06de547cb4fd2eb99658/specification/compute/resource-manager/Microsoft.Compute/Compute/Compute/VirtualMachine.tsp#L96,microsoft.compute/virtualmachines|/subscriptions/{}/resourcegroups/{}/providers/microsoft.compute/virtualmachines/{},Microsoft.Compute/virtualMachines,/subscriptions/{subscriptionId}/resourceGroups/{resourceGroupName}/providers/Microsoft.Compute/virtualMachines/{vmName},VirtualMachine
put|/subscriptions/{}/resourcegroups/{}/providers/microsoft.compute/virtualmachinescalesets/{}/virtualmachines/{}/diagnosticruncommands/{},createOrUpdate,put,/subscriptions/{subscriptionId}/resourceGroups/{resourceGroupName}/providers/Microsoft.Compute/virtualMachineScaleSets/{vmScaleSetName}/virtualMachines/{instanceId}/diagnosticRunCommands/{runCommandName},createOrUpdate,https://github.com/Azure/azure-rest-api-specs/blob/fe2ecb8ba063bedd3fab06de547cb4fd2eb99658/specification/compute/resource-manager/Microsoft.Compute/Compute/Compute/VirtualMachineDiagnosticRunCommand.tsp#L159,microsoft.compute/virtualmachinescalesets/virtualmachines/diagnosticruncommands|/subscriptions/{}/resourcegroups/{}/providers/microsoft.compute/virtualmachinescalesets/{}/virtualmachines/{}/diagnosticruncommands/{},Microsoft.Compute/virtualMachineScaleSets/virtualMachines/diagnosticRunCommands,/subscriptions/{subscriptionId}/resourceGroups/{resourceGroupName}/providers/Microsoft.Compute/virtualMachineScaleSets/{vmScaleSetName}/virtualMachines/{instanceId}/diagnosticRunCommands/{runCommandName},VirtualMachinesDiagnosticRunCommands
put|/subscriptions/{}/resourcegroups/{}/providers/microsoft.compute/virtualmachinescalesets/{}/virtualmachines/{}/runcommands/{},createOrUpdate,put,/subscriptions/{subscriptionId}/resourceGroups/{resourceGroupName}/providers/Microsoft.Compute/virtualMachineScaleSets/{vmScaleSetName}/virtualMachines/{instanceId}/runCommands/{runCommandName},createOrUpdate,https://github.com/Azure/azure-rest-api-specs/blob/fe2ecb8ba063bedd3fab06de547cb4fd2eb99658/specification/compute/resource-manager/Microsoft.Compute/Compute/Compute/VirtualMachineRunCommand.tsp#L179,microsoft.compute/virtualmachinescalesets/virtualmachines/runcommands|/subscriptions/{}/resourcegroups/{}/providers/microsoft.compute/virtualmachinescalesets/{}/virtualmachines/{}/runcommands/{},Microsoft.Compute/virtualMachineScaleSets/virtualMachines/runCommands,/subscriptions/{subscriptionId}/resourceGroups/{resourceGroupName}/providers/Microsoft.Compute/virtualMachineScaleSets/{vmScaleSetName}/virtualMachines/{instanceId}/runCommands/{runCommandName},VirtualMachinesRunCommands
put|/subscriptions/{}/resourcegroups/{}/providers/microsoft.compute/virtualmachinescalesets/{}/virtualmachines/{},update,put,/subscriptions/{subscriptionId}/resourceGroups/{resourceGroupName}/providers/Microsoft.Compute/virtualMachineScaleSets/{vmScaleSetName}/virtualMachines/{instanceId},createOrUpdate,https://github.com/Azure/azure-rest-api-specs/blob/fe2ecb8ba063bedd3fab06de547cb4fd2eb99658/specification/compute/resource-manager/Microsoft.Compute/Compute/Compute/VirtualMachineScaleSetVM.tsp#L128,microsoft.compute/virtualmachinescalesets/virtualmachines|/subscriptions/{}/resourcegroups/{}/providers/microsoft.compute/virtualmachinescalesets/{}/virtualmachines/{},Microsoft.Compute/virtualMachineScaleSets/virtualMachines,/subscriptions/{subscriptionId}/resourceGroups/{resourceGroupName}/providers/Microsoft.Compute/virtualMachineScaleSets/{vmScaleSetName}/virtualMachines/{instanceId},VirtualMachineScaleSetVM
put|/subscriptions/{}/resourcegroups/{}/providers/microsoft.compute/virtualmachinescalesets/{},createOrUpdate,put,/subscriptions/{subscriptionId}/resourceGroups/{resourceGroupName}/providers/Microsoft.Compute/virtualMachineScaleSets/{vmScaleSetName},createOrUpdate,https://github.com/Azure/azure-rest-api-specs/blob/fe2ecb8ba063bedd3fab06de547cb4fd2eb99658/specification/compute/resource-manager/Microsoft.Compute/Compute/Compute/VirtualMachineScaleSet.tsp#L101,microsoft.compute/virtualmachinescalesets|/subscriptions/{}/resourcegroups/{}/providers/microsoft.compute/virtualmachinescalesets/{},Microsoft.Compute/virtualMachineScaleSets,/subscriptions/{subscriptionId}/resourceGroups/{resourceGroupName}/providers/Microsoft.Compute/virtualMachineScaleSets/{vmScaleSetName},VirtualMachineScaleSet
